run_id,metric_id,metric_label,value,denominator,source_file,source_field,measurable,note
20260928-204444-seed1,m01_motions,council motions tabled,,,analytics.json,analytics.metrics.council.motions,no,UNMEASURABLE: no analytics.json in run dir
20260928-204444-seed1,m02_substantive,council substantive motions,,,analytics.json,analytics.metrics.council.substantive,no,UNMEASURABLE: no analytics.json in run dir
20260928-204444-seed1,m03_votes_cast,negotiation votes held (denominator),,,analytics.json,analytics.metrics.negotiation.votes_cast,no,UNMEASURABLE: no analytics.json in run dir
20260928-204444-seed1,m04_unanimous_votes,negotiation unanimous votes,,,analytics.json,analytics.metrics.negotiation.unanimous_votes,no,UNMEASURABLE: no analytics.json in run dir
20260928-204444-seed1,m05_final_vote_unanimity,unanimous_votes / votes_cast,,,analytics.json,analytics.metrics.negotiation.final_vote_unanimity,no,UNMEASURABLE: no analytics.json in run dir
20260928-204444-seed1,m06_class_INITIAL_CONSENSUS,unanimity class as stored,,,analytics.json,analytics.metrics.negotiation.unanimity_classes.INITIAL_CONSENSUS (as stored),no,UNMEASURABLE: no analytics.json in run dir
20260928-204444-seed1,m07_class_NEGOTIATED_CONVERGENCE,unanimity class as stored,,,analytics.json,analytics.metrics.negotiation.unanimity_classes.NEGOTIATED_CONVERGENCE (as stored),no,UNMEASURABLE: no analytics.json in run dir
20260928-204444-seed1,m08_class_CONDITIONAL_COMPROMISE,unanimity class as stored,,,analytics.json,analytics.metrics.negotiation.unanimity_classes.CONDITIONAL_COMPROMISE (as stored),no,UNMEASURABLE: no analytics.json in run dir
20260928-204444-seed1,m09_class_DUPLICATE_CONSOLIDATION,unanimity class as stored,,,analytics.json,analytics.metrics.negotiation.unanimity_classes.DUPLICATE_CONSOLIDATION (as stored),no,UNMEASURABLE: no analytics.json in run dir
20260928-204444-seed1,m10_class_UNKNOWN,unanimity class as stored,,,analytics.json,analytics.metrics.negotiation.unanimity_classes.UNKNOWN (as stored),no,UNMEASURABLE: no analytics.json in run dir
20260928-204444-seed1,m11_position_changes,negotiation position changes,,,analytics.json,analytics.metrics.negotiation.position_changes,no,UNMEASURABLE: no analytics.json in run dir
20260928-204444-seed1,m12_negotiated_convergence_count,negotiation converged count,,,analytics.json,analytics.metrics.negotiation.negotiated_convergence_count,no,UNMEASURABLE: no analytics.json in run dir
20260928-204444-seed1,m13_minority_positions_maintained,minority votes maintained,,,analytics.json,analytics.metrics.negotiation.minority_positions_maintained,no,UNMEASURABLE: no analytics.json in run dir
20260928-204444-seed1,m14_competing_alternatives,competing alternatives,,,analytics.json,analytics.metrics.negotiation.competing_alternatives,no,UNMEASURABLE: no analytics.json in run dir
20260928-204444-seed1,m15_failed_votes,failed votes,,,analytics.json,analytics.metrics.negotiation.failed_votes,no,UNMEASURABLE: no analytics.json in run dir
20260928-204444-seed1,m16_withdrawn_motions,withdrawn motions,,,analytics.json,analytics.metrics.negotiation.withdrawn_motions,no,UNMEASURABLE: no analytics.json in run dir
20260928-204444-seed1,m17_motions_withdrawn_after_opposition,withdrawn after opposition,,,analytics.json,analytics.metrics.negotiation.motions_withdrawn_after_opposition,no,UNMEASURABLE: no analytics.json in run dir
20260928-204444-seed1,m18_deferred_motions,deferred motions,,,analytics.json,analytics.metrics.negotiation.deferred_motions,no,UNMEASURABLE: no analytics.json in run dir
20260928-204444-seed1,m19_conditional_rate,council conditional vote rate,,,analytics.json,analytics.metrics.council.conditional_rate,no,UNMEASURABLE: no analytics.json in run dir
20260928-204444-seed1,m20_abstention_rate,council abstention rate,,,analytics.json,analytics.metrics.council.abstention_rate,no,UNMEASURABLE: no analytics.json in run dir
20260928-204444-seed1,m21_promises_made,agents promises made,,,analytics.json,analytics.metrics.agents.promises_made,no,UNMEASURABLE: no analytics.json in run dir
20260928-204444-seed1,m22_promises_kept,agents promises kept,,,analytics.json,analytics.metrics.agents.promises_kept,no,UNMEASURABLE: no analytics.json in run dir
20260928-204444-seed1,m23_promises_broken,agents promises broken,,,analytics.json,analytics.metrics.agents.promises_broken,no,UNMEASURABLE: no analytics.json in run dir
20260928-204444-seed1,m24_persuasion_events,agents persuasion events,,,analytics.json,analytics.metrics.agents.persuasion_events,no,UNMEASURABLE: no analytics.json in run dir
20260928-204444-seed1,m25_leaks,agents leaks,,,analytics.json,analytics.metrics.agents.leaks,no,UNMEASURABLE: no analytics.json in run dir
20260928-211931-seed1,m01_motions,council motions tabled,,,analytics.json,analytics.metrics.council.motions,no,UNMEASURABLE: no analytics.json in run dir
20260928-211931-seed1,m02_substantive,council substantive motions,,,analytics.json,analytics.metrics.council.substantive,no,UNMEASURABLE: no analytics.json in run dir
20260928-211931-seed1,m03_votes_cast,negotiation votes held (denominator),,,analytics.json,analytics.metrics.negotiation.votes_cast,no,UNMEASURABLE: no analytics.json in run dir
20260928-211931-seed1,m04_unanimous_votes,negotiation unanimous votes,,,analytics.json,analytics.metrics.negotiation.unanimous_votes,no,UNMEASURABLE: no analytics.json in run dir
20260928-211931-seed1,m05_final_vote_unanimity,unanimous_votes / votes_cast,,,analytics.json,analytics.metrics.negotiation.final_vote_unanimity,no,UNMEASURABLE: no analytics.json in run dir
20260928-211931-seed1,m06_class_INITIAL_CONSENSUS,unanimity class as stored,,,analytics.json,analytics.metrics.negotiation.unanimity_classes.INITIAL_CONSENSUS (as stored),no,UNMEASURABLE: no analytics.json in run dir
20260928-211931-seed1,m07_class_NEGOTIATED_CONVERGENCE,unanimity class as stored,,,analytics.json,analytics.metrics.negotiation.unanimity_classes.NEGOTIATED_CONVERGENCE (as stored),no,UNMEASURABLE: no analytics.json in run dir
20260928-211931-seed1,m08_class_CONDITIONAL_COMPROMISE,unanimity class as stored,,,analytics.json,analytics.metrics.negotiation.unanimity_classes.CONDITIONAL_COMPROMISE (as stored),no,UNMEASURABLE: no analytics.json in run dir
20260928-211931-seed1,m09_class_DUPLICATE_CONSOLIDATION,unanimity class as stored,,,analytics.json,analytics.metrics.negotiation.unanimity_classes.DUPLICATE_CONSOLIDATION (as stored),no,UNMEASURABLE: no analytics.json in run dir
20260928-211931-seed1,m10_class_UNKNOWN,unanimity class as stored,,,analytics.json,analytics.metrics.negotiation.unanimity_classes.UNKNOWN (as stored),no,UNMEASURABLE: no analytics.json in run dir
20260928-211931-seed1,m11_position_changes,negotiation position changes,,,analytics.json,analytics.metrics.negotiation.position_changes,no,UNMEASURABLE: no analytics.json in run dir
20260928-211931-seed1,m12_negotiated_convergence_count,negotiation converged count,,,analytics.json,analytics.metrics.negotiation.negotiated_convergence_count,no,UNMEASURABLE: no analytics.json in run dir
20260928-211931-seed1,m13_minority_positions_maintained,minority votes maintained,,,analytics.json,analytics.metrics.negotiation.minority_positions_maintained,no,UNMEASURABLE: no analytics.json in run dir
20260928-211931-seed1,m14_competing_alternatives,competing alternatives,,,analytics.json,analytics.metrics.negotiation.competing_alternatives,no,UNMEASURABLE: no analytics.json in run dir
20260928-211931-seed1,m15_failed_votes,failed votes,,,analytics.json,analytics.metrics.negotiation.failed_votes,no,UNMEASURABLE: no analytics.json in run dir
20260928-211931-seed1,m16_withdrawn_motions,withdrawn motions,,,analytics.json,analytics.metrics.negotiation.withdrawn_motions,no,UNMEASURABLE: no analytics.json in run dir
20260928-211931-seed1,m17_motions_withdrawn_after_opposition,withdrawn after opposition,,,analytics.json,analytics.metrics.negotiation.motions_withdrawn_after_opposition,no,UNMEASURABLE: no analytics.json in run dir
20260928-211931-seed1,m18_deferred_motions,deferred motions,,,analytics.json,analytics.metrics.negotiation.deferred_motions,no,UNMEASURABLE: no analytics.json in run dir
20260928-211931-seed1,m19_conditional_rate,council conditional vote rate,,,analytics.json,analytics.metrics.council.conditional_rate,no,UNMEASURABLE: no analytics.json in run dir
20260928-211931-seed1,m20_abstention_rate,council abstention rate,,,analytics.json,analytics.metrics.council.abstention_rate,no,UNMEASURABLE: no analytics.json in run dir
20260928-211931-seed1,m21_promises_made,agents promises made,,,analytics.json,analytics.metrics.agents.promises_made,no,UNMEASURABLE: no analytics.json in run dir
20260928-211931-seed1,m22_promises_kept,agents promises kept,,,analytics.json,analytics.metrics.agents.promises_kept,no,UNMEASURABLE: no analytics.json in run dir
20260928-211931-seed1,m23_promises_broken,agents promises broken,,,analytics.json,analytics.metrics.agents.promises_broken,no,UNMEASURABLE: no analytics.json in run dir
20260928-211931-seed1,m24_persuasion_events,agents persuasion events,,,analytics.json,analytics.metrics.agents.persuasion_events,no,UNMEASURABLE: no analytics.json in run dir
20260928-211931-seed1,m25_leaks,agents leaks,,,analytics.json,analytics.metrics.agents.leaks,no,UNMEASURABLE: no analytics.json in run dir
20260928-214456-seed1,m01_motions,council motions tabled,,,analytics.json,analytics.metrics.council.motions,no,UNMEASURABLE: no analytics.json in run dir
20260928-214456-seed1,m02_substantive,council substantive motions,,,analytics.json,analytics.metrics.council.substantive,no,UNMEASURABLE: no analytics.json in run dir
20260928-214456-seed1,m03_votes_cast,negotiation votes held (denominator),,,analytics.json,analytics.metrics.negotiation.votes_cast,no,UNMEASURABLE: no analytics.json in run dir
20260928-214456-seed1,m04_unanimous_votes,negotiation unanimous votes,,,analytics.json,analytics.metrics.negotiation.unanimous_votes,no,UNMEASURABLE: no analytics.json in run dir
20260928-214456-seed1,m05_final_vote_unanimity,unanimous_votes / votes_cast,,,analytics.json,analytics.metrics.negotiation.final_vote_unanimity,no,UNMEASURABLE: no analytics.json in run dir
20260928-214456-seed1,m06_class_INITIAL_CONSENSUS,unanimity class as stored,,,analytics.json,analytics.metrics.negotiation.unanimity_classes.INITIAL_CONSENSUS (as stored),no,UNMEASURABLE: no analytics.json in run dir
20260928-214456-seed1,m07_class_NEGOTIATED_CONVERGENCE,unanimity class as stored,,,analytics.json,analytics.metrics.negotiation.unanimity_classes.NEGOTIATED_CONVERGENCE (as stored),no,UNMEASURABLE: no analytics.json in run dir
20260928-214456-seed1,m08_class_CONDITIONAL_COMPROMISE,unanimity class as stored,,,analytics.json,analytics.metrics.negotiation.unanimity_classes.CONDITIONAL_COMPROMISE (as stored),no,UNMEASURABLE: no analytics.json in run dir
20260928-214456-seed1,m09_class_DUPLICATE_CONSOLIDATION,unanimity class as stored,,,analytics.json,analytics.metrics.negotiation.unanimity_classes.DUPLICATE_CONSOLIDATION (as stored),no,UNMEASURABLE: no analytics.json in run dir
20260928-214456-seed1,m10_class_UNKNOWN,unanimity class as stored,,,analytics.json,analytics.metrics.negotiation.unanimity_classes.UNKNOWN (as stored),no,UNMEASURABLE: no analytics.json in run dir
20260928-214456-seed1,m11_position_changes,negotiation position changes,,,analytics.json,analytics.metrics.negotiation.position_changes,no,UNMEASURABLE: no analytics.json in run dir
20260928-214456-seed1,m12_negotiated_convergence_count,negotiation converged count,,,analytics.json,analytics.metrics.negotiation.negotiated_convergence_count,no,UNMEASURABLE: no analytics.json in run dir
20260928-214456-seed1,m13_minority_positions_maintained,minority votes maintained,,,analytics.json,analytics.metrics.negotiation.minority_positions_maintained,no,UNMEASURABLE: no analytics.json in run dir
20260928-214456-seed1,m14_competing_alternatives,competing alternatives,,,analytics.json,analytics.metrics.negotiation.competing_alternatives,no,UNMEASURABLE: no analytics.json in run dir
20260928-214456-seed1,m15_failed_votes,failed votes,,,analytics.json,analytics.metrics.negotiation.failed_votes,no,UNMEASURABLE: no analytics.json in run dir
20260928-214456-seed1,m16_withdrawn_motions,withdrawn motions,,,analytics.json,analytics.metrics.negotiation.withdrawn_motions,no,UNMEASURABLE: no analytics.json in run dir
20260928-214456-seed1,m17_motions_withdrawn_after_opposition,withdrawn after opposition,,,analytics.json,analytics.metrics.negotiation.motions_withdrawn_after_opposition,no,UNMEASURABLE: no analytics.json in run dir
20260928-214456-seed1,m18_deferred_motions,deferred motions,,,analytics.json,analytics.metrics.negotiation.deferred_motions,no,UNMEASURABLE: no analytics.json in run dir
20260928-214456-seed1,m19_conditional_rate,council conditional vote rate,,,analytics.json,analytics.metrics.council.conditional_rate,no,UNMEASURABLE: no analytics.json in run dir
20260928-214456-seed1,m20_abstention_rate,council abstention rate,,,analytics.json,analytics.metrics.council.abstention_rate,no,UNMEASURABLE: no analytics.json in run dir
20260928-214456-seed1,m21_promises_made,agents promises made,,,analytics.json,analytics.metrics.agents.promises_made,no,UNMEASURABLE: no analytics.json in run dir
20260928-214456-seed1,m22_promises_kept,agents promises kept,,,analytics.json,analytics.metrics.agents.promises_kept,no,UNMEASURABLE: no analytics.json in run dir
20260928-214456-seed1,m23_promises_broken,agents promises broken,,,analytics.json,analytics.metrics.agents.promises_broken,no,UNMEASURABLE: no analytics.json in run dir
20260928-214456-seed1,m24_persuasion_events,agents persuasion events,,,analytics.json,analytics.metrics.agents.persuasion_events,no,UNMEASURABLE: no analytics.json in run dir
20260928-214456-seed1,m25_leaks,agents leaks,,,analytics.json,analytics.metrics.agents.leaks,no,UNMEASURABLE: no analytics.json in run dir
20260929-003845-seed1,m01_motions,council motions tabled,,,analytics.json,analytics.metrics.council.motions,no,UNMEASURABLE: no analytics.json in run dir
20260929-003845-seed1,m02_substantive,council substantive motions,,,analytics.json,analytics.metrics.council.substantive,no,UNMEASURABLE: no analytics.json in run dir
20260929-003845-seed1,m03_votes_cast,negotiation votes held (denominator),,,analytics.json,analytics.metrics.negotiation.votes_cast,no,UNMEASURABLE: no analytics.json in run dir
20260929-003845-seed1,m04_unanimous_votes,negotiation unanimous votes,,,analytics.json,analytics.metrics.negotiation.unanimous_votes,no,UNMEASURABLE: no analytics.json in run dir
20260929-003845-seed1,m05_final_vote_unanimity,unanimous_votes / votes_cast,,,analytics.json,analytics.metrics.negotiation.final_vote_unanimity,no,UNMEASURABLE: no analytics.json in run dir
20260929-003845-seed1,m06_class_INITIAL_CONSENSUS,unanimity class as stored,,,analytics.json,analytics.metrics.negotiation.unanimity_classes.INITIAL_CONSENSUS (as stored),no,UNMEASURABLE: no analytics.json in run dir
20260929-003845-seed1,m07_class_NEGOTIATED_CONVERGENCE,unanimity class as stored,,,analytics.json,analytics.metrics.negotiation.unanimity_classes.NEGOTIATED_CONVERGENCE (as stored),no,UNMEASURABLE: no analytics.json in run dir
20260929-003845-seed1,m08_class_CONDITIONAL_COMPROMISE,unanimity class as stored,,,analytics.json,analytics.metrics.negotiation.unanimity_classes.CONDITIONAL_COMPROMISE (as stored),no,UNMEASURABLE: no analytics.json in run dir
20260929-003845-seed1,m09_class_DUPLICATE_CONSOLIDATION,unanimity class as stored,,,analytics.json,analytics.metrics.negotiation.unanimity_classes.DUPLICATE_CONSOLIDATION (as stored),no,UNMEASURABLE: no analytics.json in run dir
20260929-003845-seed1,m10_class_UNKNOWN,unanimity class as stored,,,analytics.json,analytics.metrics.negotiation.unanimity_classes.UNKNOWN (as stored),no,UNMEASURABLE: no analytics.json in run dir
20260929-003845-seed1,m11_position_changes,negotiation position changes,,,analytics.json,analytics.metrics.negotiation.position_changes,no,UNMEASURABLE: no analytics.json in run dir
20260929-003845-seed1,m12_negotiated_convergence_count,negotiation converged count,,,analytics.json,analytics.metrics.negotiation.negotiated_convergence_count,no,UNMEASURABLE: no analytics.json in run dir
20260929-003845-seed1,m13_minority_positions_maintained,minority votes maintained,,,analytics.json,analytics.metrics.negotiation.minority_positions_maintained,no,UNMEASURABLE: no analytics.json in run dir
20260929-003845-seed1,m14_competing_alternatives,competing alternatives,,,analytics.json,analytics.metrics.negotiation.competing_alternatives,no,UNMEASURABLE: no analytics.json in run dir
20260929-003845-seed1,m15_failed_votes,failed votes,,,analytics.json,analytics.metrics.negotiation.failed_votes,no,UNMEASURABLE: no analytics.json in run dir
20260929-003845-seed1,m16_withdrawn_motions,withdrawn motions,,,analytics.json,analytics.metrics.negotiation.withdrawn_motions,no,UNMEASURABLE: no analytics.json in run dir
20260929-003845-seed1,m17_motions_withdrawn_after_opposition,withdrawn after opposition,,,analytics.json,analytics.metrics.negotiation.motions_withdrawn_after_opposition,no,UNMEASURABLE: no analytics.json in run dir
20260929-003845-seed1,m18_deferred_motions,deferred motions,,,analytics.json,analytics.metrics.negotiation.deferred_motions,no,UNMEASURABLE: no analytics.json in run dir
20260929-003845-seed1,m19_conditional_rate,council conditional vote rate,,,analytics.json,analytics.metrics.council.conditional_rate,no,UNMEASURABLE: no analytics.json in run dir
20260929-003845-seed1,m20_abstention_rate,council abstention rate,,,analytics.json,analytics.metrics.council.abstention_rate,no,UNMEASURABLE: no analytics.json in run dir
20260929-003845-seed1,m21_promises_made,agents promises made,,,analytics.json,analytics.metrics.agents.promises_made,no,UNMEASURABLE: no analytics.json in run dir
20260929-003845-seed1,m22_promises_kept,agents promises kept,,,analytics.json,analytics.metrics.agents.promises_kept,no,UNMEASURABLE: no analytics.json in run dir
20260929-003845-seed1,m23_promises_broken,agents promises broken,,,analytics.json,analytics.metrics.agents.promises_broken,no,UNMEASURABLE: no analytics.json in run dir
20260929-003845-seed1,m24_persuasion_events,agents persuasion events,,,analytics.json,analytics.metrics.agents.persuasion_events,no,UNMEASURABLE: no analytics.json in run dir
20260929-003845-seed1,m25_leaks,agents leaks,,,analytics.json,analytics.metrics.agents.leaks,no,UNMEASURABLE: no analytics.json in run dir
20260929-122441-seed1,m01_motions,council motions tabled,32,,analytics.json,analytics.metrics.council.motions,yes,
20260929-122441-seed1,m02_substantive,council substantive motions,22,,analytics.json,analytics.metrics.council.substantive,yes,
20260929-122441-seed1,m03_votes_cast,negotiation votes held (denominator),,,analytics.json,analytics.metrics.negotiation.votes_cast,no,"UNMEASURABLE: section absent in analytics metrics (older schema: council/agents only, no negotiation)"
20260929-122441-seed1,m04_unanimous_votes,negotiation unanimous votes,,,analytics.json,analytics.metrics.negotiation.unanimous_votes,no,"UNMEASURABLE: section absent in analytics metrics (older schema: council/agents only, no negotiation)"
20260929-122441-seed1,m05_final_vote_unanimity,unanimous_votes / votes_cast,,,analytics.json,analytics.metrics.negotiation.final_vote_unanimity,no,"UNMEASURABLE: section absent in analytics metrics (older schema: council/agents only, no negotiation)"
20260929-122441-seed1,m06_class_INITIAL_CONSENSUS,unanimity class as stored,,,analytics.json,analytics.metrics.negotiation.unanimity_classes.INITIAL_CONSENSUS (as stored),no,"UNMEASURABLE: section absent in analytics metrics (older schema: council/agents only, no negotiation)"
20260929-122441-seed1,m07_class_NEGOTIATED_CONVERGENCE,unanimity class as stored,,,analytics.json,analytics.metrics.negotiation.unanimity_classes.NEGOTIATED_CONVERGENCE (as stored),no,"UNMEASURABLE: section absent in analytics metrics (older schema: council/agents only, no negotiation)"
20260929-122441-seed1,m08_class_CONDITIONAL_COMPROMISE,unanimity class as stored,,,analytics.json,analytics.metrics.negotiation.unanimity_classes.CONDITIONAL_COMPROMISE (as stored),no,"UNMEASURABLE: section absent in analytics metrics (older schema: council/agents only, no negotiation)"
20260929-122441-seed1,m09_class_DUPLICATE_CONSOLIDATION,unanimity class as stored,,,analytics.json,analytics.metrics.negotiation.unanimity_classes.DUPLICATE_CONSOLIDATION (as stored),no,"UNMEASURABLE: section absent in analytics metrics (older schema: council/agents only, no negotiation)"
20260929-122441-seed1,m10_class_UNKNOWN,unanimity class as stored,,,analytics.json,analytics.metrics.negotiation.unanimity_classes.UNKNOWN (as stored),no,"UNMEASURABLE: section absent in analytics metrics (older schema: council/agents only, no negotiation)"
20260929-122441-seed1,m11_position_changes,negotiation position changes,,,analytics.json,analytics.metrics.negotiation.position_changes,no,"UNMEASURABLE: section absent in analytics metrics (older schema: council/agents only, no negotiation)"
20260929-122441-seed1,m12_negotiated_convergence_count,negotiation converged count,,,analytics.json,analytics.metrics.negotiation.negotiated_convergence_count,no,"UNMEASURABLE: section absent in analytics metrics (older schema: council/agents only, no negotiation)"
20260929-122441-seed1,m13_minority_positions_maintained,minority votes maintained,,,analytics.json,analytics.metrics.negotiation.minority_positions_maintained,no,"UNMEASURABLE: section absent in analytics metrics (older schema: council/agents only, no negotiation)"
20260929-122441-seed1,m14_competing_alternatives,competing alternatives,,,analytics.json,analytics.metrics.negotiation.competing_alternatives,no,"UNMEASURABLE: section absent in analytics metrics (older schema: council/agents only, no negotiation)"
20260929-122441-seed1,m15_failed_votes,failed votes,,,analytics.json,analytics.metrics.negotiation.failed_votes,no,"UNMEASURABLE: section absent in analytics metrics (older schema: council/agents only, no negotiation)"
20260929-122441-seed1,m16_withdrawn_motions,withdrawn motions,,,analytics.json,analytics.metrics.negotiation.withdrawn_motions,no,"UNMEASURABLE: section absent in analytics metrics (older schema: council/agents only, no negotiation)"
20260929-122441-seed1,m17_motions_withdrawn_after_opposition,withdrawn after opposition,,,analytics.json,analytics.metrics.negotiation.motions_withdrawn_after_opposition,no,"UNMEASURABLE: section absent in analytics metrics (older schema: council/agents only, no negotiation)"
20260929-122441-seed1,m18_deferred_motions,deferred motions,,,analytics.json,analytics.metrics.negotiation.deferred_motions,no,"UNMEASURABLE: section absent in analytics metrics (older schema: council/agents only, no negotiation)"
20260929-122441-seed1,m19_conditional_rate,council conditional vote rate,0.127,,analytics.json,analytics.metrics.council.conditional_rate,yes,
20260929-122441-seed1,m20_abstention_rate,council abstention rate,0.0,,analytics.json,analytics.metrics.council.abstention_rate,yes,
20260929-122441-seed1,m21_promises_made,agents promises made,58,,analytics.json,analytics.metrics.agents.promises_made,yes,
20260929-122441-seed1,m22_promises_kept,agents promises kept,8,58,analytics.json,analytics.metrics.agents.promises_kept,yes,
20260929-122441-seed1,m23_promises_broken,agents promises broken,0,58,analytics.json,analytics.metrics.agents.promises_broken,yes,
20260929-122441-seed1,m24_persuasion_events,agents persuasion events,11,,analytics.json,analytics.metrics.agents.persuasion_events,yes,
20260929-122441-seed1,m25_leaks,agents leaks,2,,analytics.json,analytics.metrics.agents.leaks,yes,
20260929-165029-seed1,m01_motions,council motions tabled,2,,analytics.json,analytics.metrics.council.motions,yes,
20260929-165029-seed1,m02_substantive,council substantive motions,2,,analytics.json,analytics.metrics.council.substantive,yes,
20260929-165029-seed1,m03_votes_cast,negotiation votes held (denominator),2,,analytics.json,analytics.metrics.negotiation.votes_cast,yes,
20260929-165029-seed1,m04_unanimous_votes,negotiation unanimous votes,2,2,analytics.json,analytics.metrics.negotiation.unanimous_votes,yes,
20260929-165029-seed1,m05_final_vote_unanimity,unanimous_votes / votes_cast,1.0,2,analytics.json,analytics.metrics.negotiation.final_vote_unanimity,yes,
20260929-165029-seed1,m06_class_INITIAL_CONSENSUS,unanimity class as stored,,2,analytics.json,analytics.metrics.negotiation.unanimity_classes.INITIAL_CONSENSUS (as stored),no,"UNMEASURABLE: section absent in analytics metrics (older schema: council/agents only, no negotiation)"
20260929-165029-seed1,m07_class_NEGOTIATED_CONVERGENCE,unanimity class as stored,1,2,analytics.json,analytics.metrics.negotiation.unanimity_classes.NEGOTIATED_CONVERGENCE (as stored),yes,
20260929-165029-seed1,m08_class_CONDITIONAL_COMPROMISE,unanimity class as stored,1,2,analytics.json,analytics.metrics.negotiation.unanimity_classes.CONDITIONAL_COMPROMISE (as stored),yes,
20260929-165029-seed1,m09_class_DUPLICATE_CONSOLIDATION,unanimity class as stored,,2,analytics.json,analytics.metrics.negotiation.unanimity_classes.DUPLICATE_CONSOLIDATION (as stored),no,"UNMEASURABLE: section absent in analytics metrics (older schema: council/agents only, no negotiation)"
20260929-165029-seed1,m10_class_UNKNOWN,unanimity class as stored,,2,analytics.json,analytics.metrics.negotiation.unanimity_classes.UNKNOWN (as stored),no,"UNMEASURABLE: section absent in analytics metrics (older schema: council/agents only, no negotiation)"
20260929-165029-seed1,m11_position_changes,negotiation position changes,1,,analytics.json,analytics.metrics.negotiation.position_changes,yes,
20260929-165029-seed1,m12_negotiated_convergence_count,negotiation converged count,1,,analytics.json,analytics.metrics.negotiation.negotiated_convergence_count,yes,
20260929-165029-seed1,m13_minority_positions_maintained,minority votes maintained,0,,analytics.json,analytics.metrics.negotiation.minority_positions_maintained,yes,
20260929-165029-seed1,m14_competing_alternatives,competing alternatives,0,,analytics.json,analytics.metrics.negotiation.competing_alternatives,yes,
20260929-165029-seed1,m15_failed_votes,failed votes,0,2,analytics.json,analytics.metrics.negotiation.failed_votes,yes,
20260929-165029-seed1,m16_withdrawn_motions,withdrawn motions,0,,analytics.json,analytics.metrics.negotiation.withdrawn_motions,yes,
20260929-165029-seed1,m17_motions_withdrawn_after_opposition,withdrawn after opposition,0,,analytics.json,analytics.metrics.negotiation.motions_withdrawn_after_opposition,yes,
20260929-165029-seed1,m18_deferred_motions,deferred motions,0,,analytics.json,analytics.metrics.negotiation.deferred_motions,yes,
20260929-165029-seed1,m19_conditional_rate,council conditional vote rate,0.2,,analytics.json,analytics.metrics.council.conditional_rate,yes,
20260929-165029-seed1,m20_abstention_rate,council abstention rate,0.2,,analytics.json,analytics.metrics.council.abstention_rate,yes,
20260929-165029-seed1,m21_promises_made,agents promises made,1,,analytics.json,analytics.metrics.agents.promises_made,yes,
20260929-165029-seed1,m22_promises_kept,agents promises kept,1,1,analytics.json,analytics.metrics.agents.promises_kept,yes,
20260929-165029-seed1,m23_promises_broken,agents promises broken,0,1,analytics.json,analytics.metrics.agents.promises_broken,yes,
20260929-165029-seed1,m24_persuasion_events,agents persuasion events,0,,analytics.json,analytics.metrics.agents.persuasion_events,yes,
20260929-165029-seed1,m25_leaks,agents leaks,0,,analytics.json,analytics.metrics.agents.leaks,yes,
20260929-175850-seed1,m01_motions,council motions tabled,51,,analytics.json,analytics.metrics.council.motions,yes,
20260929-175850-seed1,m02_substantive,council substantive motions,43,,analytics.json,analytics.metrics.council.substantive,yes,
20260929-175850-seed1,m03_votes_cast,negotiation votes held (denominator),43,,analytics.json,analytics.metrics.negotiation.votes_cast,yes,
20260929-175850-seed1,m04_unanimous_votes,negotiation unanimous votes,29,43,analytics.json,analytics.metrics.negotiation.unanimous_votes,yes,
20260929-175850-seed1,m05_final_vote_unanimity,unanimous_votes / votes_cast,0.674,43,analytics.json,analytics.metrics.negotiation.final_vote_unanimity,yes,
20260929-175850-seed1,m06_class_INITIAL_CONSENSUS,unanimity class as stored,4,43,analytics.json,analytics.metrics.negotiation.unanimity_classes.INITIAL_CONSENSUS (as stored),yes,
20260929-175850-seed1,m07_class_NEGOTIATED_CONVERGENCE,unanimity class as stored,19,43,analytics.json,analytics.metrics.negotiation.unanimity_classes.NEGOTIATED_CONVERGENCE (as stored),yes,
20260929-175850-seed1,m08_class_CONDITIONAL_COMPROMISE,unanimity class as stored,3,43,analytics.json,analytics.metrics.negotiation.unanimity_classes.CONDITIONAL_COMPROMISE (as stored),yes,
20260929-175850-seed1,m09_class_DUPLICATE_CONSOLIDATION,unanimity class as stored,,43,analytics.json,analytics.metrics.negotiation.unanimity_classes.DUPLICATE_CONSOLIDATION (as stored),no,"UNMEASURABLE: section absent in analytics metrics (older schema: council/agents only, no negotiation)"
20260929-175850-seed1,m10_class_UNKNOWN,unanimity class as stored,3,43,analytics.json,analytics.metrics.negotiation.unanimity_classes.UNKNOWN (as stored),yes,
20260929-175850-seed1,m11_position_changes,negotiation position changes,61,,analytics.json,analytics.metrics.negotiation.position_changes,yes,
20260929-175850-seed1,m12_negotiated_convergence_count,negotiation converged count,19,,analytics.json,analytics.metrics.negotiation.negotiated_convergence_count,yes,
20260929-175850-seed1,m13_minority_positions_maintained,minority votes maintained,19,,analytics.json,analytics.metrics.negotiation.minority_positions_maintained,yes,
20260929-175850-seed1,m14_competing_alternatives,competing alternatives,5,,analytics.json,analytics.metrics.negotiation.competing_alternatives,yes,
20260929-175850-seed1,m15_failed_votes,failed votes,4,43,analytics.json,analytics.metrics.negotiation.failed_votes,yes,
20260929-175850-seed1,m16_withdrawn_motions,withdrawn motions,6,,analytics.json,analytics.metrics.negotiation.withdrawn_motions,yes,
20260929-175850-seed1,m17_motions_withdrawn_after_opposition,withdrawn after opposition,2,,analytics.json,analytics.metrics.negotiation.motions_withdrawn_after_opposition,yes,
20260929-175850-seed1,m18_deferred_motions,deferred motions,15,,analytics.json,analytics.metrics.negotiation.deferred_motions,yes,
20260929-175850-seed1,m19_conditional_rate,council conditional vote rate,0.144,,analytics.json,analytics.metrics.council.conditional_rate,yes,
20260929-175850-seed1,m20_abstention_rate,council abstention rate,0.051,,analytics.json,analytics.metrics.council.abstention_rate,yes,
20260929-175850-seed1,m21_promises_made,agents promises made,82,,analytics.json,analytics.metrics.agents.promises_made,yes,
20260929-175850-seed1,m22_promises_kept,agents promises kept,6,82,analytics.json,analytics.metrics.agents.promises_kept,yes,
20260929-175850-seed1,m23_promises_broken,agents promises broken,7,82,analytics.json,analytics.metrics.agents.promises_broken,yes,
20260929-175850-seed1,m24_persuasion_events,agents persuasion events,16,,analytics.json,analytics.metrics.agents.persuasion_events,yes,
20260929-175850-seed1,m25_leaks,agents leaks,7,,analytics.json,analytics.metrics.agents.leaks,yes,
20260930-072554-seed1,m01_motions,council motions tabled,8,,analytics.json,analytics.metrics.council.motions,yes,
20260930-072554-seed1,m02_substantive,council substantive motions,7,,analytics.json,analytics.metrics.council.substantive,yes,
20260930-072554-seed1,m03_votes_cast,negotiation votes held (denominator),7,,analytics.json,analytics.metrics.negotiation.votes_cast,yes,
20260930-072554-seed1,m04_unanimous_votes,negotiation unanimous votes,3,7,analytics.json,analytics.metrics.negotiation.unanimous_votes,yes,
20260930-072554-seed1,m05_final_vote_unanimity,unanimous_votes / votes_cast,0.429,7,analytics.json,analytics.metrics.negotiation.final_vote_unanimity,yes,
20260930-072554-seed1,m06_class_INITIAL_CONSENSUS,unanimity class as stored,2,7,analytics.json,analytics.metrics.negotiation.unanimity_classes.INITIAL_CONSENSUS (as stored),yes,
20260930-072554-seed1,m07_class_NEGOTIATED_CONVERGENCE,unanimity class as stored,1,7,analytics.json,analytics.metrics.negotiation.unanimity_classes.NEGOTIATED_CONVERGENCE (as stored),yes,
20260930-072554-seed1,m08_class_CONDITIONAL_COMPROMISE,unanimity class as stored,,7,analytics.json,analytics.metrics.negotiation.unanimity_classes.CONDITIONAL_COMPROMISE (as stored),no,"UNMEASURABLE: section absent in analytics metrics (older schema: council/agents only, no negotiation)"
20260930-072554-seed1,m09_class_DUPLICATE_CONSOLIDATION,unanimity class as stored,,7,analytics.json,analytics.metrics.negotiation.unanimity_classes.DUPLICATE_CONSOLIDATION (as stored),no,"UNMEASURABLE: section absent in analytics metrics (older schema: council/agents only, no negotiation)"
20260930-072554-seed1,m10_class_UNKNOWN,unanimity class as stored,,7,analytics.json,analytics.metrics.negotiation.unanimity_classes.UNKNOWN (as stored),no,"UNMEASURABLE: section absent in analytics metrics (older schema: council/agents only, no negotiation)"
20260930-072554-seed1,m11_position_changes,negotiation position changes,13,,analytics.json,analytics.metrics.negotiation.position_changes,yes,
20260930-072554-seed1,m12_negotiated_convergence_count,negotiation converged count,1,,analytics.json,analytics.metrics.negotiation.negotiated_convergence_count,yes,
20260930-072554-seed1,m13_minority_positions_maintained,minority votes maintained,4,,analytics.json,analytics.metrics.negotiation.minority_positions_maintained,yes,
20260930-072554-seed1,m14_competing_alternatives,competing alternatives,2,,analytics.json,analytics.metrics.negotiation.competing_alternatives,yes,
20260930-072554-seed1,m15_failed_votes,failed votes,0,7,analytics.json,analytics.metrics.negotiation.failed_votes,yes,
20260930-072554-seed1,m16_withdrawn_motions,withdrawn motions,1,,analytics.json,analytics.metrics.negotiation.withdrawn_motions,yes,
20260930-072554-seed1,m17_motions_withdrawn_after_opposition,withdrawn after opposition,1,,analytics.json,analytics.metrics.negotiation.motions_withdrawn_after_opposition,yes,
20260930-072554-seed1,m18_deferred_motions,deferred motions,3,,analytics.json,analytics.metrics.negotiation.deferred_motions,yes,
20260930-072554-seed1,m19_conditional_rate,council conditional vote rate,0.029,,analytics.json,analytics.metrics.council.conditional_rate,yes,
20260930-072554-seed1,m20_abstention_rate,council abstention rate,0.2,,analytics.json,analytics.metrics.council.abstention_rate,yes,
20260930-072554-seed1,m21_promises_made,agents promises made,18,,analytics.json,analytics.metrics.agents.promises_made,yes,
20260930-072554-seed1,m22_promises_kept,agents promises kept,0,18,analytics.json,analytics.metrics.agents.promises_kept,yes,
20260930-072554-seed1,m23_promises_broken,agents promises broken,0,18,analytics.json,analytics.metrics.agents.promises_broken,yes,
20260930-072554-seed1,m24_persuasion_events,agents persuasion events,4,,analytics.json,analytics.metrics.agents.persuasion_events,yes,
20260930-072554-seed1,m25_leaks,agents leaks,0,,analytics.json,analytics.metrics.agents.leaks,yes,
20260930-082741-seed1,m01_motions,council motions tabled,,,analytics.json,analytics.metrics.council.motions,no,UNMEASURABLE: no analytics.json in run dir
20260930-082741-seed1,m02_substantive,council substantive motions,,,analytics.json,analytics.metrics.council.substantive,no,UNMEASURABLE: no analytics.json in run dir
20260930-082741-seed1,m03_votes_cast,negotiation votes held (denominator),,,analytics.json,analytics.metrics.negotiation.votes_cast,no,UNMEASURABLE: no analytics.json in run dir
20260930-082741-seed1,m04_unanimous_votes,negotiation unanimous votes,,,analytics.json,analytics.metrics.negotiation.unanimous_votes,no,UNMEASURABLE: no analytics.json in run dir
20260930-082741-seed1,m05_final_vote_unanimity,unanimous_votes / votes_cast,,,analytics.json,analytics.metrics.negotiation.final_vote_unanimity,no,UNMEASURABLE: no analytics.json in run dir
20260930-082741-seed1,m06_class_INITIAL_CONSENSUS,unanimity class as stored,,,analytics.json,analytics.metrics.negotiation.unanimity_classes.INITIAL_CONSENSUS (as stored),no,UNMEASURABLE: no analytics.json in run dir
20260930-082741-seed1,m07_class_NEGOTIATED_CONVERGENCE,unanimity class as stored,,,analytics.json,analytics.metrics.negotiation.unanimity_classes.NEGOTIATED_CONVERGENCE (as stored),no,UNMEASURABLE: no analytics.json in run dir
20260930-082741-seed1,m08_class_CONDITIONAL_COMPROMISE,unanimity class as stored,,,analytics.json,analytics.metrics.negotiation.unanimity_classes.CONDITIONAL_COMPROMISE (as stored),no,UNMEASURABLE: no analytics.json in run dir
20260930-082741-seed1,m09_class_DUPLICATE_CONSOLIDATION,unanimity class as stored,,,analytics.json,analytics.metrics.negotiation.unanimity_classes.DUPLICATE_CONSOLIDATION (as stored),no,UNMEASURABLE: no analytics.json in run dir
20260930-082741-seed1,m10_class_UNKNOWN,unanimity class as stored,,,analytics.json,analytics.metrics.negotiation.unanimity_classes.UNKNOWN (as stored),no,UNMEASURABLE: no analytics.json in run dir
20260930-082741-seed1,m11_position_changes,negotiation position changes,,,analytics.json,analytics.metrics.negotiation.position_changes,no,UNMEASURABLE: no analytics.json in run dir
20260930-082741-seed1,m12_negotiated_convergence_count,negotiation converged count,,,analytics.json,analytics.metrics.negotiation.negotiated_convergence_count,no,UNMEASURABLE: no analytics.json in run dir
20260930-082741-seed1,m13_minority_positions_maintained,minority votes maintained,,,analytics.json,analytics.metrics.negotiation.minority_positions_maintained,no,UNMEASURABLE: no analytics.json in run dir
20260930-082741-seed1,m14_competing_alternatives,competing alternatives,,,analytics.json,analytics.metrics.negotiation.competing_alternatives,no,UNMEASURABLE: no analytics.json in run dir
20260930-082741-seed1,m15_failed_votes,failed votes,,,analytics.json,analytics.metrics.negotiation.failed_votes,no,UNMEASURABLE: no analytics.json in run dir
20260930-082741-seed1,m16_withdrawn_motions,withdrawn motions,,,analytics.json,analytics.metrics.negotiation.withdrawn_motions,no,UNMEASURABLE: no analytics.json in run dir
20260930-082741-seed1,m17_motions_withdrawn_after_opposition,withdrawn after opposition,,,analytics.json,analytics.metrics.negotiation.motions_withdrawn_after_opposition,no,UNMEASURABLE: no analytics.json in run dir
20260930-082741-seed1,m18_deferred_motions,deferred motions,,,analytics.json,analytics.metrics.negotiation.deferred_motions,no,UNMEASURABLE: no analytics.json in run dir
20260930-082741-seed1,m19_conditional_rate,council conditional vote rate,,,analytics.json,analytics.metrics.council.conditional_rate,no,UNMEASURABLE: no analytics.json in run dir
20260930-082741-seed1,m20_abstention_rate,council abstention rate,,,analytics.json,analytics.metrics.council.abstention_rate,no,UNMEASURABLE: no analytics.json in run dir
20260930-082741-seed1,m21_promises_made,agents promises made,,,analytics.json,analytics.metrics.agents.promises_made,no,UNMEASURABLE: no analytics.json in run dir
20260930-082741-seed1,m22_promises_kept,agents promises kept,,,analytics.json,analytics.metrics.agents.promises_kept,no,UNMEASURABLE: no analytics.json in run dir
20260930-082741-seed1,m23_promises_broken,agents promises broken,,,analytics.json,analytics.metrics.agents.promises_broken,no,UNMEASURABLE: no analytics.json in run dir
20260930-082741-seed1,m24_persuasion_events,agents persuasion events,,,analytics.json,analytics.metrics.agents.persuasion_events,no,UNMEASURABLE: no analytics.json in run dir
20260930-082741-seed1,m25_leaks,agents leaks,,,analytics.json,analytics.metrics.agents.leaks,no,UNMEASURABLE: no analytics.json in run dir
20260930-090535-seed1,m01_motions,council motions tabled,22,,analytics.json,analytics.metrics.council.motions,yes,
20260930-090535-seed1,m02_substantive,council substantive motions,20,,analytics.json,analytics.metrics.council.substantive,yes,
20260930-090535-seed1,m03_votes_cast,negotiation votes held (denominator),20,,analytics.json,analytics.metrics.negotiation.votes_cast,yes,
20260930-090535-seed1,m04_unanimous_votes,negotiation unanimous votes,14,20,analytics.json,analytics.metrics.negotiation.unanimous_votes,yes,
20260930-090535-seed1,m05_final_vote_unanimity,unanimous_votes / votes_cast,0.7,20,analytics.json,analytics.metrics.negotiation.final_vote_unanimity,yes,
20260930-090535-seed1,m06_class_INITIAL_CONSENSUS,unanimity class as stored,3,20,analytics.json,analytics.metrics.negotiation.unanimity_classes.INITIAL_CONSENSUS (as stored),yes,
20260930-090535-seed1,m07_class_NEGOTIATED_CONVERGENCE,unanimity class as stored,4,20,analytics.json,analytics.metrics.negotiation.unanimity_classes.NEGOTIATED_CONVERGENCE (as stored),yes,
20260930-090535-seed1,m08_class_CONDITIONAL_COMPROMISE,unanimity class as stored,2,20,analytics.json,analytics.metrics.negotiation.unanimity_classes.CONDITIONAL_COMPROMISE (as stored),yes,
20260930-090535-seed1,m09_class_DUPLICATE_CONSOLIDATION,unanimity class as stored,,20,analytics.json,analytics.metrics.negotiation.unanimity_classes.DUPLICATE_CONSOLIDATION (as stored),no,"UNMEASURABLE: section absent in analytics metrics (older schema: council/agents only, no negotiation)"
20260930-090535-seed1,m10_class_UNKNOWN,unanimity class as stored,5,20,analytics.json,analytics.metrics.negotiation.unanimity_classes.UNKNOWN (as stored),yes,
20260930-090535-seed1,m11_position_changes,negotiation position changes,18,,analytics.json,analytics.metrics.negotiation.position_changes,yes,
20260930-090535-seed1,m12_negotiated_convergence_count,negotiation converged count,4,,analytics.json,analytics.metrics.negotiation.negotiated_convergence_count,yes,
20260930-090535-seed1,m13_minority_positions_maintained,minority votes maintained,6,,analytics.json,analytics.metrics.negotiation.minority_positions_maintained,yes,
20260930-090535-seed1,m14_competing_alternatives,competing alternatives,2,,analytics.json,analytics.metrics.negotiation.competing_alternatives,yes,
20260930-090535-seed1,m15_failed_votes,failed votes,2,20,analytics.json,analytics.metrics.negotiation.failed_votes,yes,
20260930-090535-seed1,m16_withdrawn_motions,withdrawn motions,2,,analytics.json,analytics.metrics.negotiation.withdrawn_motions,yes,
20260930-090535-seed1,m17_motions_withdrawn_after_opposition,withdrawn after opposition,1,,analytics.json,analytics.metrics.negotiation.motions_withdrawn_after_opposition,yes,
20260930-090535-seed1,m18_deferred_motions,deferred motions,12,,analytics.json,analytics.metrics.negotiation.deferred_motions,yes,
20260930-090535-seed1,m19_conditional_rate,council conditional vote rate,0.09,,analytics.json,analytics.metrics.council.conditional_rate,yes,
20260930-090535-seed1,m20_abstention_rate,council abstention rate,0.02,,analytics.json,analytics.metrics.council.abstention_rate,yes,
20260930-090535-seed1,m21_promises_made,agents promises made,38,,analytics.json,analytics.metrics.agents.promises_made,yes,
20260930-090535-seed1,m22_promises_kept,agents promises kept,4,38,analytics.json,analytics.metrics.agents.promises_kept,yes,
20260930-090535-seed1,m23_promises_broken,agents promises broken,2,38,analytics.json,analytics.metrics.agents.promises_broken,yes,
20260930-090535-seed1,m24_persuasion_events,agents persuasion events,5,,analytics.json,analytics.metrics.agents.persuasion_events,yes,
20260930-090535-seed1,m25_leaks,agents leaks,3,,analytics.json,analytics.metrics.agents.leaks,yes,
audit-36-v2-seed1,m01_motions,council motions tabled,,,analytics.json,analytics.metrics.council.motions,no,UNMEASURABLE: no analytics.json in run dir
audit-36-v2-seed1,m02_substantive,council substantive motions,,,analytics.json,analytics.metrics.council.substantive,no,UNMEASURABLE: no analytics.json in run dir
audit-36-v2-seed1,m03_votes_cast,negotiation votes held (denominator),,,analytics.json,analytics.metrics.negotiation.votes_cast,no,UNMEASURABLE: no analytics.json in run dir
audit-36-v2-seed1,m04_unanimous_votes,negotiation unanimous votes,,,analytics.json,analytics.metrics.negotiation.unanimous_votes,no,UNMEASURABLE: no analytics.json in run dir
audit-36-v2-seed1,m05_final_vote_unanimity,unanimous_votes / votes_cast,,,analytics.json,analytics.metrics.negotiation.final_vote_unanimity,no,UNMEASURABLE: no analytics.json in run dir
audit-36-v2-seed1,m06_class_INITIAL_CONSENSUS,unanimity class as stored,,,analytics.json,analytics.metrics.negotiation.unanimity_classes.INITIAL_CONSENSUS (as stored),no,UNMEASURABLE: no analytics.json in run dir
audit-36-v2-seed1,m07_class_NEGOTIATED_CONVERGENCE,unanimity class as stored,,,analytics.json,analytics.metrics.negotiation.unanimity_classes.NEGOTIATED_CONVERGENCE (as stored),no,UNMEASURABLE: no analytics.json in run dir
audit-36-v2-seed1,m08_class_CONDITIONAL_COMPROMISE,unanimity class as stored,,,analytics.json,analytics.metrics.negotiation.unanimity_classes.CONDITIONAL_COMPROMISE (as stored),no,UNMEASURABLE: no analytics.json in run dir
audit-36-v2-seed1,m09_class_DUPLICATE_CONSOLIDATION,unanimity class as stored,,,analytics.json,analytics.metrics.negotiation.unanimity_classes.DUPLICATE_CONSOLIDATION (as stored),no,UNMEASURABLE: no analytics.json in run dir
audit-36-v2-seed1,m10_class_UNKNOWN,unanimity class as stored,,,analytics.json,analytics.metrics.negotiation.unanimity_classes.UNKNOWN (as stored),no,UNMEASURABLE: no analytics.json in run dir
audit-36-v2-seed1,m11_position_changes,negotiation position changes,,,analytics.json,analytics.metrics.negotiation.position_changes,no,UNMEASURABLE: no analytics.json in run dir
audit-36-v2-seed1,m12_negotiated_convergence_count,negotiation converged count,,,analytics.json,analytics.metrics.negotiation.negotiated_convergence_count,no,UNMEASURABLE: no analytics.json in run dir
audit-36-v2-seed1,m13_minority_positions_maintained,minority votes maintained,,,analytics.json,analytics.metrics.negotiation.minority_positions_maintained,no,UNMEASURABLE: no analytics.json in run dir
audit-36-v2-seed1,m14_competing_alternatives,competing alternatives,,,analytics.json,analytics.metrics.negotiation.competing_alternatives,no,UNMEASURABLE: no analytics.json in run dir
audit-36-v2-seed1,m15_failed_votes,failed votes,,,analytics.json,analytics.metrics.negotiation.failed_votes,no,UNMEASURABLE: no analytics.json in run dir
audit-36-v2-seed1,m16_withdrawn_motions,withdrawn motions,,,analytics.json,analytics.metrics.negotiation.withdrawn_motions,no,UNMEASURABLE: no analytics.json in run dir
audit-36-v2-seed1,m17_motions_withdrawn_after_opposition,withdrawn after opposition,,,analytics.json,analytics.metrics.negotiation.motions_withdrawn_after_opposition,no,UNMEASURABLE: no analytics.json in run dir
audit-36-v2-seed1,m18_deferred_motions,deferred motions,,,analytics.json,analytics.metrics.negotiation.deferred_motions,no,UNMEASURABLE: no analytics.json in run dir
audit-36-v2-seed1,m19_conditional_rate,council conditional vote rate,,,analytics.json,analytics.metrics.council.conditional_rate,no,UNMEASURABLE: no analytics.json in run dir
audit-36-v2-seed1,m20_abstention_rate,council abstention rate,,,analytics.json,analytics.metrics.council.abstention_rate,no,UNMEASURABLE: no analytics.json in run dir
audit-36-v2-seed1,m21_promises_made,agents promises made,,,analytics.json,analytics.metrics.agents.promises_made,no,UNMEASURABLE: no analytics.json in run dir
audit-36-v2-seed1,m22_promises_kept,agents promises kept,,,analytics.json,analytics.metrics.agents.promises_kept,no,UNMEASURABLE: no analytics.json in run dir
audit-36-v2-seed1,m23_promises_broken,agents promises broken,,,analytics.json,analytics.metrics.agents.promises_broken,no,UNMEASURABLE: no analytics.json in run dir
audit-36-v2-seed1,m24_persuasion_events,agents persuasion events,,,analytics.json,analytics.metrics.agents.persuasion_events,no,UNMEASURABLE: no analytics.json in run dir
audit-36-v2-seed1,m25_leaks,agents leaks,,,analytics.json,analytics.metrics.agents.leaks,no,UNMEASURABLE: no analytics.json in run dir
audit-36-v2-seed2,m01_motions,council motions tabled,,,analytics.json,analytics.metrics.council.motions,no,UNMEASURABLE: no analytics.json in run dir
audit-36-v2-seed2,m02_substantive,council substantive motions,,,analytics.json,analytics.metrics.council.substantive,no,UNMEASURABLE: no analytics.json in run dir
audit-36-v2-seed2,m03_votes_cast,negotiation votes held (denominator),,,analytics.json,analytics.metrics.negotiation.votes_cast,no,UNMEASURABLE: no analytics.json in run dir
audit-36-v2-seed2,m04_unanimous_votes,negotiation unanimous votes,,,analytics.json,analytics.metrics.negotiation.unanimous_votes,no,UNMEASURABLE: no analytics.json in run dir
audit-36-v2-seed2,m05_final_vote_unanimity,unanimous_votes / votes_cast,,,analytics.json,analytics.metrics.negotiation.final_vote_unanimity,no,UNMEASURABLE: no analytics.json in run dir
audit-36-v2-seed2,m06_class_INITIAL_CONSENSUS,unanimity class as stored,,,analytics.json,analytics.metrics.negotiation.unanimity_classes.INITIAL_CONSENSUS (as stored),no,UNMEASURABLE: no analytics.json in run dir
audit-36-v2-seed2,m07_class_NEGOTIATED_CONVERGENCE,unanimity class as stored,,,analytics.json,analytics.metrics.negotiation.unanimity_classes.NEGOTIATED_CONVERGENCE (as stored),no,UNMEASURABLE: no analytics.json in run dir
audit-36-v2-seed2,m08_class_CONDITIONAL_COMPROMISE,unanimity class as stored,,,analytics.json,analytics.metrics.negotiation.unanimity_classes.CONDITIONAL_COMPROMISE (as stored),no,UNMEASURABLE: no analytics.json in run dir
audit-36-v2-seed2,m09_class_DUPLICATE_CONSOLIDATION,unanimity class as stored,,,analytics.json,analytics.metrics.negotiation.unanimity_classes.DUPLICATE_CONSOLIDATION (as stored),no,UNMEASURABLE: no analytics.json in run dir
audit-36-v2-seed2,m10_class_UNKNOWN,unanimity class as stored,,,analytics.json,analytics.metrics.negotiation.unanimity_classes.UNKNOWN (as stored),no,UNMEASURABLE: no analytics.json in run dir
audit-36-v2-seed2,m11_position_changes,negotiation position changes,,,analytics.json,analytics.metrics.negotiation.position_changes,no,UNMEASURABLE: no analytics.json in run dir
audit-36-v2-seed2,m12_negotiated_convergence_count,negotiation converged count,,,analytics.json,analytics.metrics.negotiation.negotiated_convergence_count,no,UNMEASURABLE: no analytics.json in run dir
audit-36-v2-seed2,m13_minority_positions_maintained,minority votes maintained,,,analytics.json,analytics.metrics.negotiation.minority_positions_maintained,no,UNMEASURABLE: no analytics.json in run dir
audit-36-v2-seed2,m14_competing_alternatives,competing alternatives,,,analytics.json,analytics.metrics.negotiation.competing_alternatives,no,UNMEASURABLE: no analytics.json in run dir
audit-36-v2-seed2,m15_failed_votes,failed votes,,,analytics.json,analytics.metrics.negotiation.failed_votes,no,UNMEASURABLE: no analytics.json in run dir
audit-36-v2-seed2,m16_withdrawn_motions,withdrawn motions,,,analytics.json,analytics.metrics.negotiation.withdrawn_motions,no,UNMEASURABLE: no analytics.json in run dir
audit-36-v2-seed2,m17_motions_withdrawn_after_opposition,withdrawn after opposition,,,analytics.json,analytics.metrics.negotiation.motions_withdrawn_after_opposition,no,UNMEASURABLE: no analytics.json in run dir
audit-36-v2-seed2,m18_deferred_motions,deferred motions,,,analytics.json,analytics.metrics.negotiation.deferred_motions,no,UNMEASURABLE: no analytics.json in run dir
audit-36-v2-seed2,m19_conditional_rate,council conditional vote rate,,,analytics.json,analytics.metrics.council.conditional_rate,no,UNMEASURABLE: no analytics.json in run dir
audit-36-v2-seed2,m20_abstention_rate,council abstention rate,,,analytics.json,analytics.metrics.council.abstention_rate,no,UNMEASURABLE: no analytics.json in run dir
audit-36-v2-seed2,m21_promises_made,agents promises made,,,analytics.json,analytics.metrics.agents.promises_made,no,UNMEASURABLE: no analytics.json in run dir
audit-36-v2-seed2,m22_promises_kept,agents promises kept,,,analytics.json,analytics.metrics.agents.promises_kept,no,UNMEASURABLE: no analytics.json in run dir
audit-36-v2-seed2,m23_promises_broken,agents promises broken,,,analytics.json,analytics.metrics.agents.promises_broken,no,UNMEASURABLE: no analytics.json in run dir
audit-36-v2-seed2,m24_persuasion_events,agents persuasion events,,,analytics.json,analytics.metrics.agents.persuasion_events,no,UNMEASURABLE: no analytics.json in run dir
audit-36-v2-seed2,m25_leaks,agents leaks,,,analytics.json,analytics.metrics.agents.leaks,no,UNMEASURABLE: no analytics.json in run dir
audit-36-v2-seed3,m01_motions,council motions tabled,,,analytics.json,analytics.metrics.council.motions,no,UNMEASURABLE: no analytics.json in run dir
audit-36-v2-seed3,m02_substantive,council substantive motions,,,analytics.json,analytics.metrics.council.substantive,no,UNMEASURABLE: no analytics.json in run dir
audit-36-v2-seed3,m03_votes_cast,negotiation votes held (denominator),,,analytics.json,analytics.metrics.negotiation.votes_cast,no,UNMEASURABLE: no analytics.json in run dir
audit-36-v2-seed3,m04_unanimous_votes,negotiation unanimous votes,,,analytics.json,analytics.metrics.negotiation.unanimous_votes,no,UNMEASURABLE: no analytics.json in run dir
audit-36-v2-seed3,m05_final_vote_unanimity,unanimous_votes / votes_cast,,,analytics.json,analytics.metrics.negotiation.final_vote_unanimity,no,UNMEASURABLE: no analytics.json in run dir
audit-36-v2-seed3,m06_class_INITIAL_CONSENSUS,unanimity class as stored,,,analytics.json,analytics.metrics.negotiation.unanimity_classes.INITIAL_CONSENSUS (as stored),no,UNMEASURABLE: no analytics.json in run dir
audit-36-v2-seed3,m07_class_NEGOTIATED_CONVERGENCE,unanimity class as stored,,,analytics.json,analytics.metrics.negotiation.unanimity_classes.NEGOTIATED_CONVERGENCE (as stored),no,UNMEASURABLE: no analytics.json in run dir
audit-36-v2-seed3,m08_class_CONDITIONAL_COMPROMISE,unanimity class as stored,,,analytics.json,analytics.metrics.negotiation.unanimity_classes.CONDITIONAL_COMPROMISE (as stored),no,UNMEASURABLE: no analytics.json in run dir
audit-36-v2-seed3,m09_class_DUPLICATE_CONSOLIDATION,unanimity class as stored,,,analytics.json,analytics.metrics.negotiation.unanimity_classes.DUPLICATE_CONSOLIDATION (as stored),no,UNMEASURABLE: no analytics.json in run dir
audit-36-v2-seed3,m10_class_UNKNOWN,unanimity class as stored,,,analytics.json,analytics.metrics.negotiation.unanimity_classes.UNKNOWN (as stored),no,UNMEASURABLE: no analytics.json in run dir
audit-36-v2-seed3,m11_position_changes,negotiation position changes,,,analytics.json,analytics.metrics.negotiation.position_changes,no,UNMEASURABLE: no analytics.json in run dir
audit-36-v2-seed3,m12_negotiated_convergence_count,negotiation converged count,,,analytics.json,analytics.metrics.negotiation.negotiated_convergence_count,no,UNMEASURABLE: no analytics.json in run dir
audit-36-v2-seed3,m13_minority_positions_maintained,minority votes maintained,,,analytics.json,analytics.metrics.negotiation.minority_positions_maintained,no,UNMEASURABLE: no analytics.json in run dir
audit-36-v2-seed3,m14_competing_alternatives,competing alternatives,,,analytics.json,analytics.metrics.negotiation.competing_alternatives,no,UNMEASURABLE: no analytics.json in run dir
audit-36-v2-seed3,m15_failed_votes,failed votes,,,analytics.json,analytics.metrics.negotiation.failed_votes,no,UNMEASURABLE: no analytics.json in run dir
audit-36-v2-seed3,m16_withdrawn_motions,withdrawn motions,,,analytics.json,analytics.metrics.negotiation.withdrawn_motions,no,UNMEASURABLE: no analytics.json in run dir
audit-36-v2-seed3,m17_motions_withdrawn_after_opposition,withdrawn after opposition,,,analytics.json,analytics.metrics.negotiation.motions_withdrawn_after_opposition,no,UNMEASURABLE: no analytics.json in run dir
audit-36-v2-seed3,m18_deferred_motions,deferred motions,,,analytics.json,analytics.metrics.negotiation.deferred_motions,no,UNMEASURABLE: no analytics.json in run dir
audit-36-v2-seed3,m19_conditional_rate,council conditional vote rate,,,analytics.json,analytics.metrics.council.conditional_rate,no,UNMEASURABLE: no analytics.json in run dir
audit-36-v2-seed3,m20_abstention_rate,council abstention rate,,,analytics.json,analytics.metrics.council.abstention_rate,no,UNMEASURABLE: no analytics.json in run dir
audit-36-v2-seed3,m21_promises_made,agents promises made,,,analytics.json,analytics.metrics.agents.promises_made,no,UNMEASURABLE: no analytics.json in run dir
audit-36-v2-seed3,m22_promises_kept,agents promises kept,,,analytics.json,analytics.metrics.agents.promises_kept,no,UNMEASURABLE: no analytics.json in run dir
audit-36-v2-seed3,m23_promises_broken,agents promises broken,,,analytics.json,analytics.metrics.agents.promises_broken,no,UNMEASURABLE: no analytics.json in run dir
audit-36-v2-seed3,m24_persuasion_events,agents persuasion events,,,analytics.json,analytics.metrics.agents.persuasion_events,no,UNMEASURABLE: no analytics.json in run dir
audit-36-v2-seed3,m25_leaks,agents leaks,,,analytics.json,analytics.metrics.agents.leaks,no,UNMEASURABLE: no analytics.json in run dir
audit-36-v2-seed4,m01_motions,council motions tabled,,,analytics.json,analytics.metrics.council.motions,no,UNMEASURABLE: no analytics.json in run dir
audit-36-v2-seed4,m02_substantive,council substantive motions,,,analytics.json,analytics.metrics.council.substantive,no,UNMEASURABLE: no analytics.json in run dir
audit-36-v2-seed4,m03_votes_cast,negotiation votes held (denominator),,,analytics.json,analytics.metrics.negotiation.votes_cast,no,UNMEASURABLE: no analytics.json in run dir
audit-36-v2-seed4,m04_unanimous_votes,negotiation unanimous votes,,,analytics.json,analytics.metrics.negotiation.unanimous_votes,no,UNMEASURABLE: no analytics.json in run dir
audit-36-v2-seed4,m05_final_vote_unanimity,unanimous_votes / votes_cast,,,analytics.json,analytics.metrics.negotiation.final_vote_unanimity,no,UNMEASURABLE: no analytics.json in run dir
audit-36-v2-seed4,m06_class_INITIAL_CONSENSUS,unanimity class as stored,,,analytics.json,analytics.metrics.negotiation.unanimity_classes.INITIAL_CONSENSUS (as stored),no,UNMEASURABLE: no analytics.json in run dir
audit-36-v2-seed4,m07_class_NEGOTIATED_CONVERGENCE,unanimity class as stored,,,analytics.json,analytics.metrics.negotiation.unanimity_classes.NEGOTIATED_CONVERGENCE (as stored),no,UNMEASURABLE: no analytics.json in run dir
audit-36-v2-seed4,m08_class_CONDITIONAL_COMPROMISE,unanimity class as stored,,,analytics.json,analytics.metrics.negotiation.unanimity_classes.CONDITIONAL_COMPROMISE (as stored),no,UNMEASURABLE: no analytics.json in run dir
audit-36-v2-seed4,m09_class_DUPLICATE_CONSOLIDATION,unanimity class as stored,,,analytics.json,analytics.metrics.negotiation.unanimity_classes.DUPLICATE_CONSOLIDATION (as stored),no,UNMEASURABLE: no analytics.json in run dir
audit-36-v2-seed4,m10_class_UNKNOWN,unanimity class as stored,,,analytics.json,analytics.metrics.negotiation.unanimity_classes.UNKNOWN (as stored),no,UNMEASURABLE: no analytics.json in run dir
audit-36-v2-seed4,m11_position_changes,negotiation position changes,,,analytics.json,analytics.metrics.negotiation.position_changes,no,UNMEASURABLE: no analytics.json in run dir
audit-36-v2-seed4,m12_negotiated_convergence_count,negotiation converged count,,,analytics.json,analytics.metrics.negotiation.negotiated_convergence_count,no,UNMEASURABLE: no analytics.json in run dir
audit-36-v2-seed4,m13_minority_positions_maintained,minority votes maintained,,,analytics.json,analytics.metrics.negotiation.minority_positions_maintained,no,UNMEASURABLE: no analytics.json in run dir
audit-36-v2-seed4,m14_competing_alternatives,competing alternatives,,,analytics.json,analytics.metrics.negotiation.competing_alternatives,no,UNMEASURABLE: no analytics.json in run dir
audit-36-v2-seed4,m15_failed_votes,failed votes,,,analytics.json,analytics.metrics.negotiation.failed_votes,no,UNMEASURABLE: no analytics.json in run dir
audit-36-v2-seed4,m16_withdrawn_motions,withdrawn motions,,,analytics.json,analytics.metrics.negotiation.withdrawn_motions,no,UNMEASURABLE: no analytics.json in run dir
audit-36-v2-seed4,m17_motions_withdrawn_after_opposition,withdrawn after opposition,,,analytics.json,analytics.metrics.negotiation.motions_withdrawn_after_opposition,no,UNMEASURABLE: no analytics.json in run dir
audit-36-v2-seed4,m18_deferred_motions,deferred motions,,,analytics.json,analytics.metrics.negotiation.deferred_motions,no,UNMEASURABLE: no analytics.json in run dir
audit-36-v2-seed4,m19_conditional_rate,council conditional vote rate,,,analytics.json,analytics.metrics.council.conditional_rate,no,UNMEASURABLE: no analytics.json in run dir
audit-36-v2-seed4,m20_abstention_rate,council abstention rate,,,analytics.json,analytics.metrics.council.abstention_rate,no,UNMEASURABLE: no analytics.json in run dir
audit-36-v2-seed4,m21_promises_made,agents promises made,,,analytics.json,analytics.metrics.agents.promises_made,no,UNMEASURABLE: no analytics.json in run dir
audit-36-v2-seed4,m22_promises_kept,agents promises kept,,,analytics.json,analytics.metrics.agents.promises_kept,no,UNMEASURABLE: no analytics.json in run dir
audit-36-v2-seed4,m23_promises_broken,agents promises broken,,,analytics.json,analytics.metrics.agents.promises_broken,no,UNMEASURABLE: no analytics.json in run dir
audit-36-v2-seed4,m24_persuasion_events,agents persuasion events,,,analytics.json,analytics.metrics.agents.persuasion_events,no,UNMEASURABLE: no analytics.json in run dir
audit-36-v2-seed4,m25_leaks,agents leaks,,,analytics.json,analytics.metrics.agents.leaks,no,UNMEASURABLE: no analytics.json in run dir
audit-36-v2-seed5,m01_motions,council motions tabled,,,analytics.json,analytics.metrics.council.motions,no,UNMEASURABLE: no analytics.json in run dir
audit-36-v2-seed5,m02_substantive,council substantive motions,,,analytics.json,analytics.metrics.council.substantive,no,UNMEASURABLE: no analytics.json in run dir
audit-36-v2-seed5,m03_votes_cast,negotiation votes held (denominator),,,analytics.json,analytics.metrics.negotiation.votes_cast,no,UNMEASURABLE: no analytics.json in run dir
audit-36-v2-seed5,m04_unanimous_votes,negotiation unanimous votes,,,analytics.json,analytics.metrics.negotiation.unanimous_votes,no,UNMEASURABLE: no analytics.json in run dir
audit-36-v2-seed5,m05_final_vote_unanimity,unanimous_votes / votes_cast,,,analytics.json,analytics.metrics.negotiation.final_vote_unanimity,no,UNMEASURABLE: no analytics.json in run dir
audit-36-v2-seed5,m06_class_INITIAL_CONSENSUS,unanimity class as stored,,,analytics.json,analytics.metrics.negotiation.unanimity_classes.INITIAL_CONSENSUS (as stored),no,UNMEASURABLE: no analytics.json in run dir
audit-36-v2-seed5,m07_class_NEGOTIATED_CONVERGENCE,unanimity class as stored,,,analytics.json,analytics.metrics.negotiation.unanimity_classes.NEGOTIATED_CONVERGENCE (as stored),no,UNMEASURABLE: no analytics.json in run dir
audit-36-v2-seed5,m08_class_CONDITIONAL_COMPROMISE,unanimity class as stored,,,analytics.json,analytics.metrics.negotiation.unanimity_classes.CONDITIONAL_COMPROMISE (as stored),no,UNMEASURABLE: no analytics.json in run dir
audit-36-v2-seed5,m09_class_DUPLICATE_CONSOLIDATION,unanimity class as stored,,,analytics.json,analytics.metrics.negotiation.unanimity_classes.DUPLICATE_CONSOLIDATION (as stored),no,UNMEASURABLE: no analytics.json in run dir
audit-36-v2-seed5,m10_class_UNKNOWN,unanimity class as stored,,,analytics.json,analytics.metrics.negotiation.unanimity_classes.UNKNOWN (as stored),no,UNMEASURABLE: no analytics.json in run dir
audit-36-v2-seed5,m11_position_changes,negotiation position changes,,,analytics.json,analytics.metrics.negotiation.position_changes,no,UNMEASURABLE: no analytics.json in run dir
audit-36-v2-seed5,m12_negotiated_convergence_count,negotiation converged count,,,analytics.json,analytics.metrics.negotiation.negotiated_convergence_count,no,UNMEASURABLE: no analytics.json in run dir
audit-36-v2-seed5,m13_minority_positions_maintained,minority votes maintained,,,analytics.json,analytics.metrics.negotiation.minority_positions_maintained,no,UNMEASURABLE: no analytics.json in run dir
audit-36-v2-seed5,m14_competing_alternatives,competing alternatives,,,analytics.json,analytics.metrics.negotiation.competing_alternatives,no,UNMEASURABLE: no analytics.json in run dir
audit-36-v2-seed5,m15_failed_votes,failed votes,,,analytics.json,analytics.metrics.negotiation.failed_votes,no,UNMEASURABLE: no analytics.json in run dir
audit-36-v2-seed5,m16_withdrawn_motions,withdrawn motions,,,analytics.json,analytics.metrics.negotiation.withdrawn_motions,no,UNMEASURABLE: no analytics.json in run dir
audit-36-v2-seed5,m17_motions_withdrawn_after_opposition,withdrawn after opposition,,,analytics.json,analytics.metrics.negotiation.motions_withdrawn_after_opposition,no,UNMEASURABLE: no analytics.json in run dir
audit-36-v2-seed5,m18_deferred_motions,deferred motions,,,analytics.json,analytics.metrics.negotiation.deferred_motions,no,UNMEASURABLE: no analytics.json in run dir
audit-36-v2-seed5,m19_conditional_rate,council conditional vote rate,,,analytics.json,analytics.metrics.council.conditional_rate,no,UNMEASURABLE: no analytics.json in run dir
audit-36-v2-seed5,m20_abstention_rate,council abstention rate,,,analytics.json,analytics.metrics.council.abstention_rate,no,UNMEASURABLE: no analytics.json in run dir
audit-36-v2-seed5,m21_promises_made,agents promises made,,,analytics.json,analytics.metrics.agents.promises_made,no,UNMEASURABLE: no analytics.json in run dir
audit-36-v2-seed5,m22_promises_kept,agents promises kept,,,analytics.json,analytics.metrics.agents.promises_kept,no,UNMEASURABLE: no analytics.json in run dir
audit-36-v2-seed5,m23_promises_broken,agents promises broken,,,analytics.json,analytics.metrics.agents.promises_broken,no,UNMEASURABLE: no analytics.json in run dir
audit-36-v2-seed5,m24_persuasion_events,agents persuasion events,,,analytics.json,analytics.metrics.agents.persuasion_events,no,UNMEASURABLE: no analytics.json in run dir
audit-36-v2-seed5,m25_leaks,agents leaks,,,analytics.json,analytics.metrics.agents.leaks,no,UNMEASURABLE: no analytics.json in run dir
audit-36-v2b-seed10,m01_motions,council motions tabled,,,analytics.json,analytics.metrics.council.motions,no,UNMEASURABLE: no analytics.json in run dir
audit-36-v2b-seed10,m02_substantive,council substantive motions,,,analytics.json,analytics.metrics.council.substantive,no,UNMEASURABLE: no analytics.json in run dir
audit-36-v2b-seed10,m03_votes_cast,negotiation votes held (denominator),,,analytics.json,analytics.metrics.negotiation.votes_cast,no,UNMEASURABLE: no analytics.json in run dir
audit-36-v2b-seed10,m04_unanimous_votes,negotiation unanimous votes,,,analytics.json,analytics.metrics.negotiation.unanimous_votes,no,UNMEASURABLE: no analytics.json in run dir
audit-36-v2b-seed10,m05_final_vote_unanimity,unanimous_votes / votes_cast,,,analytics.json,analytics.metrics.negotiation.final_vote_unanimity,no,UNMEASURABLE: no analytics.json in run dir
audit-36-v2b-seed10,m06_class_INITIAL_CONSENSUS,unanimity class as stored,,,analytics.json,analytics.metrics.negotiation.unanimity_classes.INITIAL_CONSENSUS (as stored),no,UNMEASURABLE: no analytics.json in run dir
audit-36-v2b-seed10,m07_class_NEGOTIATED_CONVERGENCE,unanimity class as stored,,,analytics.json,analytics.metrics.negotiation.unanimity_classes.NEGOTIATED_CONVERGENCE (as stored),no,UNMEASURABLE: no analytics.json in run dir
audit-36-v2b-seed10,m08_class_CONDITIONAL_COMPROMISE,unanimity class as stored,,,analytics.json,analytics.metrics.negotiation.unanimity_classes.CONDITIONAL_COMPROMISE (as stored),no,UNMEASURABLE: no analytics.json in run dir
audit-36-v2b-seed10,m09_class_DUPLICATE_CONSOLIDATION,unanimity class as stored,,,analytics.json,analytics.metrics.negotiation.unanimity_classes.DUPLICATE_CONSOLIDATION (as stored),no,UNMEASURABLE: no analytics.json in run dir
audit-36-v2b-seed10,m10_class_UNKNOWN,unanimity class as stored,,,analytics.json,analytics.metrics.negotiation.unanimity_classes.UNKNOWN (as stored),no,UNMEASURABLE: no analytics.json in run dir
audit-36-v2b-seed10,m11_position_changes,negotiation position changes,,,analytics.json,analytics.metrics.negotiation.position_changes,no,UNMEASURABLE: no analytics.json in run dir
audit-36-v2b-seed10,m12_negotiated_convergence_count,negotiation converged count,,,analytics.json,analytics.metrics.negotiation.negotiated_convergence_count,no,UNMEASURABLE: no analytics.json in run dir
audit-36-v2b-seed10,m13_minority_positions_maintained,minority votes maintained,,,analytics.json,analytics.metrics.negotiation.minority_positions_maintained,no,UNMEASURABLE: no analytics.json in run dir
audit-36-v2b-seed10,m14_competing_alternatives,competing alternatives,,,analytics.json,analytics.metrics.negotiation.competing_alternatives,no,UNMEASURABLE: no analytics.json in run dir
audit-36-v2b-seed10,m15_failed_votes,failed votes,,,analytics.json,analytics.metrics.negotiation.failed_votes,no,UNMEASURABLE: no analytics.json in run dir
audit-36-v2b-seed10,m16_withdrawn_motions,withdrawn motions,,,analytics.json,analytics.metrics.negotiation.withdrawn_motions,no,UNMEASURABLE: no analytics.json in run dir
audit-36-v2b-seed10,m17_motions_withdrawn_after_opposition,withdrawn after opposition,,,analytics.json,analytics.metrics.negotiation.motions_withdrawn_after_opposition,no,UNMEASURABLE: no analytics.json in run dir
audit-36-v2b-seed10,m18_deferred_motions,deferred motions,,,analytics.json,analytics.metrics.negotiation.deferred_motions,no,UNMEASURABLE: no analytics.json in run dir
audit-36-v2b-seed10,m19_conditional_rate,council conditional vote rate,,,analytics.json,analytics.metrics.council.conditional_rate,no,UNMEASURABLE: no analytics.json in run dir
audit-36-v2b-seed10,m20_abstention_rate,council abstention rate,,,analytics.json,analytics.metrics.council.abstention_rate,no,UNMEASURABLE: no analytics.json in run dir
audit-36-v2b-seed10,m21_promises_made,agents promises made,,,analytics.json,analytics.metrics.agents.promises_made,no,UNMEASURABLE: no analytics.json in run dir
audit-36-v2b-seed10,m22_promises_kept,agents promises kept,,,analytics.json,analytics.metrics.agents.promises_kept,no,UNMEASURABLE: no analytics.json in run dir
audit-36-v2b-seed10,m23_promises_broken,agents promises broken,,,analytics.json,analytics.metrics.agents.promises_broken,no,UNMEASURABLE: no analytics.json in run dir
audit-36-v2b-seed10,m24_persuasion_events,agents persuasion events,,,analytics.json,analytics.metrics.agents.persuasion_events,no,UNMEASURABLE: no analytics.json in run dir
audit-36-v2b-seed10,m25_leaks,agents leaks,,,analytics.json,analytics.metrics.agents.leaks,no,UNMEASURABLE: no analytics.json in run dir
audit-36-v2b-seed6,m01_motions,council motions tabled,,,analytics.json,analytics.metrics.council.motions,no,UNMEASURABLE: no analytics.json in run dir
audit-36-v2b-seed6,m02_substantive,council substantive motions,,,analytics.json,analytics.metrics.council.substantive,no,UNMEASURABLE: no analytics.json in run dir
audit-36-v2b-seed6,m03_votes_cast,negotiation votes held (denominator),,,analytics.json,analytics.metrics.negotiation.votes_cast,no,UNMEASURABLE: no analytics.json in run dir
audit-36-v2b-seed6,m04_unanimous_votes,negotiation unanimous votes,,,analytics.json,analytics.metrics.negotiation.unanimous_votes,no,UNMEASURABLE: no analytics.json in run dir
audit-36-v2b-seed6,m05_final_vote_unanimity,unanimous_votes / votes_cast,,,analytics.json,analytics.metrics.negotiation.final_vote_unanimity,no,UNMEASURABLE: no analytics.json in run dir
audit-36-v2b-seed6,m06_class_INITIAL_CONSENSUS,unanimity class as stored,,,analytics.json,analytics.metrics.negotiation.unanimity_classes.INITIAL_CONSENSUS (as stored),no,UNMEASURABLE: no analytics.json in run dir
audit-36-v2b-seed6,m07_class_NEGOTIATED_CONVERGENCE,unanimity class as stored,,,analytics.json,analytics.metrics.negotiation.unanimity_classes.NEGOTIATED_CONVERGENCE (as stored),no,UNMEASURABLE: no analytics.json in run dir
audit-36-v2b-seed6,m08_class_CONDITIONAL_COMPROMISE,unanimity class as stored,,,analytics.json,analytics.metrics.negotiation.unanimity_classes.CONDITIONAL_COMPROMISE (as stored),no,UNMEASURABLE: no analytics.json in run dir
audit-36-v2b-seed6,m09_class_DUPLICATE_CONSOLIDATION,unanimity class as stored,,,analytics.json,analytics.metrics.negotiation.unanimity_classes.DUPLICATE_CONSOLIDATION (as stored),no,UNMEASURABLE: no analytics.json in run dir
audit-36-v2b-seed6,m10_class_UNKNOWN,unanimity class as stored,,,analytics.json,analytics.metrics.negotiation.unanimity_classes.UNKNOWN (as stored),no,UNMEASURABLE: no analytics.json in run dir
audit-36-v2b-seed6,m11_position_changes,negotiation position changes,,,analytics.json,analytics.metrics.negotiation.position_changes,no,UNMEASURABLE: no analytics.json in run dir
audit-36-v2b-seed6,m12_negotiated_convergence_count,negotiation converged count,,,analytics.json,analytics.metrics.negotiation.negotiated_convergence_count,no,UNMEASURABLE: no analytics.json in run dir
audit-36-v2b-seed6,m13_minority_positions_maintained,minority votes maintained,,,analytics.json,analytics.metrics.negotiation.minority_positions_maintained,no,UNMEASURABLE: no analytics.json in run dir
audit-36-v2b-seed6,m14_competing_alternatives,competing alternatives,,,analytics.json,analytics.metrics.negotiation.competing_alternatives,no,UNMEASURABLE: no analytics.json in run dir
audit-36-v2b-seed6,m15_failed_votes,failed votes,,,analytics.json,analytics.metrics.negotiation.failed_votes,no,UNMEASURABLE: no analytics.json in run dir
audit-36-v2b-seed6,m16_withdrawn_motions,withdrawn motions,,,analytics.json,analytics.metrics.negotiation.withdrawn_motions,no,UNMEASURABLE: no analytics.json in run dir
audit-36-v2b-seed6,m17_motions_withdrawn_after_opposition,withdrawn after opposition,,,analytics.json,analytics.metrics.negotiation.motions_withdrawn_after_opposition,no,UNMEASURABLE: no analytics.json in run dir
audit-36-v2b-seed6,m18_deferred_motions,deferred motions,,,analytics.json,analytics.metrics.negotiation.deferred_motions,no,UNMEASURABLE: no analytics.json in run dir
audit-36-v2b-seed6,m19_conditional_rate,council conditional vote rate,,,analytics.json,analytics.metrics.council.conditional_rate,no,UNMEASURABLE: no analytics.json in run dir
audit-36-v2b-seed6,m20_abstention_rate,council abstention rate,,,analytics.json,analytics.metrics.council.abstention_rate,no,UNMEASURABLE: no analytics.json in run dir
audit-36-v2b-seed6,m21_promises_made,agents promises made,,,analytics.json,analytics.metrics.agents.promises_made,no,UNMEASURABLE: no analytics.json in run dir
audit-36-v2b-seed6,m22_promises_kept,agents promises kept,,,analytics.json,analytics.metrics.agents.promises_kept,no,UNMEASURABLE: no analytics.json in run dir
audit-36-v2b-seed6,m23_promises_broken,agents promises broken,,,analytics.json,analytics.metrics.agents.promises_broken,no,UNMEASURABLE: no analytics.json in run dir
audit-36-v2b-seed6,m24_persuasion_events,agents persuasion events,,,analytics.json,analytics.metrics.agents.persuasion_events,no,UNMEASURABLE: no analytics.json in run dir
audit-36-v2b-seed6,m25_leaks,agents leaks,,,analytics.json,analytics.metrics.agents.leaks,no,UNMEASURABLE: no analytics.json in run dir
audit-36-v2b-seed7,m01_motions,council motions tabled,,,analytics.json,analytics.metrics.council.motions,no,UNMEASURABLE: no analytics.json in run dir
audit-36-v2b-seed7,m02_substantive,council substantive motions,,,analytics.json,analytics.metrics.council.substantive,no,UNMEASURABLE: no analytics.json in run dir
audit-36-v2b-seed7,m03_votes_cast,negotiation votes held (denominator),,,analytics.json,analytics.metrics.negotiation.votes_cast,no,UNMEASURABLE: no analytics.json in run dir
audit-36-v2b-seed7,m04_unanimous_votes,negotiation unanimous votes,,,analytics.json,analytics.metrics.negotiation.unanimous_votes,no,UNMEASURABLE: no analytics.json in run dir
audit-36-v2b-seed7,m05_final_vote_unanimity,unanimous_votes / votes_cast,,,analytics.json,analytics.metrics.negotiation.final_vote_unanimity,no,UNMEASURABLE: no analytics.json in run dir
audit-36-v2b-seed7,m06_class_INITIAL_CONSENSUS,unanimity class as stored,,,analytics.json,analytics.metrics.negotiation.unanimity_classes.INITIAL_CONSENSUS (as stored),no,UNMEASURABLE: no analytics.json in run dir
audit-36-v2b-seed7,m07_class_NEGOTIATED_CONVERGENCE,unanimity class as stored,,,analytics.json,analytics.metrics.negotiation.unanimity_classes.NEGOTIATED_CONVERGENCE (as stored),no,UNMEASURABLE: no analytics.json in run dir
audit-36-v2b-seed7,m08_class_CONDITIONAL_COMPROMISE,unanimity class as stored,,,analytics.json,analytics.metrics.negotiation.unanimity_classes.CONDITIONAL_COMPROMISE (as stored),no,UNMEASURABLE: no analytics.json in run dir
audit-36-v2b-seed7,m09_class_DUPLICATE_CONSOLIDATION,unanimity class as stored,,,analytics.json,analytics.metrics.negotiation.unanimity_classes.DUPLICATE_CONSOLIDATION (as stored),no,UNMEASURABLE: no analytics.json in run dir
audit-36-v2b-seed7,m10_class_UNKNOWN,unanimity class as stored,,,analytics.json,analytics.metrics.negotiation.unanimity_classes.UNKNOWN (as stored),no,UNMEASURABLE: no analytics.json in run dir
audit-36-v2b-seed7,m11_position_changes,negotiation position changes,,,analytics.json,analytics.metrics.negotiation.position_changes,no,UNMEASURABLE: no analytics.json in run dir
audit-36-v2b-seed7,m12_negotiated_convergence_count,negotiation converged count,,,analytics.json,analytics.metrics.negotiation.negotiated_convergence_count,no,UNMEASURABLE: no analytics.json in run dir
audit-36-v2b-seed7,m13_minority_positions_maintained,minority votes maintained,,,analytics.json,analytics.metrics.negotiation.minority_positions_maintained,no,UNMEASURABLE: no analytics.json in run dir
audit-36-v2b-seed7,m14_competing_alternatives,competing alternatives,,,analytics.json,analytics.metrics.negotiation.competing_alternatives,no,UNMEASURABLE: no analytics.json in run dir
audit-36-v2b-seed7,m15_failed_votes,failed votes,,,analytics.json,analytics.metrics.negotiation.failed_votes,no,UNMEASURABLE: no analytics.json in run dir
audit-36-v2b-seed7,m16_withdrawn_motions,withdrawn motions,,,analytics.json,analytics.metrics.negotiation.withdrawn_motions,no,UNMEASURABLE: no analytics.json in run dir
audit-36-v2b-seed7,m17_motions_withdrawn_after_opposition,withdrawn after opposition,,,analytics.json,analytics.metrics.negotiation.motions_withdrawn_after_opposition,no,UNMEASURABLE: no analytics.json in run dir
audit-36-v2b-seed7,m18_deferred_motions,deferred motions,,,analytics.json,analytics.metrics.negotiation.deferred_motions,no,UNMEASURABLE: no analytics.json in run dir
audit-36-v2b-seed7,m19_conditional_rate,council conditional vote rate,,,analytics.json,analytics.metrics.council.conditional_rate,no,UNMEASURABLE: no analytics.json in run dir
audit-36-v2b-seed7,m20_abstention_rate,council abstention rate,,,analytics.json,analytics.metrics.council.abstention_rate,no,UNMEASURABLE: no analytics.json in run dir
audit-36-v2b-seed7,m21_promises_made,agents promises made,,,analytics.json,analytics.metrics.agents.promises_made,no,UNMEASURABLE: no analytics.json in run dir
audit-36-v2b-seed7,m22_promises_kept,agents promises kept,,,analytics.json,analytics.metrics.agents.promises_kept,no,UNMEASURABLE: no analytics.json in run dir
audit-36-v2b-seed7,m23_promises_broken,agents promises broken,,,analytics.json,analytics.metrics.agents.promises_broken,no,UNMEASURABLE: no analytics.json in run dir
audit-36-v2b-seed7,m24_persuasion_events,agents persuasion events,,,analytics.json,analytics.metrics.agents.persuasion_events,no,UNMEASURABLE: no analytics.json in run dir
audit-36-v2b-seed7,m25_leaks,agents leaks,,,analytics.json,analytics.metrics.agents.leaks,no,UNMEASURABLE: no analytics.json in run dir
audit-36-v2b-seed8,m01_motions,council motions tabled,,,analytics.json,analytics.metrics.council.motions,no,UNMEASURABLE: no analytics.json in run dir
audit-36-v2b-seed8,m02_substantive,council substantive motions,,,analytics.json,analytics.metrics.council.substantive,no,UNMEASURABLE: no analytics.json in run dir
audit-36-v2b-seed8,m03_votes_cast,negotiation votes held (denominator),,,analytics.json,analytics.metrics.negotiation.votes_cast,no,UNMEASURABLE: no analytics.json in run dir
audit-36-v2b-seed8,m04_unanimous_votes,negotiation unanimous votes,,,analytics.json,analytics.metrics.negotiation.unanimous_votes,no,UNMEASURABLE: no analytics.json in run dir
audit-36-v2b-seed8,m05_final_vote_unanimity,unanimous_votes / votes_cast,,,analytics.json,analytics.metrics.negotiation.final_vote_unanimity,no,UNMEASURABLE: no analytics.json in run dir
audit-36-v2b-seed8,m06_class_INITIAL_CONSENSUS,unanimity class as stored,,,analytics.json,analytics.metrics.negotiation.unanimity_classes.INITIAL_CONSENSUS (as stored),no,UNMEASURABLE: no analytics.json in run dir
audit-36-v2b-seed8,m07_class_NEGOTIATED_CONVERGENCE,unanimity class as stored,,,analytics.json,analytics.metrics.negotiation.unanimity_classes.NEGOTIATED_CONVERGENCE (as stored),no,UNMEASURABLE: no analytics.json in run dir
audit-36-v2b-seed8,m08_class_CONDITIONAL_COMPROMISE,unanimity class as stored,,,analytics.json,analytics.metrics.negotiation.unanimity_classes.CONDITIONAL_COMPROMISE (as stored),no,UNMEASURABLE: no analytics.json in run dir
audit-36-v2b-seed8,m09_class_DUPLICATE_CONSOLIDATION,unanimity class as stored,,,analytics.json,analytics.metrics.negotiation.unanimity_classes.DUPLICATE_CONSOLIDATION (as stored),no,UNMEASURABLE: no analytics.json in run dir
audit-36-v2b-seed8,m10_class_UNKNOWN,unanimity class as stored,,,analytics.json,analytics.metrics.negotiation.unanimity_classes.UNKNOWN (as stored),no,UNMEASURABLE: no analytics.json in run dir
audit-36-v2b-seed8,m11_position_changes,negotiation position changes,,,analytics.json,analytics.metrics.negotiation.position_changes,no,UNMEASURABLE: no analytics.json in run dir
audit-36-v2b-seed8,m12_negotiated_convergence_count,negotiation converged count,,,analytics.json,analytics.metrics.negotiation.negotiated_convergence_count,no,UNMEASURABLE: no analytics.json in run dir
audit-36-v2b-seed8,m13_minority_positions_maintained,minority votes maintained,,,analytics.json,analytics.metrics.negotiation.minority_positions_maintained,no,UNMEASURABLE: no analytics.json in run dir
audit-36-v2b-seed8,m14_competing_alternatives,competing alternatives,,,analytics.json,analytics.metrics.negotiation.competing_alternatives,no,UNMEASURABLE: no analytics.json in run dir
audit-36-v2b-seed8,m15_failed_votes,failed votes,,,analytics.json,analytics.metrics.negotiation.failed_votes,no,UNMEASURABLE: no analytics.json in run dir
audit-36-v2b-seed8,m16_withdrawn_motions,withdrawn motions,,,analytics.json,analytics.metrics.negotiation.withdrawn_motions,no,UNMEASURABLE: no analytics.json in run dir
audit-36-v2b-seed8,m17_motions_withdrawn_after_opposition,withdrawn after opposition,,,analytics.json,analytics.metrics.negotiation.motions_withdrawn_after_opposition,no,UNMEASURABLE: no analytics.json in run dir
audit-36-v2b-seed8,m18_deferred_motions,deferred motions,,,analytics.json,analytics.metrics.negotiation.deferred_motions,no,UNMEASURABLE: no analytics.json in run dir
audit-36-v2b-seed8,m19_conditional_rate,council conditional vote rate,,,analytics.json,analytics.metrics.council.conditional_rate,no,UNMEASURABLE: no analytics.json in run dir
audit-36-v2b-seed8,m20_abstention_rate,council abstention rate,,,analytics.json,analytics.metrics.council.abstention_rate,no,UNMEASURABLE: no analytics.json in run dir
audit-36-v2b-seed8,m21_promises_made,agents promises made,,,analytics.json,analytics.metrics.agents.promises_made,no,UNMEASURABLE: no analytics.json in run dir
audit-36-v2b-seed8,m22_promises_kept,agents promises kept,,,analytics.json,analytics.metrics.agents.promises_kept,no,UNMEASURABLE: no analytics.json in run dir
audit-36-v2b-seed8,m23_promises_broken,agents promises broken,,,analytics.json,analytics.metrics.agents.promises_broken,no,UNMEASURABLE: no analytics.json in run dir
audit-36-v2b-seed8,m24_persuasion_events,agents persuasion events,,,analytics.json,analytics.metrics.agents.persuasion_events,no,UNMEASURABLE: no analytics.json in run dir
audit-36-v2b-seed8,m25_leaks,agents leaks,,,analytics.json,analytics.metrics.agents.leaks,no,UNMEASURABLE: no analytics.json in run dir
audit-36-v2b-seed9,m01_motions,council motions tabled,,,analytics.json,analytics.metrics.council.motions,no,UNMEASURABLE: no analytics.json in run dir
audit-36-v2b-seed9,m02_substantive,council substantive motions,,,analytics.json,analytics.metrics.council.substantive,no,UNMEASURABLE: no analytics.json in run dir
audit-36-v2b-seed9,m03_votes_cast,negotiation votes held (denominator),,,analytics.json,analytics.metrics.negotiation.votes_cast,no,UNMEASURABLE: no analytics.json in run dir
audit-36-v2b-seed9,m04_unanimous_votes,negotiation unanimous votes,,,analytics.json,analytics.metrics.negotiation.unanimous_votes,no,UNMEASURABLE: no analytics.json in run dir
audit-36-v2b-seed9,m05_final_vote_unanimity,unanimous_votes / votes_cast,,,analytics.json,analytics.metrics.negotiation.final_vote_unanimity,no,UNMEASURABLE: no analytics.json in run dir
audit-36-v2b-seed9,m06_class_INITIAL_CONSENSUS,unanimity class as stored,,,analytics.json,analytics.metrics.negotiation.unanimity_classes.INITIAL_CONSENSUS (as stored),no,UNMEASURABLE: no analytics.json in run dir
audit-36-v2b-seed9,m07_class_NEGOTIATED_CONVERGENCE,unanimity class as stored,,,analytics.json,analytics.metrics.negotiation.unanimity_classes.NEGOTIATED_CONVERGENCE (as stored),no,UNMEASURABLE: no analytics.json in run dir
audit-36-v2b-seed9,m08_class_CONDITIONAL_COMPROMISE,unanimity class as stored,,,analytics.json,analytics.metrics.negotiation.unanimity_classes.CONDITIONAL_COMPROMISE (as stored),no,UNMEASURABLE: no analytics.json in run dir
audit-36-v2b-seed9,m09_class_DUPLICATE_CONSOLIDATION,unanimity class as stored,,,analytics.json,analytics.metrics.negotiation.unanimity_classes.DUPLICATE_CONSOLIDATION (as stored),no,UNMEASURABLE: no analytics.json in run dir
audit-36-v2b-seed9,m10_class_UNKNOWN,unanimity class as stored,,,analytics.json,analytics.metrics.negotiation.unanimity_classes.UNKNOWN (as stored),no,UNMEASURABLE: no analytics.json in run dir
audit-36-v2b-seed9,m11_position_changes,negotiation position changes,,,analytics.json,analytics.metrics.negotiation.position_changes,no,UNMEASURABLE: no analytics.json in run dir
audit-36-v2b-seed9,m12_negotiated_convergence_count,negotiation converged count,,,analytics.json,analytics.metrics.negotiation.negotiated_convergence_count,no,UNMEASURABLE: no analytics.json in run dir
audit-36-v2b-seed9,m13_minority_positions_maintained,minority votes maintained,,,analytics.json,analytics.metrics.negotiation.minority_positions_maintained,no,UNMEASURABLE: no analytics.json in run dir
audit-36-v2b-seed9,m14_competing_alternatives,competing alternatives,,,analytics.json,analytics.metrics.negotiation.competing_alternatives,no,UNMEASURABLE: no analytics.json in run dir
audit-36-v2b-seed9,m15_failed_votes,failed votes,,,analytics.json,analytics.metrics.negotiation.failed_votes,no,UNMEASURABLE: no analytics.json in run dir
audit-36-v2b-seed9,m16_withdrawn_motions,withdrawn motions,,,analytics.json,analytics.metrics.negotiation.withdrawn_motions,no,UNMEASURABLE: no analytics.json in run dir
audit-36-v2b-seed9,m17_motions_withdrawn_after_opposition,withdrawn after opposition,,,analytics.json,analytics.metrics.negotiation.motions_withdrawn_after_opposition,no,UNMEASURABLE: no analytics.json in run dir
audit-36-v2b-seed9,m18_deferred_motions,deferred motions,,,analytics.json,analytics.metrics.negotiation.deferred_motions,no,UNMEASURABLE: no analytics.json in run dir
audit-36-v2b-seed9,m19_conditional_rate,council conditional vote rate,,,analytics.json,analytics.metrics.council.conditional_rate,no,UNMEASURABLE: no analytics.json in run dir
audit-36-v2b-seed9,m20_abstention_rate,council abstention rate,,,analytics.json,analytics.metrics.council.abstention_rate,no,UNMEASURABLE: no analytics.json in run dir
audit-36-v2b-seed9,m21_promises_made,agents promises made,,,analytics.json,analytics.metrics.agents.promises_made,no,UNMEASURABLE: no analytics.json in run dir
audit-36-v2b-seed9,m22_promises_kept,agents promises kept,,,analytics.json,analytics.metrics.agents.promises_kept,no,UNMEASURABLE: no analytics.json in run dir
audit-36-v2b-seed9,m23_promises_broken,agents promises broken,,,analytics.json,analytics.metrics.agents.promises_broken,no,UNMEASURABLE: no analytics.json in run dir
audit-36-v2b-seed9,m24_persuasion_events,agents persuasion events,,,analytics.json,analytics.metrics.agents.persuasion_events,no,UNMEASURABLE: no analytics.json in run dir
audit-36-v2b-seed9,m25_leaks,agents leaks,,,analytics.json,analytics.metrics.agents.leaks,no,UNMEASURABLE: no analytics.json in run dir
audit-agenda-repair-seed1,m01_motions,council motions tabled,4,,analytics.json,analytics.metrics.council.motions,yes,
audit-agenda-repair-seed1,m02_substantive,council substantive motions,4,,analytics.json,analytics.metrics.council.substantive,yes,
audit-agenda-repair-seed1,m03_votes_cast,negotiation votes held (denominator),,,analytics.json,analytics.metrics.negotiation.votes_cast,no,"UNMEASURABLE: section absent in analytics metrics (older schema: council/agents only, no negotiation)"
audit-agenda-repair-seed1,m04_unanimous_votes,negotiation unanimous votes,,,analytics.json,analytics.metrics.negotiation.unanimous_votes,no,"UNMEASURABLE: section absent in analytics metrics (older schema: council/agents only, no negotiation)"
audit-agenda-repair-seed1,m05_final_vote_unanimity,unanimous_votes / votes_cast,,,analytics.json,analytics.metrics.negotiation.final_vote_unanimity,no,"UNMEASURABLE: section absent in analytics metrics (older schema: council/agents only, no negotiation)"
audit-agenda-repair-seed1,m06_class_INITIAL_CONSENSUS,unanimity class as stored,,,analytics.json,analytics.metrics.negotiation.unanimity_classes.INITIAL_CONSENSUS (as stored),no,"UNMEASURABLE: section absent in analytics metrics (older schema: council/agents only, no negotiation)"
audit-agenda-repair-seed1,m07_class_NEGOTIATED_CONVERGENCE,unanimity class as stored,,,analytics.json,analytics.metrics.negotiation.unanimity_classes.NEGOTIATED_CONVERGENCE (as stored),no,"UNMEASURABLE: section absent in analytics metrics (older schema: council/agents only, no negotiation)"
audit-agenda-repair-seed1,m08_class_CONDITIONAL_COMPROMISE,unanimity class as stored,,,analytics.json,analytics.metrics.negotiation.unanimity_classes.CONDITIONAL_COMPROMISE (as stored),no,"UNMEASURABLE: section absent in analytics metrics (older schema: council/agents only, no negotiation)"
audit-agenda-repair-seed1,m09_class_DUPLICATE_CONSOLIDATION,unanimity class as stored,,,analytics.json,analytics.metrics.negotiation.unanimity_classes.DUPLICATE_CONSOLIDATION (as stored),no,"UNMEASURABLE: section absent in analytics metrics (older schema: council/agents only, no negotiation)"
audit-agenda-repair-seed1,m10_class_UNKNOWN,unanimity class as stored,,,analytics.json,analytics.metrics.negotiation.unanimity_classes.UNKNOWN (as stored),no,"UNMEASURABLE: section absent in analytics metrics (older schema: council/agents only, no negotiation)"
audit-agenda-repair-seed1,m11_position_changes,negotiation position changes,,,analytics.json,analytics.metrics.negotiation.position_changes,no,"UNMEASURABLE: section absent in analytics metrics (older schema: council/agents only, no negotiation)"
audit-agenda-repair-seed1,m12_negotiated_convergence_count,negotiation converged count,,,analytics.json,analytics.metrics.negotiation.negotiated_convergence_count,no,"UNMEASURABLE: section absent in analytics metrics (older schema: council/agents only, no negotiation)"
audit-agenda-repair-seed1,m13_minority_positions_maintained,minority votes maintained,,,analytics.json,analytics.metrics.negotiation.minority_positions_maintained,no,"UNMEASURABLE: section absent in analytics metrics (older schema: council/agents only, no negotiation)"
audit-agenda-repair-seed1,m14_competing_alternatives,competing alternatives,,,analytics.json,analytics.metrics.negotiation.competing_alternatives,no,"UNMEASURABLE: section absent in analytics metrics (older schema: council/agents only, no negotiation)"
audit-agenda-repair-seed1,m15_failed_votes,failed votes,,,analytics.json,analytics.metrics.negotiation.failed_votes,no,"UNMEASURABLE: section absent in analytics metrics (older schema: council/agents only, no negotiation)"
audit-agenda-repair-seed1,m16_withdrawn_motions,withdrawn motions,,,analytics.json,analytics.metrics.negotiation.withdrawn_motions,no,"UNMEASURABLE: section absent in analytics metrics (older schema: council/agents only, no negotiation)"
audit-agenda-repair-seed1,m17_motions_withdrawn_after_opposition,withdrawn after opposition,,,analytics.json,analytics.metrics.negotiation.motions_withdrawn_after_opposition,no,"UNMEASURABLE: section absent in analytics metrics (older schema: council/agents only, no negotiation)"
audit-agenda-repair-seed1,m18_deferred_motions,deferred motions,,,analytics.json,analytics.metrics.negotiation.deferred_motions,no,"UNMEASURABLE: section absent in analytics metrics (older schema: council/agents only, no negotiation)"
audit-agenda-repair-seed1,m19_conditional_rate,council conditional vote rate,0.0,,analytics.json,analytics.metrics.council.conditional_rate,yes,
audit-agenda-repair-seed1,m20_abstention_rate,council abstention rate,0.0,,analytics.json,analytics.metrics.council.abstention_rate,yes,
audit-agenda-repair-seed1,m21_promises_made,agents promises made,3,,analytics.json,analytics.metrics.agents.promises_made,yes,
audit-agenda-repair-seed1,m22_promises_kept,agents promises kept,0,3,analytics.json,analytics.metrics.agents.promises_kept,yes,
audit-agenda-repair-seed1,m23_promises_broken,agents promises broken,1,3,analytics.json,analytics.metrics.agents.promises_broken,yes,
audit-agenda-repair-seed1,m24_persuasion_events,agents persuasion events,0,,analytics.json,analytics.metrics.agents.persuasion_events,yes,
audit-agenda-repair-seed1,m25_leaks,agents leaks,0,,analytics.json,analytics.metrics.agents.leaks,yes,
audit-batch-v1-seed1,m01_motions,council motions tabled,,,analytics.json,analytics.metrics.council.motions,no,UNMEASURABLE: no analytics.json in run dir
audit-batch-v1-seed1,m02_substantive,council substantive motions,,,analytics.json,analytics.metrics.council.substantive,no,UNMEASURABLE: no analytics.json in run dir
audit-batch-v1-seed1,m03_votes_cast,negotiation votes held (denominator),,,analytics.json,analytics.metrics.negotiation.votes_cast,no,UNMEASURABLE: no analytics.json in run dir
audit-batch-v1-seed1,m04_unanimous_votes,negotiation unanimous votes,,,analytics.json,analytics.metrics.negotiation.unanimous_votes,no,UNMEASURABLE: no analytics.json in run dir
audit-batch-v1-seed1,m05_final_vote_unanimity,unanimous_votes / votes_cast,,,analytics.json,analytics.metrics.negotiation.final_vote_unanimity,no,UNMEASURABLE: no analytics.json in run dir
audit-batch-v1-seed1,m06_class_INITIAL_CONSENSUS,unanimity class as stored,,,analytics.json,analytics.metrics.negotiation.unanimity_classes.INITIAL_CONSENSUS (as stored),no,UNMEASURABLE: no analytics.json in run dir
audit-batch-v1-seed1,m07_class_NEGOTIATED_CONVERGENCE,unanimity class as stored,,,analytics.json,analytics.metrics.negotiation.unanimity_classes.NEGOTIATED_CONVERGENCE (as stored),no,UNMEASURABLE: no analytics.json in run dir
audit-batch-v1-seed1,m08_class_CONDITIONAL_COMPROMISE,unanimity class as stored,,,analytics.json,analytics.metrics.negotiation.unanimity_classes.CONDITIONAL_COMPROMISE (as stored),no,UNMEASURABLE: no analytics.json in run dir
audit-batch-v1-seed1,m09_class_DUPLICATE_CONSOLIDATION,unanimity class as stored,,,analytics.json,analytics.metrics.negotiation.unanimity_classes.DUPLICATE_CONSOLIDATION (as stored),no,UNMEASURABLE: no analytics.json in run dir
audit-batch-v1-seed1,m10_class_UNKNOWN,unanimity class as stored,,,analytics.json,analytics.metrics.negotiation.unanimity_classes.UNKNOWN (as stored),no,UNMEASURABLE: no analytics.json in run dir
audit-batch-v1-seed1,m11_position_changes,negotiation position changes,,,analytics.json,analytics.metrics.negotiation.position_changes,no,UNMEASURABLE: no analytics.json in run dir
audit-batch-v1-seed1,m12_negotiated_convergence_count,negotiation converged count,,,analytics.json,analytics.metrics.negotiation.negotiated_convergence_count,no,UNMEASURABLE: no analytics.json in run dir
audit-batch-v1-seed1,m13_minority_positions_maintained,minority votes maintained,,,analytics.json,analytics.metrics.negotiation.minority_positions_maintained,no,UNMEASURABLE: no analytics.json in run dir
audit-batch-v1-seed1,m14_competing_alternatives,competing alternatives,,,analytics.json,analytics.metrics.negotiation.competing_alternatives,no,UNMEASURABLE: no analytics.json in run dir
audit-batch-v1-seed1,m15_failed_votes,failed votes,,,analytics.json,analytics.metrics.negotiation.failed_votes,no,UNMEASURABLE: no analytics.json in run dir
audit-batch-v1-seed1,m16_withdrawn_motions,withdrawn motions,,,analytics.json,analytics.metrics.negotiation.withdrawn_motions,no,UNMEASURABLE: no analytics.json in run dir
audit-batch-v1-seed1,m17_motions_withdrawn_after_opposition,withdrawn after opposition,,,analytics.json,analytics.metrics.negotiation.motions_withdrawn_after_opposition,no,UNMEASURABLE: no analytics.json in run dir
audit-batch-v1-seed1,m18_deferred_motions,deferred motions,,,analytics.json,analytics.metrics.negotiation.deferred_motions,no,UNMEASURABLE: no analytics.json in run dir
audit-batch-v1-seed1,m19_conditional_rate,council conditional vote rate,,,analytics.json,analytics.metrics.council.conditional_rate,no,UNMEASURABLE: no analytics.json in run dir
audit-batch-v1-seed1,m20_abstention_rate,council abstention rate,,,analytics.json,analytics.metrics.council.abstention_rate,no,UNMEASURABLE: no analytics.json in run dir
audit-batch-v1-seed1,m21_promises_made,agents promises made,,,analytics.json,analytics.metrics.agents.promises_made,no,UNMEASURABLE: no analytics.json in run dir
audit-batch-v1-seed1,m22_promises_kept,agents promises kept,,,analytics.json,analytics.metrics.agents.promises_kept,no,UNMEASURABLE: no analytics.json in run dir
audit-batch-v1-seed1,m23_promises_broken,agents promises broken,,,analytics.json,analytics.metrics.agents.promises_broken,no,UNMEASURABLE: no analytics.json in run dir
audit-batch-v1-seed1,m24_persuasion_events,agents persuasion events,,,analytics.json,analytics.metrics.agents.persuasion_events,no,UNMEASURABLE: no analytics.json in run dir
audit-batch-v1-seed1,m25_leaks,agents leaks,,,analytics.json,analytics.metrics.agents.leaks,no,UNMEASURABLE: no analytics.json in run dir
audit-batch-v1-seed2,m01_motions,council motions tabled,,,analytics.json,analytics.metrics.council.motions,no,UNMEASURABLE: no analytics.json in run dir
audit-batch-v1-seed2,m02_substantive,council substantive motions,,,analytics.json,analytics.metrics.council.substantive,no,UNMEASURABLE: no analytics.json in run dir
audit-batch-v1-seed2,m03_votes_cast,negotiation votes held (denominator),,,analytics.json,analytics.metrics.negotiation.votes_cast,no,UNMEASURABLE: no analytics.json in run dir
audit-batch-v1-seed2,m04_unanimous_votes,negotiation unanimous votes,,,analytics.json,analytics.metrics.negotiation.unanimous_votes,no,UNMEASURABLE: no analytics.json in run dir
audit-batch-v1-seed2,m05_final_vote_unanimity,unanimous_votes / votes_cast,,,analytics.json,analytics.metrics.negotiation.final_vote_unanimity,no,UNMEASURABLE: no analytics.json in run dir
audit-batch-v1-seed2,m06_class_INITIAL_CONSENSUS,unanimity class as stored,,,analytics.json,analytics.metrics.negotiation.unanimity_classes.INITIAL_CONSENSUS (as stored),no,UNMEASURABLE: no analytics.json in run dir
audit-batch-v1-seed2,m07_class_NEGOTIATED_CONVERGENCE,unanimity class as stored,,,analytics.json,analytics.metrics.negotiation.unanimity_classes.NEGOTIATED_CONVERGENCE (as stored),no,UNMEASURABLE: no analytics.json in run dir
audit-batch-v1-seed2,m08_class_CONDITIONAL_COMPROMISE,unanimity class as stored,,,analytics.json,analytics.metrics.negotiation.unanimity_classes.CONDITIONAL_COMPROMISE (as stored),no,UNMEASURABLE: no analytics.json in run dir
audit-batch-v1-seed2,m09_class_DUPLICATE_CONSOLIDATION,unanimity class as stored,,,analytics.json,analytics.metrics.negotiation.unanimity_classes.DUPLICATE_CONSOLIDATION (as stored),no,UNMEASURABLE: no analytics.json in run dir
audit-batch-v1-seed2,m10_class_UNKNOWN,unanimity class as stored,,,analytics.json,analytics.metrics.negotiation.unanimity_classes.UNKNOWN (as stored),no,UNMEASURABLE: no analytics.json in run dir
audit-batch-v1-seed2,m11_position_changes,negotiation position changes,,,analytics.json,analytics.metrics.negotiation.position_changes,no,UNMEASURABLE: no analytics.json in run dir
audit-batch-v1-seed2,m12_negotiated_convergence_count,negotiation converged count,,,analytics.json,analytics.metrics.negotiation.negotiated_convergence_count,no,UNMEASURABLE: no analytics.json in run dir
audit-batch-v1-seed2,m13_minority_positions_maintained,minority votes maintained,,,analytics.json,analytics.metrics.negotiation.minority_positions_maintained,no,UNMEASURABLE: no analytics.json in run dir
audit-batch-v1-seed2,m14_competing_alternatives,competing alternatives,,,analytics.json,analytics.metrics.negotiation.competing_alternatives,no,UNMEASURABLE: no analytics.json in run dir
audit-batch-v1-seed2,m15_failed_votes,failed votes,,,analytics.json,analytics.metrics.negotiation.failed_votes,no,UNMEASURABLE: no analytics.json in run dir
audit-batch-v1-seed2,m16_withdrawn_motions,withdrawn motions,,,analytics.json,analytics.metrics.negotiation.withdrawn_motions,no,UNMEASURABLE: no analytics.json in run dir
audit-batch-v1-seed2,m17_motions_withdrawn_after_opposition,withdrawn after opposition,,,analytics.json,analytics.metrics.negotiation.motions_withdrawn_after_opposition,no,UNMEASURABLE: no analytics.json in run dir
audit-batch-v1-seed2,m18_deferred_motions,deferred motions,,,analytics.json,analytics.metrics.negotiation.deferred_motions,no,UNMEASURABLE: no analytics.json in run dir
audit-batch-v1-seed2,m19_conditional_rate,council conditional vote rate,,,analytics.json,analytics.metrics.council.conditional_rate,no,UNMEASURABLE: no analytics.json in run dir
audit-batch-v1-seed2,m20_abstention_rate,council abstention rate,,,analytics.json,analytics.metrics.council.abstention_rate,no,UNMEASURABLE: no analytics.json in run dir
audit-batch-v1-seed2,m21_promises_made,agents promises made,,,analytics.json,analytics.metrics.agents.promises_made,no,UNMEASURABLE: no analytics.json in run dir
audit-batch-v1-seed2,m22_promises_kept,agents promises kept,,,analytics.json,analytics.metrics.agents.promises_kept,no,UNMEASURABLE: no analytics.json in run dir
audit-batch-v1-seed2,m23_promises_broken,agents promises broken,,,analytics.json,analytics.metrics.agents.promises_broken,no,UNMEASURABLE: no analytics.json in run dir
audit-batch-v1-seed2,m24_persuasion_events,agents persuasion events,,,analytics.json,analytics.metrics.agents.persuasion_events,no,UNMEASURABLE: no analytics.json in run dir
audit-batch-v1-seed2,m25_leaks,agents leaks,,,analytics.json,analytics.metrics.agents.leaks,no,UNMEASURABLE: no analytics.json in run dir
audit-claude-integration-seed1,m01_motions,council motions tabled,4,,analytics.json,analytics.metrics.council.motions,yes,
audit-claude-integration-seed1,m02_substantive,council substantive motions,4,,analytics.json,analytics.metrics.council.substantive,yes,
audit-claude-integration-seed1,m03_votes_cast,negotiation votes held (denominator),,,analytics.json,analytics.metrics.negotiation.votes_cast,no,"UNMEASURABLE: section absent in analytics metrics (older schema: council/agents only, no negotiation)"
audit-claude-integration-seed1,m04_unanimous_votes,negotiation unanimous votes,,,analytics.json,analytics.metrics.negotiation.unanimous_votes,no,"UNMEASURABLE: section absent in analytics metrics (older schema: council/agents only, no negotiation)"
audit-claude-integration-seed1,m05_final_vote_unanimity,unanimous_votes / votes_cast,,,analytics.json,analytics.metrics.negotiation.final_vote_unanimity,no,"UNMEASURABLE: section absent in analytics metrics (older schema: council/agents only, no negotiation)"
audit-claude-integration-seed1,m06_class_INITIAL_CONSENSUS,unanimity class as stored,,,analytics.json,analytics.metrics.negotiation.unanimity_classes.INITIAL_CONSENSUS (as stored),no,"UNMEASURABLE: section absent in analytics metrics (older schema: council/agents only, no negotiation)"
audit-claude-integration-seed1,m07_class_NEGOTIATED_CONVERGENCE,unanimity class as stored,,,analytics.json,analytics.metrics.negotiation.unanimity_classes.NEGOTIATED_CONVERGENCE (as stored),no,"UNMEASURABLE: section absent in analytics metrics (older schema: council/agents only, no negotiation)"
audit-claude-integration-seed1,m08_class_CONDITIONAL_COMPROMISE,unanimity class as stored,,,analytics.json,analytics.metrics.negotiation.unanimity_classes.CONDITIONAL_COMPROMISE (as stored),no,"UNMEASURABLE: section absent in analytics metrics (older schema: council/agents only, no negotiation)"
audit-claude-integration-seed1,m09_class_DUPLICATE_CONSOLIDATION,unanimity class as stored,,,analytics.json,analytics.metrics.negotiation.unanimity_classes.DUPLICATE_CONSOLIDATION (as stored),no,"UNMEASURABLE: section absent in analytics metrics (older schema: council/agents only, no negotiation)"
audit-claude-integration-seed1,m10_class_UNKNOWN,unanimity class as stored,,,analytics.json,analytics.metrics.negotiation.unanimity_classes.UNKNOWN (as stored),no,"UNMEASURABLE: section absent in analytics metrics (older schema: council/agents only, no negotiation)"
audit-claude-integration-seed1,m11_position_changes,negotiation position changes,,,analytics.json,analytics.metrics.negotiation.position_changes,no,"UNMEASURABLE: section absent in analytics metrics (older schema: council/agents only, no negotiation)"
audit-claude-integration-seed1,m12_negotiated_convergence_count,negotiation converged count,,,analytics.json,analytics.metrics.negotiation.negotiated_convergence_count,no,"UNMEASURABLE: section absent in analytics metrics (older schema: council/agents only, no negotiation)"
audit-claude-integration-seed1,m13_minority_positions_maintained,minority votes maintained,,,analytics.json,analytics.metrics.negotiation.minority_positions_maintained,no,"UNMEASURABLE: section absent in analytics metrics (older schema: council/agents only, no negotiation)"
audit-claude-integration-seed1,m14_competing_alternatives,competing alternatives,,,analytics.json,analytics.metrics.negotiation.competing_alternatives,no,"UNMEASURABLE: section absent in analytics metrics (older schema: council/agents only, no negotiation)"
audit-claude-integration-seed1,m15_failed_votes,failed votes,,,analytics.json,analytics.metrics.negotiation.failed_votes,no,"UNMEASURABLE: section absent in analytics metrics (older schema: council/agents only, no negotiation)"
audit-claude-integration-seed1,m16_withdrawn_motions,withdrawn motions,,,analytics.json,analytics.metrics.negotiation.withdrawn_motions,no,"UNMEASURABLE: section absent in analytics metrics (older schema: council/agents only, no negotiation)"
audit-claude-integration-seed1,m17_motions_withdrawn_after_opposition,withdrawn after opposition,,,analytics.json,analytics.metrics.negotiation.motions_withdrawn_after_opposition,no,"UNMEASURABLE: section absent in analytics metrics (older schema: council/agents only, no negotiation)"
audit-claude-integration-seed1,m18_deferred_motions,deferred motions,,,analytics.json,analytics.metrics.negotiation.deferred_motions,no,"UNMEASURABLE: section absent in analytics metrics (older schema: council/agents only, no negotiation)"
audit-claude-integration-seed1,m19_conditional_rate,council conditional vote rate,0.0,,analytics.json,analytics.metrics.council.conditional_rate,yes,
audit-claude-integration-seed1,m20_abstention_rate,council abstention rate,0.0,,analytics.json,analytics.metrics.council.abstention_rate,yes,
audit-claude-integration-seed1,m21_promises_made,agents promises made,3,,analytics.json,analytics.metrics.agents.promises_made,yes,
audit-claude-integration-seed1,m22_promises_kept,agents promises kept,0,3,analytics.json,analytics.metrics.agents.promises_kept,yes,
audit-claude-integration-seed1,m23_promises_broken,agents promises broken,1,3,analytics.json,analytics.metrics.agents.promises_broken,yes,
audit-claude-integration-seed1,m24_persuasion_events,agents persuasion events,0,,analytics.json,analytics.metrics.agents.persuasion_events,yes,
audit-claude-integration-seed1,m25_leaks,agents leaks,0,,analytics.json,analytics.metrics.agents.leaks,yes,
audit-claude-integration-seed2,m01_motions,council motions tabled,4,,analytics.json,analytics.metrics.council.motions,yes,
audit-claude-integration-seed2,m02_substantive,council substantive motions,4,,analytics.json,analytics.metrics.council.substantive,yes,
audit-claude-integration-seed2,m03_votes_cast,negotiation votes held (denominator),,,analytics.json,analytics.metrics.negotiation.votes_cast,no,"UNMEASURABLE: section absent in analytics metrics (older schema: council/agents only, no negotiation)"
audit-claude-integration-seed2,m04_unanimous_votes,negotiation unanimous votes,,,analytics.json,analytics.metrics.negotiation.unanimous_votes,no,"UNMEASURABLE: section absent in analytics metrics (older schema: council/agents only, no negotiation)"
audit-claude-integration-seed2,m05_final_vote_unanimity,unanimous_votes / votes_cast,,,analytics.json,analytics.metrics.negotiation.final_vote_unanimity,no,"UNMEASURABLE: section absent in analytics metrics (older schema: council/agents only, no negotiation)"
audit-claude-integration-seed2,m06_class_INITIAL_CONSENSUS,unanimity class as stored,,,analytics.json,analytics.metrics.negotiation.unanimity_classes.INITIAL_CONSENSUS (as stored),no,"UNMEASURABLE: section absent in analytics metrics (older schema: council/agents only, no negotiation)"
audit-claude-integration-seed2,m07_class_NEGOTIATED_CONVERGENCE,unanimity class as stored,,,analytics.json,analytics.metrics.negotiation.unanimity_classes.NEGOTIATED_CONVERGENCE (as stored),no,"UNMEASURABLE: section absent in analytics metrics (older schema: council/agents only, no negotiation)"
audit-claude-integration-seed2,m08_class_CONDITIONAL_COMPROMISE,unanimity class as stored,,,analytics.json,analytics.metrics.negotiation.unanimity_classes.CONDITIONAL_COMPROMISE (as stored),no,"UNMEASURABLE: section absent in analytics metrics (older schema: council/agents only, no negotiation)"
audit-claude-integration-seed2,m09_class_DUPLICATE_CONSOLIDATION,unanimity class as stored,,,analytics.json,analytics.metrics.negotiation.unanimity_classes.DUPLICATE_CONSOLIDATION (as stored),no,"UNMEASURABLE: section absent in analytics metrics (older schema: council/agents only, no negotiation)"
audit-claude-integration-seed2,m10_class_UNKNOWN,unanimity class as stored,,,analytics.json,analytics.metrics.negotiation.unanimity_classes.UNKNOWN (as stored),no,"UNMEASURABLE: section absent in analytics metrics (older schema: council/agents only, no negotiation)"
audit-claude-integration-seed2,m11_position_changes,negotiation position changes,,,analytics.json,analytics.metrics.negotiation.position_changes,no,"UNMEASURABLE: section absent in analytics metrics (older schema: council/agents only, no negotiation)"
audit-claude-integration-seed2,m12_negotiated_convergence_count,negotiation converged count,,,analytics.json,analytics.metrics.negotiation.negotiated_convergence_count,no,"UNMEASURABLE: section absent in analytics metrics (older schema: council/agents only, no negotiation)"
audit-claude-integration-seed2,m13_minority_positions_maintained,minority votes maintained,,,analytics.json,analytics.metrics.negotiation.minority_positions_maintained,no,"UNMEASURABLE: section absent in analytics metrics (older schema: council/agents only, no negotiation)"
audit-claude-integration-seed2,m14_competing_alternatives,competing alternatives,,,analytics.json,analytics.metrics.negotiation.competing_alternatives,no,"UNMEASURABLE: section absent in analytics metrics (older schema: council/agents only, no negotiation)"
audit-claude-integration-seed2,m15_failed_votes,failed votes,,,analytics.json,analytics.metrics.negotiation.failed_votes,no,"UNMEASURABLE: section absent in analytics metrics (older schema: council/agents only, no negotiation)"
audit-claude-integration-seed2,m16_withdrawn_motions,withdrawn motions,,,analytics.json,analytics.metrics.negotiation.withdrawn_motions,no,"UNMEASURABLE: section absent in analytics metrics (older schema: council/agents only, no negotiation)"
audit-claude-integration-seed2,m17_motions_withdrawn_after_opposition,withdrawn after opposition,,,analytics.json,analytics.metrics.negotiation.motions_withdrawn_after_opposition,no,"UNMEASURABLE: section absent in analytics metrics (older schema: council/agents only, no negotiation)"
audit-claude-integration-seed2,m18_deferred_motions,deferred motions,,,analytics.json,analytics.metrics.negotiation.deferred_motions,no,"UNMEASURABLE: section absent in analytics metrics (older schema: council/agents only, no negotiation)"
audit-claude-integration-seed2,m19_conditional_rate,council conditional vote rate,0.0,,analytics.json,analytics.metrics.council.conditional_rate,yes,
audit-claude-integration-seed2,m20_abstention_rate,council abstention rate,0.0,,analytics.json,analytics.metrics.council.abstention_rate,yes,
audit-claude-integration-seed2,m21_promises_made,agents promises made,3,,analytics.json,analytics.metrics.agents.promises_made,yes,
audit-claude-integration-seed2,m22_promises_kept,agents promises kept,0,3,analytics.json,analytics.metrics.agents.promises_kept,yes,
audit-claude-integration-seed2,m23_promises_broken,agents promises broken,0,3,analytics.json,analytics.metrics.agents.promises_broken,yes,
audit-claude-integration-seed2,m24_persuasion_events,agents persuasion events,0,,analytics.json,analytics.metrics.agents.persuasion_events,yes,
audit-claude-integration-seed2,m25_leaks,agents leaks,0,,analytics.json,analytics.metrics.agents.leaks,yes,
audit-consensus-v2-seed1,m01_motions,council motions tabled,,,analytics.json,analytics.metrics.council.motions,no,UNMEASURABLE: no analytics.json in run dir
audit-consensus-v2-seed1,m02_substantive,council substantive motions,,,analytics.json,analytics.metrics.council.substantive,no,UNMEASURABLE: no analytics.json in run dir
audit-consensus-v2-seed1,m03_votes_cast,negotiation votes held (denominator),,,analytics.json,analytics.metrics.negotiation.votes_cast,no,UNMEASURABLE: no analytics.json in run dir
audit-consensus-v2-seed1,m04_unanimous_votes,negotiation unanimous votes,,,analytics.json,analytics.metrics.negotiation.unanimous_votes,no,UNMEASURABLE: no analytics.json in run dir
audit-consensus-v2-seed1,m05_final_vote_unanimity,unanimous_votes / votes_cast,,,analytics.json,analytics.metrics.negotiation.final_vote_unanimity,no,UNMEASURABLE: no analytics.json in run dir
audit-consensus-v2-seed1,m06_class_INITIAL_CONSENSUS,unanimity class as stored,,,analytics.json,analytics.metrics.negotiation.unanimity_classes.INITIAL_CONSENSUS (as stored),no,UNMEASURABLE: no analytics.json in run dir
audit-consensus-v2-seed1,m07_class_NEGOTIATED_CONVERGENCE,unanimity class as stored,,,analytics.json,analytics.metrics.negotiation.unanimity_classes.NEGOTIATED_CONVERGENCE (as stored),no,UNMEASURABLE: no analytics.json in run dir
audit-consensus-v2-seed1,m08_class_CONDITIONAL_COMPROMISE,unanimity class as stored,,,analytics.json,analytics.metrics.negotiation.unanimity_classes.CONDITIONAL_COMPROMISE (as stored),no,UNMEASURABLE: no analytics.json in run dir
audit-consensus-v2-seed1,m09_class_DUPLICATE_CONSOLIDATION,unanimity class as stored,,,analytics.json,analytics.metrics.negotiation.unanimity_classes.DUPLICATE_CONSOLIDATION (as stored),no,UNMEASURABLE: no analytics.json in run dir
audit-consensus-v2-seed1,m10_class_UNKNOWN,unanimity class as stored,,,analytics.json,analytics.metrics.negotiation.unanimity_classes.UNKNOWN (as stored),no,UNMEASURABLE: no analytics.json in run dir
audit-consensus-v2-seed1,m11_position_changes,negotiation position changes,,,analytics.json,analytics.metrics.negotiation.position_changes,no,UNMEASURABLE: no analytics.json in run dir
audit-consensus-v2-seed1,m12_negotiated_convergence_count,negotiation converged count,,,analytics.json,analytics.metrics.negotiation.negotiated_convergence_count,no,UNMEASURABLE: no analytics.json in run dir
audit-consensus-v2-seed1,m13_minority_positions_maintained,minority votes maintained,,,analytics.json,analytics.metrics.negotiation.minority_positions_maintained,no,UNMEASURABLE: no analytics.json in run dir
audit-consensus-v2-seed1,m14_competing_alternatives,competing alternatives,,,analytics.json,analytics.metrics.negotiation.competing_alternatives,no,UNMEASURABLE: no analytics.json in run dir
audit-consensus-v2-seed1,m15_failed_votes,failed votes,,,analytics.json,analytics.metrics.negotiation.failed_votes,no,UNMEASURABLE: no analytics.json in run dir
audit-consensus-v2-seed1,m16_withdrawn_motions,withdrawn motions,,,analytics.json,analytics.metrics.negotiation.withdrawn_motions,no,UNMEASURABLE: no analytics.json in run dir
audit-consensus-v2-seed1,m17_motions_withdrawn_after_opposition,withdrawn after opposition,,,analytics.json,analytics.metrics.negotiation.motions_withdrawn_after_opposition,no,UNMEASURABLE: no analytics.json in run dir
audit-consensus-v2-seed1,m18_deferred_motions,deferred motions,,,analytics.json,analytics.metrics.negotiation.deferred_motions,no,UNMEASURABLE: no analytics.json in run dir
audit-consensus-v2-seed1,m19_conditional_rate,council conditional vote rate,,,analytics.json,analytics.metrics.council.conditional_rate,no,UNMEASURABLE: no analytics.json in run dir
audit-consensus-v2-seed1,m20_abstention_rate,council abstention rate,,,analytics.json,analytics.metrics.council.abstention_rate,no,UNMEASURABLE: no analytics.json in run dir
audit-consensus-v2-seed1,m21_promises_made,agents promises made,,,analytics.json,analytics.metrics.agents.promises_made,no,UNMEASURABLE: no analytics.json in run dir
audit-consensus-v2-seed1,m22_promises_kept,agents promises kept,,,analytics.json,analytics.metrics.agents.promises_kept,no,UNMEASURABLE: no analytics.json in run dir
audit-consensus-v2-seed1,m23_promises_broken,agents promises broken,,,analytics.json,analytics.metrics.agents.promises_broken,no,UNMEASURABLE: no analytics.json in run dir
audit-consensus-v2-seed1,m24_persuasion_events,agents persuasion events,,,analytics.json,analytics.metrics.agents.persuasion_events,no,UNMEASURABLE: no analytics.json in run dir
audit-consensus-v2-seed1,m25_leaks,agents leaks,,,analytics.json,analytics.metrics.agents.leaks,no,UNMEASURABLE: no analytics.json in run dir
audit-consensus-v2-seed2,m01_motions,council motions tabled,,,analytics.json,analytics.metrics.council.motions,no,UNMEASURABLE: no analytics.json in run dir
audit-consensus-v2-seed2,m02_substantive,council substantive motions,,,analytics.json,analytics.metrics.council.substantive,no,UNMEASURABLE: no analytics.json in run dir
audit-consensus-v2-seed2,m03_votes_cast,negotiation votes held (denominator),,,analytics.json,analytics.metrics.negotiation.votes_cast,no,UNMEASURABLE: no analytics.json in run dir
audit-consensus-v2-seed2,m04_unanimous_votes,negotiation unanimous votes,,,analytics.json,analytics.metrics.negotiation.unanimous_votes,no,UNMEASURABLE: no analytics.json in run dir
audit-consensus-v2-seed2,m05_final_vote_unanimity,unanimous_votes / votes_cast,,,analytics.json,analytics.metrics.negotiation.final_vote_unanimity,no,UNMEASURABLE: no analytics.json in run dir
audit-consensus-v2-seed2,m06_class_INITIAL_CONSENSUS,unanimity class as stored,,,analytics.json,analytics.metrics.negotiation.unanimity_classes.INITIAL_CONSENSUS (as stored),no,UNMEASURABLE: no analytics.json in run dir
audit-consensus-v2-seed2,m07_class_NEGOTIATED_CONVERGENCE,unanimity class as stored,,,analytics.json,analytics.metrics.negotiation.unanimity_classes.NEGOTIATED_CONVERGENCE (as stored),no,UNMEASURABLE: no analytics.json in run dir
audit-consensus-v2-seed2,m08_class_CONDITIONAL_COMPROMISE,unanimity class as stored,,,analytics.json,analytics.metrics.negotiation.unanimity_classes.CONDITIONAL_COMPROMISE (as stored),no,UNMEASURABLE: no analytics.json in run dir
audit-consensus-v2-seed2,m09_class_DUPLICATE_CONSOLIDATION,unanimity class as stored,,,analytics.json,analytics.metrics.negotiation.unanimity_classes.DUPLICATE_CONSOLIDATION (as stored),no,UNMEASURABLE: no analytics.json in run dir
audit-consensus-v2-seed2,m10_class_UNKNOWN,unanimity class as stored,,,analytics.json,analytics.metrics.negotiation.unanimity_classes.UNKNOWN (as stored),no,UNMEASURABLE: no analytics.json in run dir
audit-consensus-v2-seed2,m11_position_changes,negotiation position changes,,,analytics.json,analytics.metrics.negotiation.position_changes,no,UNMEASURABLE: no analytics.json in run dir
audit-consensus-v2-seed2,m12_negotiated_convergence_count,negotiation converged count,,,analytics.json,analytics.metrics.negotiation.negotiated_convergence_count,no,UNMEASURABLE: no analytics.json in run dir
audit-consensus-v2-seed2,m13_minority_positions_maintained,minority votes maintained,,,analytics.json,analytics.metrics.negotiation.minority_positions_maintained,no,UNMEASURABLE: no analytics.json in run dir
audit-consensus-v2-seed2,m14_competing_alternatives,competing alternatives,,,analytics.json,analytics.metrics.negotiation.competing_alternatives,no,UNMEASURABLE: no analytics.json in run dir
audit-consensus-v2-seed2,m15_failed_votes,failed votes,,,analytics.json,analytics.metrics.negotiation.failed_votes,no,UNMEASURABLE: no analytics.json in run dir
audit-consensus-v2-seed2,m16_withdrawn_motions,withdrawn motions,,,analytics.json,analytics.metrics.negotiation.withdrawn_motions,no,UNMEASURABLE: no analytics.json in run dir
audit-consensus-v2-seed2,m17_motions_withdrawn_after_opposition,withdrawn after opposition,,,analytics.json,analytics.metrics.negotiation.motions_withdrawn_after_opposition,no,UNMEASURABLE: no analytics.json in run dir
audit-consensus-v2-seed2,m18_deferred_motions,deferred motions,,,analytics.json,analytics.metrics.negotiation.deferred_motions,no,UNMEASURABLE: no analytics.json in run dir
audit-consensus-v2-seed2,m19_conditional_rate,council conditional vote rate,,,analytics.json,analytics.metrics.council.conditional_rate,no,UNMEASURABLE: no analytics.json in run dir
audit-consensus-v2-seed2,m20_abstention_rate,council abstention rate,,,analytics.json,analytics.metrics.council.abstention_rate,no,UNMEASURABLE: no analytics.json in run dir
audit-consensus-v2-seed2,m21_promises_made,agents promises made,,,analytics.json,analytics.metrics.agents.promises_made,no,UNMEASURABLE: no analytics.json in run dir
audit-consensus-v2-seed2,m22_promises_kept,agents promises kept,,,analytics.json,analytics.metrics.agents.promises_kept,no,UNMEASURABLE: no analytics.json in run dir
audit-consensus-v2-seed2,m23_promises_broken,agents promises broken,,,analytics.json,analytics.metrics.agents.promises_broken,no,UNMEASURABLE: no analytics.json in run dir
audit-consensus-v2-seed2,m24_persuasion_events,agents persuasion events,,,analytics.json,analytics.metrics.agents.persuasion_events,no,UNMEASURABLE: no analytics.json in run dir
audit-consensus-v2-seed2,m25_leaks,agents leaks,,,analytics.json,analytics.metrics.agents.leaks,no,UNMEASURABLE: no analytics.json in run dir
audit-consensus-v2-seed3,m01_motions,council motions tabled,,,analytics.json,analytics.metrics.council.motions,no,UNMEASURABLE: no analytics.json in run dir
audit-consensus-v2-seed3,m02_substantive,council substantive motions,,,analytics.json,analytics.metrics.council.substantive,no,UNMEASURABLE: no analytics.json in run dir
audit-consensus-v2-seed3,m03_votes_cast,negotiation votes held (denominator),,,analytics.json,analytics.metrics.negotiation.votes_cast,no,UNMEASURABLE: no analytics.json in run dir
audit-consensus-v2-seed3,m04_unanimous_votes,negotiation unanimous votes,,,analytics.json,analytics.metrics.negotiation.unanimous_votes,no,UNMEASURABLE: no analytics.json in run dir
audit-consensus-v2-seed3,m05_final_vote_unanimity,unanimous_votes / votes_cast,,,analytics.json,analytics.metrics.negotiation.final_vote_unanimity,no,UNMEASURABLE: no analytics.json in run dir
audit-consensus-v2-seed3,m06_class_INITIAL_CONSENSUS,unanimity class as stored,,,analytics.json,analytics.metrics.negotiation.unanimity_classes.INITIAL_CONSENSUS (as stored),no,UNMEASURABLE: no analytics.json in run dir
audit-consensus-v2-seed3,m07_class_NEGOTIATED_CONVERGENCE,unanimity class as stored,,,analytics.json,analytics.metrics.negotiation.unanimity_classes.NEGOTIATED_CONVERGENCE (as stored),no,UNMEASURABLE: no analytics.json in run dir
audit-consensus-v2-seed3,m08_class_CONDITIONAL_COMPROMISE,unanimity class as stored,,,analytics.json,analytics.metrics.negotiation.unanimity_classes.CONDITIONAL_COMPROMISE (as stored),no,UNMEASURABLE: no analytics.json in run dir
audit-consensus-v2-seed3,m09_class_DUPLICATE_CONSOLIDATION,unanimity class as stored,,,analytics.json,analytics.metrics.negotiation.unanimity_classes.DUPLICATE_CONSOLIDATION (as stored),no,UNMEASURABLE: no analytics.json in run dir
audit-consensus-v2-seed3,m10_class_UNKNOWN,unanimity class as stored,,,analytics.json,analytics.metrics.negotiation.unanimity_classes.UNKNOWN (as stored),no,UNMEASURABLE: no analytics.json in run dir
audit-consensus-v2-seed3,m11_position_changes,negotiation position changes,,,analytics.json,analytics.metrics.negotiation.position_changes,no,UNMEASURABLE: no analytics.json in run dir
audit-consensus-v2-seed3,m12_negotiated_convergence_count,negotiation converged count,,,analytics.json,analytics.metrics.negotiation.negotiated_convergence_count,no,UNMEASURABLE: no analytics.json in run dir
audit-consensus-v2-seed3,m13_minority_positions_maintained,minority votes maintained,,,analytics.json,analytics.metrics.negotiation.minority_positions_maintained,no,UNMEASURABLE: no analytics.json in run dir
audit-consensus-v2-seed3,m14_competing_alternatives,competing alternatives,,,analytics.json,analytics.metrics.negotiation.competing_alternatives,no,UNMEASURABLE: no analytics.json in run dir
audit-consensus-v2-seed3,m15_failed_votes,failed votes,,,analytics.json,analytics.metrics.negotiation.failed_votes,no,UNMEASURABLE: no analytics.json in run dir
audit-consensus-v2-seed3,m16_withdrawn_motions,withdrawn motions,,,analytics.json,analytics.metrics.negotiation.withdrawn_motions,no,UNMEASURABLE: no analytics.json in run dir
audit-consensus-v2-seed3,m17_motions_withdrawn_after_opposition,withdrawn after opposition,,,analytics.json,analytics.metrics.negotiation.motions_withdrawn_after_opposition,no,UNMEASURABLE: no analytics.json in run dir
audit-consensus-v2-seed3,m18_deferred_motions,deferred motions,,,analytics.json,analytics.metrics.negotiation.deferred_motions,no,UNMEASURABLE: no analytics.json in run dir
audit-consensus-v2-seed3,m19_conditional_rate,council conditional vote rate,,,analytics.json,analytics.metrics.council.conditional_rate,no,UNMEASURABLE: no analytics.json in run dir
audit-consensus-v2-seed3,m20_abstention_rate,council abstention rate,,,analytics.json,analytics.metrics.council.abstention_rate,no,UNMEASURABLE: no analytics.json in run dir
audit-consensus-v2-seed3,m21_promises_made,agents promises made,,,analytics.json,analytics.metrics.agents.promises_made,no,UNMEASURABLE: no analytics.json in run dir
audit-consensus-v2-seed3,m22_promises_kept,agents promises kept,,,analytics.json,analytics.metrics.agents.promises_kept,no,UNMEASURABLE: no analytics.json in run dir
audit-consensus-v2-seed3,m23_promises_broken,agents promises broken,,,analytics.json,analytics.metrics.agents.promises_broken,no,UNMEASURABLE: no analytics.json in run dir
audit-consensus-v2-seed3,m24_persuasion_events,agents persuasion events,,,analytics.json,analytics.metrics.agents.persuasion_events,no,UNMEASURABLE: no analytics.json in run dir
audit-consensus-v2-seed3,m25_leaks,agents leaks,,,analytics.json,analytics.metrics.agents.leaks,no,UNMEASURABLE: no analytics.json in run dir
audit-consensus-v2-seed4,m01_motions,council motions tabled,,,analytics.json,analytics.metrics.council.motions,no,UNMEASURABLE: no analytics.json in run dir
audit-consensus-v2-seed4,m02_substantive,council substantive motions,,,analytics.json,analytics.metrics.council.substantive,no,UNMEASURABLE: no analytics.json in run dir
audit-consensus-v2-seed4,m03_votes_cast,negotiation votes held (denominator),,,analytics.json,analytics.metrics.negotiation.votes_cast,no,UNMEASURABLE: no analytics.json in run dir
audit-consensus-v2-seed4,m04_unanimous_votes,negotiation unanimous votes,,,analytics.json,analytics.metrics.negotiation.unanimous_votes,no,UNMEASURABLE: no analytics.json in run dir
audit-consensus-v2-seed4,m05_final_vote_unanimity,unanimous_votes / votes_cast,,,analytics.json,analytics.metrics.negotiation.final_vote_unanimity,no,UNMEASURABLE: no analytics.json in run dir
audit-consensus-v2-seed4,m06_class_INITIAL_CONSENSUS,unanimity class as stored,,,analytics.json,analytics.metrics.negotiation.unanimity_classes.INITIAL_CONSENSUS (as stored),no,UNMEASURABLE: no analytics.json in run dir
audit-consensus-v2-seed4,m07_class_NEGOTIATED_CONVERGENCE,unanimity class as stored,,,analytics.json,analytics.metrics.negotiation.unanimity_classes.NEGOTIATED_CONVERGENCE (as stored),no,UNMEASURABLE: no analytics.json in run dir
audit-consensus-v2-seed4,m08_class_CONDITIONAL_COMPROMISE,unanimity class as stored,,,analytics.json,analytics.metrics.negotiation.unanimity_classes.CONDITIONAL_COMPROMISE (as stored),no,UNMEASURABLE: no analytics.json in run dir
audit-consensus-v2-seed4,m09_class_DUPLICATE_CONSOLIDATION,unanimity class as stored,,,analytics.json,analytics.metrics.negotiation.unanimity_classes.DUPLICATE_CONSOLIDATION (as stored),no,UNMEASURABLE: no analytics.json in run dir
audit-consensus-v2-seed4,m10_class_UNKNOWN,unanimity class as stored,,,analytics.json,analytics.metrics.negotiation.unanimity_classes.UNKNOWN (as stored),no,UNMEASURABLE: no analytics.json in run dir
audit-consensus-v2-seed4,m11_position_changes,negotiation position changes,,,analytics.json,analytics.metrics.negotiation.position_changes,no,UNMEASURABLE: no analytics.json in run dir
audit-consensus-v2-seed4,m12_negotiated_convergence_count,negotiation converged count,,,analytics.json,analytics.metrics.negotiation.negotiated_convergence_count,no,UNMEASURABLE: no analytics.json in run dir
audit-consensus-v2-seed4,m13_minority_positions_maintained,minority votes maintained,,,analytics.json,analytics.metrics.negotiation.minority_positions_maintained,no,UNMEASURABLE: no analytics.json in run dir
audit-consensus-v2-seed4,m14_competing_alternatives,competing alternatives,,,analytics.json,analytics.metrics.negotiation.competing_alternatives,no,UNMEASURABLE: no analytics.json in run dir
audit-consensus-v2-seed4,m15_failed_votes,failed votes,,,analytics.json,analytics.metrics.negotiation.failed_votes,no,UNMEASURABLE: no analytics.json in run dir
audit-consensus-v2-seed4,m16_withdrawn_motions,withdrawn motions,,,analytics.json,analytics.metrics.negotiation.withdrawn_motions,no,UNMEASURABLE: no analytics.json in run dir
audit-consensus-v2-seed4,m17_motions_withdrawn_after_opposition,withdrawn after opposition,,,analytics.json,analytics.metrics.negotiation.motions_withdrawn_after_opposition,no,UNMEASURABLE: no analytics.json in run dir
audit-consensus-v2-seed4,m18_deferred_motions,deferred motions,,,analytics.json,analytics.metrics.negotiation.deferred_motions,no,UNMEASURABLE: no analytics.json in run dir
audit-consensus-v2-seed4,m19_conditional_rate,council conditional vote rate,,,analytics.json,analytics.metrics.council.conditional_rate,no,UNMEASURABLE: no analytics.json in run dir
audit-consensus-v2-seed4,m20_abstention_rate,council abstention rate,,,analytics.json,analytics.metrics.council.abstention_rate,no,UNMEASURABLE: no analytics.json in run dir
audit-consensus-v2-seed4,m21_promises_made,agents promises made,,,analytics.json,analytics.metrics.agents.promises_made,no,UNMEASURABLE: no analytics.json in run dir
audit-consensus-v2-seed4,m22_promises_kept,agents promises kept,,,analytics.json,analytics.metrics.agents.promises_kept,no,UNMEASURABLE: no analytics.json in run dir
audit-consensus-v2-seed4,m23_promises_broken,agents promises broken,,,analytics.json,analytics.metrics.agents.promises_broken,no,UNMEASURABLE: no analytics.json in run dir
audit-consensus-v2-seed4,m24_persuasion_events,agents persuasion events,,,analytics.json,analytics.metrics.agents.persuasion_events,no,UNMEASURABLE: no analytics.json in run dir
audit-consensus-v2-seed4,m25_leaks,agents leaks,,,analytics.json,analytics.metrics.agents.leaks,no,UNMEASURABLE: no analytics.json in run dir
audit-consensus-v2-seed5,m01_motions,council motions tabled,,,analytics.json,analytics.metrics.council.motions,no,UNMEASURABLE: no analytics.json in run dir
audit-consensus-v2-seed5,m02_substantive,council substantive motions,,,analytics.json,analytics.metrics.council.substantive,no,UNMEASURABLE: no analytics.json in run dir
audit-consensus-v2-seed5,m03_votes_cast,negotiation votes held (denominator),,,analytics.json,analytics.metrics.negotiation.votes_cast,no,UNMEASURABLE: no analytics.json in run dir
audit-consensus-v2-seed5,m04_unanimous_votes,negotiation unanimous votes,,,analytics.json,analytics.metrics.negotiation.unanimous_votes,no,UNMEASURABLE: no analytics.json in run dir
audit-consensus-v2-seed5,m05_final_vote_unanimity,unanimous_votes / votes_cast,,,analytics.json,analytics.metrics.negotiation.final_vote_unanimity,no,UNMEASURABLE: no analytics.json in run dir
audit-consensus-v2-seed5,m06_class_INITIAL_CONSENSUS,unanimity class as stored,,,analytics.json,analytics.metrics.negotiation.unanimity_classes.INITIAL_CONSENSUS (as stored),no,UNMEASURABLE: no analytics.json in run dir
audit-consensus-v2-seed5,m07_class_NEGOTIATED_CONVERGENCE,unanimity class as stored,,,analytics.json,analytics.metrics.negotiation.unanimity_classes.NEGOTIATED_CONVERGENCE (as stored),no,UNMEASURABLE: no analytics.json in run dir
audit-consensus-v2-seed5,m08_class_CONDITIONAL_COMPROMISE,unanimity class as stored,,,analytics.json,analytics.metrics.negotiation.unanimity_classes.CONDITIONAL_COMPROMISE (as stored),no,UNMEASURABLE: no analytics.json in run dir
audit-consensus-v2-seed5,m09_class_DUPLICATE_CONSOLIDATION,unanimity class as stored,,,analytics.json,analytics.metrics.negotiation.unanimity_classes.DUPLICATE_CONSOLIDATION (as stored),no,UNMEASURABLE: no analytics.json in run dir
audit-consensus-v2-seed5,m10_class_UNKNOWN,unanimity class as stored,,,analytics.json,analytics.metrics.negotiation.unanimity_classes.UNKNOWN (as stored),no,UNMEASURABLE: no analytics.json in run dir
audit-consensus-v2-seed5,m11_position_changes,negotiation position changes,,,analytics.json,analytics.metrics.negotiation.position_changes,no,UNMEASURABLE: no analytics.json in run dir
audit-consensus-v2-seed5,m12_negotiated_convergence_count,negotiation converged count,,,analytics.json,analytics.metrics.negotiation.negotiated_convergence_count,no,UNMEASURABLE: no analytics.json in run dir
audit-consensus-v2-seed5,m13_minority_positions_maintained,minority votes maintained,,,analytics.json,analytics.metrics.negotiation.minority_positions_maintained,no,UNMEASURABLE: no analytics.json in run dir
audit-consensus-v2-seed5,m14_competing_alternatives,competing alternatives,,,analytics.json,analytics.metrics.negotiation.competing_alternatives,no,UNMEASURABLE: no analytics.json in run dir
audit-consensus-v2-seed5,m15_failed_votes,failed votes,,,analytics.json,analytics.metrics.negotiation.failed_votes,no,UNMEASURABLE: no analytics.json in run dir
audit-consensus-v2-seed5,m16_withdrawn_motions,withdrawn motions,,,analytics.json,analytics.metrics.negotiation.withdrawn_motions,no,UNMEASURABLE: no analytics.json in run dir
audit-consensus-v2-seed5,m17_motions_withdrawn_after_opposition,withdrawn after opposition,,,analytics.json,analytics.metrics.negotiation.motions_withdrawn_after_opposition,no,UNMEASURABLE: no analytics.json in run dir
audit-consensus-v2-seed5,m18_deferred_motions,deferred motions,,,analytics.json,analytics.metrics.negotiation.deferred_motions,no,UNMEASURABLE: no analytics.json in run dir
audit-consensus-v2-seed5,m19_conditional_rate,council conditional vote rate,,,analytics.json,analytics.metrics.council.conditional_rate,no,UNMEASURABLE: no analytics.json in run dir
audit-consensus-v2-seed5,m20_abstention_rate,council abstention rate,,,analytics.json,analytics.metrics.council.abstention_rate,no,UNMEASURABLE: no analytics.json in run dir
audit-consensus-v2-seed5,m21_promises_made,agents promises made,,,analytics.json,analytics.metrics.agents.promises_made,no,UNMEASURABLE: no analytics.json in run dir
audit-consensus-v2-seed5,m22_promises_kept,agents promises kept,,,analytics.json,analytics.metrics.agents.promises_kept,no,UNMEASURABLE: no analytics.json in run dir
audit-consensus-v2-seed5,m23_promises_broken,agents promises broken,,,analytics.json,analytics.metrics.agents.promises_broken,no,UNMEASURABLE: no analytics.json in run dir
audit-consensus-v2-seed5,m24_persuasion_events,agents persuasion events,,,analytics.json,analytics.metrics.agents.persuasion_events,no,UNMEASURABLE: no analytics.json in run dir
audit-consensus-v2-seed5,m25_leaks,agents leaks,,,analytics.json,analytics.metrics.agents.leaks,no,UNMEASURABLE: no analytics.json in run dir
audit-consensus-v3-seed1,m01_motions,council motions tabled,,,analytics.json,analytics.metrics.council.motions,no,UNMEASURABLE: no analytics.json in run dir
audit-consensus-v3-seed1,m02_substantive,council substantive motions,,,analytics.json,analytics.metrics.council.substantive,no,UNMEASURABLE: no analytics.json in run dir
audit-consensus-v3-seed1,m03_votes_cast,negotiation votes held (denominator),,,analytics.json,analytics.metrics.negotiation.votes_cast,no,UNMEASURABLE: no analytics.json in run dir
audit-consensus-v3-seed1,m04_unanimous_votes,negotiation unanimous votes,,,analytics.json,analytics.metrics.negotiation.unanimous_votes,no,UNMEASURABLE: no analytics.json in run dir
audit-consensus-v3-seed1,m05_final_vote_unanimity,unanimous_votes / votes_cast,,,analytics.json,analytics.metrics.negotiation.final_vote_unanimity,no,UNMEASURABLE: no analytics.json in run dir
audit-consensus-v3-seed1,m06_class_INITIAL_CONSENSUS,unanimity class as stored,,,analytics.json,analytics.metrics.negotiation.unanimity_classes.INITIAL_CONSENSUS (as stored),no,UNMEASURABLE: no analytics.json in run dir
audit-consensus-v3-seed1,m07_class_NEGOTIATED_CONVERGENCE,unanimity class as stored,,,analytics.json,analytics.metrics.negotiation.unanimity_classes.NEGOTIATED_CONVERGENCE (as stored),no,UNMEASURABLE: no analytics.json in run dir
audit-consensus-v3-seed1,m08_class_CONDITIONAL_COMPROMISE,unanimity class as stored,,,analytics.json,analytics.metrics.negotiation.unanimity_classes.CONDITIONAL_COMPROMISE (as stored),no,UNMEASURABLE: no analytics.json in run dir
audit-consensus-v3-seed1,m09_class_DUPLICATE_CONSOLIDATION,unanimity class as stored,,,analytics.json,analytics.metrics.negotiation.unanimity_classes.DUPLICATE_CONSOLIDATION (as stored),no,UNMEASURABLE: no analytics.json in run dir
audit-consensus-v3-seed1,m10_class_UNKNOWN,unanimity class as stored,,,analytics.json,analytics.metrics.negotiation.unanimity_classes.UNKNOWN (as stored),no,UNMEASURABLE: no analytics.json in run dir
audit-consensus-v3-seed1,m11_position_changes,negotiation position changes,,,analytics.json,analytics.metrics.negotiation.position_changes,no,UNMEASURABLE: no analytics.json in run dir
audit-consensus-v3-seed1,m12_negotiated_convergence_count,negotiation converged count,,,analytics.json,analytics.metrics.negotiation.negotiated_convergence_count,no,UNMEASURABLE: no analytics.json in run dir
audit-consensus-v3-seed1,m13_minority_positions_maintained,minority votes maintained,,,analytics.json,analytics.metrics.negotiation.minority_positions_maintained,no,UNMEASURABLE: no analytics.json in run dir
audit-consensus-v3-seed1,m14_competing_alternatives,competing alternatives,,,analytics.json,analytics.metrics.negotiation.competing_alternatives,no,UNMEASURABLE: no analytics.json in run dir
audit-consensus-v3-seed1,m15_failed_votes,failed votes,,,analytics.json,analytics.metrics.negotiation.failed_votes,no,UNMEASURABLE: no analytics.json in run dir
audit-consensus-v3-seed1,m16_withdrawn_motions,withdrawn motions,,,analytics.json,analytics.metrics.negotiation.withdrawn_motions,no,UNMEASURABLE: no analytics.json in run dir
audit-consensus-v3-seed1,m17_motions_withdrawn_after_opposition,withdrawn after opposition,,,analytics.json,analytics.metrics.negotiation.motions_withdrawn_after_opposition,no,UNMEASURABLE: no analytics.json in run dir
audit-consensus-v3-seed1,m18_deferred_motions,deferred motions,,,analytics.json,analytics.metrics.negotiation.deferred_motions,no,UNMEASURABLE: no analytics.json in run dir
audit-consensus-v3-seed1,m19_conditional_rate,council conditional vote rate,,,analytics.json,analytics.metrics.council.conditional_rate,no,UNMEASURABLE: no analytics.json in run dir
audit-consensus-v3-seed1,m20_abstention_rate,council abstention rate,,,analytics.json,analytics.metrics.council.abstention_rate,no,UNMEASURABLE: no analytics.json in run dir
audit-consensus-v3-seed1,m21_promises_made,agents promises made,,,analytics.json,analytics.metrics.agents.promises_made,no,UNMEASURABLE: no analytics.json in run dir
audit-consensus-v3-seed1,m22_promises_kept,agents promises kept,,,analytics.json,analytics.metrics.agents.promises_kept,no,UNMEASURABLE: no analytics.json in run dir
audit-consensus-v3-seed1,m23_promises_broken,agents promises broken,,,analytics.json,analytics.metrics.agents.promises_broken,no,UNMEASURABLE: no analytics.json in run dir
audit-consensus-v3-seed1,m24_persuasion_events,agents persuasion events,,,analytics.json,analytics.metrics.agents.persuasion_events,no,UNMEASURABLE: no analytics.json in run dir
audit-consensus-v3-seed1,m25_leaks,agents leaks,,,analytics.json,analytics.metrics.agents.leaks,no,UNMEASURABLE: no analytics.json in run dir
audit-consensus-v3-seed2,m01_motions,council motions tabled,,,analytics.json,analytics.metrics.council.motions,no,UNMEASURABLE: no analytics.json in run dir
audit-consensus-v3-seed2,m02_substantive,council substantive motions,,,analytics.json,analytics.metrics.council.substantive,no,UNMEASURABLE: no analytics.json in run dir
audit-consensus-v3-seed2,m03_votes_cast,negotiation votes held (denominator),,,analytics.json,analytics.metrics.negotiation.votes_cast,no,UNMEASURABLE: no analytics.json in run dir
audit-consensus-v3-seed2,m04_unanimous_votes,negotiation unanimous votes,,,analytics.json,analytics.metrics.negotiation.unanimous_votes,no,UNMEASURABLE: no analytics.json in run dir
audit-consensus-v3-seed2,m05_final_vote_unanimity,unanimous_votes / votes_cast,,,analytics.json,analytics.metrics.negotiation.final_vote_unanimity,no,UNMEASURABLE: no analytics.json in run dir
audit-consensus-v3-seed2,m06_class_INITIAL_CONSENSUS,unanimity class as stored,,,analytics.json,analytics.metrics.negotiation.unanimity_classes.INITIAL_CONSENSUS (as stored),no,UNMEASURABLE: no analytics.json in run dir
audit-consensus-v3-seed2,m07_class_NEGOTIATED_CONVERGENCE,unanimity class as stored,,,analytics.json,analytics.metrics.negotiation.unanimity_classes.NEGOTIATED_CONVERGENCE (as stored),no,UNMEASURABLE: no analytics.json in run dir
audit-consensus-v3-seed2,m08_class_CONDITIONAL_COMPROMISE,unanimity class as stored,,,analytics.json,analytics.metrics.negotiation.unanimity_classes.CONDITIONAL_COMPROMISE (as stored),no,UNMEASURABLE: no analytics.json in run dir
audit-consensus-v3-seed2,m09_class_DUPLICATE_CONSOLIDATION,unanimity class as stored,,,analytics.json,analytics.metrics.negotiation.unanimity_classes.DUPLICATE_CONSOLIDATION (as stored),no,UNMEASURABLE: no analytics.json in run dir
audit-consensus-v3-seed2,m10_class_UNKNOWN,unanimity class as stored,,,analytics.json,analytics.metrics.negotiation.unanimity_classes.UNKNOWN (as stored),no,UNMEASURABLE: no analytics.json in run dir
audit-consensus-v3-seed2,m11_position_changes,negotiation position changes,,,analytics.json,analytics.metrics.negotiation.position_changes,no,UNMEASURABLE: no analytics.json in run dir
audit-consensus-v3-seed2,m12_negotiated_convergence_count,negotiation converged count,,,analytics.json,analytics.metrics.negotiation.negotiated_convergence_count,no,UNMEASURABLE: no analytics.json in run dir
audit-consensus-v3-seed2,m13_minority_positions_maintained,minority votes maintained,,,analytics.json,analytics.metrics.negotiation.minority_positions_maintained,no,UNMEASURABLE: no analytics.json in run dir
audit-consensus-v3-seed2,m14_competing_alternatives,competing alternatives,,,analytics.json,analytics.metrics.negotiation.competing_alternatives,no,UNMEASURABLE: no analytics.json in run dir
audit-consensus-v3-seed2,m15_failed_votes,failed votes,,,analytics.json,analytics.metrics.negotiation.failed_votes,no,UNMEASURABLE: no analytics.json in run dir
audit-consensus-v3-seed2,m16_withdrawn_motions,withdrawn motions,,,analytics.json,analytics.metrics.negotiation.withdrawn_motions,no,UNMEASURABLE: no analytics.json in run dir
audit-consensus-v3-seed2,m17_motions_withdrawn_after_opposition,withdrawn after opposition,,,analytics.json,analytics.metrics.negotiation.motions_withdrawn_after_opposition,no,UNMEASURABLE: no analytics.json in run dir
audit-consensus-v3-seed2,m18_deferred_motions,deferred motions,,,analytics.json,analytics.metrics.negotiation.deferred_motions,no,UNMEASURABLE: no analytics.json in run dir
audit-consensus-v3-seed2,m19_conditional_rate,council conditional vote rate,,,analytics.json,analytics.metrics.council.conditional_rate,no,UNMEASURABLE: no analytics.json in run dir
audit-consensus-v3-seed2,m20_abstention_rate,council abstention rate,,,analytics.json,analytics.metrics.council.abstention_rate,no,UNMEASURABLE: no analytics.json in run dir
audit-consensus-v3-seed2,m21_promises_made,agents promises made,,,analytics.json,analytics.metrics.agents.promises_made,no,UNMEASURABLE: no analytics.json in run dir
audit-consensus-v3-seed2,m22_promises_kept,agents promises kept,,,analytics.json,analytics.metrics.agents.promises_kept,no,UNMEASURABLE: no analytics.json in run dir
audit-consensus-v3-seed2,m23_promises_broken,agents promises broken,,,analytics.json,analytics.metrics.agents.promises_broken,no,UNMEASURABLE: no analytics.json in run dir
audit-consensus-v3-seed2,m24_persuasion_events,agents persuasion events,,,analytics.json,analytics.metrics.agents.persuasion_events,no,UNMEASURABLE: no analytics.json in run dir
audit-consensus-v3-seed2,m25_leaks,agents leaks,,,analytics.json,analytics.metrics.agents.leaks,no,UNMEASURABLE: no analytics.json in run dir
audit-consensus-v3-seed3,m01_motions,council motions tabled,,,analytics.json,analytics.metrics.council.motions,no,UNMEASURABLE: no analytics.json in run dir
audit-consensus-v3-seed3,m02_substantive,council substantive motions,,,analytics.json,analytics.metrics.council.substantive,no,UNMEASURABLE: no analytics.json in run dir
audit-consensus-v3-seed3,m03_votes_cast,negotiation votes held (denominator),,,analytics.json,analytics.metrics.negotiation.votes_cast,no,UNMEASURABLE: no analytics.json in run dir
audit-consensus-v3-seed3,m04_unanimous_votes,negotiation unanimous votes,,,analytics.json,analytics.metrics.negotiation.unanimous_votes,no,UNMEASURABLE: no analytics.json in run dir
audit-consensus-v3-seed3,m05_final_vote_unanimity,unanimous_votes / votes_cast,,,analytics.json,analytics.metrics.negotiation.final_vote_unanimity,no,UNMEASURABLE: no analytics.json in run dir
audit-consensus-v3-seed3,m06_class_INITIAL_CONSENSUS,unanimity class as stored,,,analytics.json,analytics.metrics.negotiation.unanimity_classes.INITIAL_CONSENSUS (as stored),no,UNMEASURABLE: no analytics.json in run dir
audit-consensus-v3-seed3,m07_class_NEGOTIATED_CONVERGENCE,unanimity class as stored,,,analytics.json,analytics.metrics.negotiation.unanimity_classes.NEGOTIATED_CONVERGENCE (as stored),no,UNMEASURABLE: no analytics.json in run dir
audit-consensus-v3-seed3,m08_class_CONDITIONAL_COMPROMISE,unanimity class as stored,,,analytics.json,analytics.metrics.negotiation.unanimity_classes.CONDITIONAL_COMPROMISE (as stored),no,UNMEASURABLE: no analytics.json in run dir
audit-consensus-v3-seed3,m09_class_DUPLICATE_CONSOLIDATION,unanimity class as stored,,,analytics.json,analytics.metrics.negotiation.unanimity_classes.DUPLICATE_CONSOLIDATION (as stored),no,UNMEASURABLE: no analytics.json in run dir
audit-consensus-v3-seed3,m10_class_UNKNOWN,unanimity class as stored,,,analytics.json,analytics.metrics.negotiation.unanimity_classes.UNKNOWN (as stored),no,UNMEASURABLE: no analytics.json in run dir
audit-consensus-v3-seed3,m11_position_changes,negotiation position changes,,,analytics.json,analytics.metrics.negotiation.position_changes,no,UNMEASURABLE: no analytics.json in run dir
audit-consensus-v3-seed3,m12_negotiated_convergence_count,negotiation converged count,,,analytics.json,analytics.metrics.negotiation.negotiated_convergence_count,no,UNMEASURABLE: no analytics.json in run dir
audit-consensus-v3-seed3,m13_minority_positions_maintained,minority votes maintained,,,analytics.json,analytics.metrics.negotiation.minority_positions_maintained,no,UNMEASURABLE: no analytics.json in run dir
audit-consensus-v3-seed3,m14_competing_alternatives,competing alternatives,,,analytics.json,analytics.metrics.negotiation.competing_alternatives,no,UNMEASURABLE: no analytics.json in run dir
audit-consensus-v3-seed3,m15_failed_votes,failed votes,,,analytics.json,analytics.metrics.negotiation.failed_votes,no,UNMEASURABLE: no analytics.json in run dir
audit-consensus-v3-seed3,m16_withdrawn_motions,withdrawn motions,,,analytics.json,analytics.metrics.negotiation.withdrawn_motions,no,UNMEASURABLE: no analytics.json in run dir
audit-consensus-v3-seed3,m17_motions_withdrawn_after_opposition,withdrawn after opposition,,,analytics.json,analytics.metrics.negotiation.motions_withdrawn_after_opposition,no,UNMEASURABLE: no analytics.json in run dir
audit-consensus-v3-seed3,m18_deferred_motions,deferred motions,,,analytics.json,analytics.metrics.negotiation.deferred_motions,no,UNMEASURABLE: no analytics.json in run dir
audit-consensus-v3-seed3,m19_conditional_rate,council conditional vote rate,,,analytics.json,analytics.metrics.council.conditional_rate,no,UNMEASURABLE: no analytics.json in run dir
audit-consensus-v3-seed3,m20_abstention_rate,council abstention rate,,,analytics.json,analytics.metrics.council.abstention_rate,no,UNMEASURABLE: no analytics.json in run dir
audit-consensus-v3-seed3,m21_promises_made,agents promises made,,,analytics.json,analytics.metrics.agents.promises_made,no,UNMEASURABLE: no analytics.json in run dir
audit-consensus-v3-seed3,m22_promises_kept,agents promises kept,,,analytics.json,analytics.metrics.agents.promises_kept,no,UNMEASURABLE: no analytics.json in run dir
audit-consensus-v3-seed3,m23_promises_broken,agents promises broken,,,analytics.json,analytics.metrics.agents.promises_broken,no,UNMEASURABLE: no analytics.json in run dir
audit-consensus-v3-seed3,m24_persuasion_events,agents persuasion events,,,analytics.json,analytics.metrics.agents.persuasion_events,no,UNMEASURABLE: no analytics.json in run dir
audit-consensus-v3-seed3,m25_leaks,agents leaks,,,analytics.json,analytics.metrics.agents.leaks,no,UNMEASURABLE: no analytics.json in run dir
audit-consensus-v3-seed4,m01_motions,council motions tabled,,,analytics.json,analytics.metrics.council.motions,no,UNMEASURABLE: no analytics.json in run dir
audit-consensus-v3-seed4,m02_substantive,council substantive motions,,,analytics.json,analytics.metrics.council.substantive,no,UNMEASURABLE: no analytics.json in run dir
audit-consensus-v3-seed4,m03_votes_cast,negotiation votes held (denominator),,,analytics.json,analytics.metrics.negotiation.votes_cast,no,UNMEASURABLE: no analytics.json in run dir
audit-consensus-v3-seed4,m04_unanimous_votes,negotiation unanimous votes,,,analytics.json,analytics.metrics.negotiation.unanimous_votes,no,UNMEASURABLE: no analytics.json in run dir
audit-consensus-v3-seed4,m05_final_vote_unanimity,unanimous_votes / votes_cast,,,analytics.json,analytics.metrics.negotiation.final_vote_unanimity,no,UNMEASURABLE: no analytics.json in run dir
audit-consensus-v3-seed4,m06_class_INITIAL_CONSENSUS,unanimity class as stored,,,analytics.json,analytics.metrics.negotiation.unanimity_classes.INITIAL_CONSENSUS (as stored),no,UNMEASURABLE: no analytics.json in run dir
audit-consensus-v3-seed4,m07_class_NEGOTIATED_CONVERGENCE,unanimity class as stored,,,analytics.json,analytics.metrics.negotiation.unanimity_classes.NEGOTIATED_CONVERGENCE (as stored),no,UNMEASURABLE: no analytics.json in run dir
audit-consensus-v3-seed4,m08_class_CONDITIONAL_COMPROMISE,unanimity class as stored,,,analytics.json,analytics.metrics.negotiation.unanimity_classes.CONDITIONAL_COMPROMISE (as stored),no,UNMEASURABLE: no analytics.json in run dir
audit-consensus-v3-seed4,m09_class_DUPLICATE_CONSOLIDATION,unanimity class as stored,,,analytics.json,analytics.metrics.negotiation.unanimity_classes.DUPLICATE_CONSOLIDATION (as stored),no,UNMEASURABLE: no analytics.json in run dir
audit-consensus-v3-seed4,m10_class_UNKNOWN,unanimity class as stored,,,analytics.json,analytics.metrics.negotiation.unanimity_classes.UNKNOWN (as stored),no,UNMEASURABLE: no analytics.json in run dir
audit-consensus-v3-seed4,m11_position_changes,negotiation position changes,,,analytics.json,analytics.metrics.negotiation.position_changes,no,UNMEASURABLE: no analytics.json in run dir
audit-consensus-v3-seed4,m12_negotiated_convergence_count,negotiation converged count,,,analytics.json,analytics.metrics.negotiation.negotiated_convergence_count,no,UNMEASURABLE: no analytics.json in run dir
audit-consensus-v3-seed4,m13_minority_positions_maintained,minority votes maintained,,,analytics.json,analytics.metrics.negotiation.minority_positions_maintained,no,UNMEASURABLE: no analytics.json in run dir
audit-consensus-v3-seed4,m14_competing_alternatives,competing alternatives,,,analytics.json,analytics.metrics.negotiation.competing_alternatives,no,UNMEASURABLE: no analytics.json in run dir
audit-consensus-v3-seed4,m15_failed_votes,failed votes,,,analytics.json,analytics.metrics.negotiation.failed_votes,no,UNMEASURABLE: no analytics.json in run dir
audit-consensus-v3-seed4,m16_withdrawn_motions,withdrawn motions,,,analytics.json,analytics.metrics.negotiation.withdrawn_motions,no,UNMEASURABLE: no analytics.json in run dir
audit-consensus-v3-seed4,m17_motions_withdrawn_after_opposition,withdrawn after opposition,,,analytics.json,analytics.metrics.negotiation.motions_withdrawn_after_opposition,no,UNMEASURABLE: no analytics.json in run dir
audit-consensus-v3-seed4,m18_deferred_motions,deferred motions,,,analytics.json,analytics.metrics.negotiation.deferred_motions,no,UNMEASURABLE: no analytics.json in run dir
audit-consensus-v3-seed4,m19_conditional_rate,council conditional vote rate,,,analytics.json,analytics.metrics.council.conditional_rate,no,UNMEASURABLE: no analytics.json in run dir
audit-consensus-v3-seed4,m20_abstention_rate,council abstention rate,,,analytics.json,analytics.metrics.council.abstention_rate,no,UNMEASURABLE: no analytics.json in run dir
audit-consensus-v3-seed4,m21_promises_made,agents promises made,,,analytics.json,analytics.metrics.agents.promises_made,no,UNMEASURABLE: no analytics.json in run dir
audit-consensus-v3-seed4,m22_promises_kept,agents promises kept,,,analytics.json,analytics.metrics.agents.promises_kept,no,UNMEASURABLE: no analytics.json in run dir
audit-consensus-v3-seed4,m23_promises_broken,agents promises broken,,,analytics.json,analytics.metrics.agents.promises_broken,no,UNMEASURABLE: no analytics.json in run dir
audit-consensus-v3-seed4,m24_persuasion_events,agents persuasion events,,,analytics.json,analytics.metrics.agents.persuasion_events,no,UNMEASURABLE: no analytics.json in run dir
audit-consensus-v3-seed4,m25_leaks,agents leaks,,,analytics.json,analytics.metrics.agents.leaks,no,UNMEASURABLE: no analytics.json in run dir
audit-consensus-v3-seed5,m01_motions,council motions tabled,,,analytics.json,analytics.metrics.council.motions,no,UNMEASURABLE: no analytics.json in run dir
audit-consensus-v3-seed5,m02_substantive,council substantive motions,,,analytics.json,analytics.metrics.council.substantive,no,UNMEASURABLE: no analytics.json in run dir
audit-consensus-v3-seed5,m03_votes_cast,negotiation votes held (denominator),,,analytics.json,analytics.metrics.negotiation.votes_cast,no,UNMEASURABLE: no analytics.json in run dir
audit-consensus-v3-seed5,m04_unanimous_votes,negotiation unanimous votes,,,analytics.json,analytics.metrics.negotiation.unanimous_votes,no,UNMEASURABLE: no analytics.json in run dir
audit-consensus-v3-seed5,m05_final_vote_unanimity,unanimous_votes / votes_cast,,,analytics.json,analytics.metrics.negotiation.final_vote_unanimity,no,UNMEASURABLE: no analytics.json in run dir
audit-consensus-v3-seed5,m06_class_INITIAL_CONSENSUS,unanimity class as stored,,,analytics.json,analytics.metrics.negotiation.unanimity_classes.INITIAL_CONSENSUS (as stored),no,UNMEASURABLE: no analytics.json in run dir
audit-consensus-v3-seed5,m07_class_NEGOTIATED_CONVERGENCE,unanimity class as stored,,,analytics.json,analytics.metrics.negotiation.unanimity_classes.NEGOTIATED_CONVERGENCE (as stored),no,UNMEASURABLE: no analytics.json in run dir
audit-consensus-v3-seed5,m08_class_CONDITIONAL_COMPROMISE,unanimity class as stored,,,analytics.json,analytics.metrics.negotiation.unanimity_classes.CONDITIONAL_COMPROMISE (as stored),no,UNMEASURABLE: no analytics.json in run dir
audit-consensus-v3-seed5,m09_class_DUPLICATE_CONSOLIDATION,unanimity class as stored,,,analytics.json,analytics.metrics.negotiation.unanimity_classes.DUPLICATE_CONSOLIDATION (as stored),no,UNMEASURABLE: no analytics.json in run dir
audit-consensus-v3-seed5,m10_class_UNKNOWN,unanimity class as stored,,,analytics.json,analytics.metrics.negotiation.unanimity_classes.UNKNOWN (as stored),no,UNMEASURABLE: no analytics.json in run dir
audit-consensus-v3-seed5,m11_position_changes,negotiation position changes,,,analytics.json,analytics.metrics.negotiation.position_changes,no,UNMEASURABLE: no analytics.json in run dir
audit-consensus-v3-seed5,m12_negotiated_convergence_count,negotiation converged count,,,analytics.json,analytics.metrics.negotiation.negotiated_convergence_count,no,UNMEASURABLE: no analytics.json in run dir
audit-consensus-v3-seed5,m13_minority_positions_maintained,minority votes maintained,,,analytics.json,analytics.metrics.negotiation.minority_positions_maintained,no,UNMEASURABLE: no analytics.json in run dir
audit-consensus-v3-seed5,m14_competing_alternatives,competing alternatives,,,analytics.json,analytics.metrics.negotiation.competing_alternatives,no,UNMEASURABLE: no analytics.json in run dir
audit-consensus-v3-seed5,m15_failed_votes,failed votes,,,analytics.json,analytics.metrics.negotiation.failed_votes,no,UNMEASURABLE: no analytics.json in run dir
audit-consensus-v3-seed5,m16_withdrawn_motions,withdrawn motions,,,analytics.json,analytics.metrics.negotiation.withdrawn_motions,no,UNMEASURABLE: no analytics.json in run dir
audit-consensus-v3-seed5,m17_motions_withdrawn_after_opposition,withdrawn after opposition,,,analytics.json,analytics.metrics.negotiation.motions_withdrawn_after_opposition,no,UNMEASURABLE: no analytics.json in run dir
audit-consensus-v3-seed5,m18_deferred_motions,deferred motions,,,analytics.json,analytics.metrics.negotiation.deferred_motions,no,UNMEASURABLE: no analytics.json in run dir
audit-consensus-v3-seed5,m19_conditional_rate,council conditional vote rate,,,analytics.json,analytics.metrics.council.conditional_rate,no,UNMEASURABLE: no analytics.json in run dir
audit-consensus-v3-seed5,m20_abstention_rate,council abstention rate,,,analytics.json,analytics.metrics.council.abstention_rate,no,UNMEASURABLE: no analytics.json in run dir
audit-consensus-v3-seed5,m21_promises_made,agents promises made,,,analytics.json,analytics.metrics.agents.promises_made,no,UNMEASURABLE: no analytics.json in run dir
audit-consensus-v3-seed5,m22_promises_kept,agents promises kept,,,analytics.json,analytics.metrics.agents.promises_kept,no,UNMEASURABLE: no analytics.json in run dir
audit-consensus-v3-seed5,m23_promises_broken,agents promises broken,,,analytics.json,analytics.metrics.agents.promises_broken,no,UNMEASURABLE: no analytics.json in run dir
audit-consensus-v3-seed5,m24_persuasion_events,agents persuasion events,,,analytics.json,analytics.metrics.agents.persuasion_events,no,UNMEASURABLE: no analytics.json in run dir
audit-consensus-v3-seed5,m25_leaks,agents leaks,,,analytics.json,analytics.metrics.agents.leaks,no,UNMEASURABLE: no analytics.json in run dir
audit-consensus-v4-seed1,m01_motions,council motions tabled,,,analytics.json,analytics.metrics.council.motions,no,UNMEASURABLE: no analytics.json in run dir
audit-consensus-v4-seed1,m02_substantive,council substantive motions,,,analytics.json,analytics.metrics.council.substantive,no,UNMEASURABLE: no analytics.json in run dir
audit-consensus-v4-seed1,m03_votes_cast,negotiation votes held (denominator),,,analytics.json,analytics.metrics.negotiation.votes_cast,no,UNMEASURABLE: no analytics.json in run dir
audit-consensus-v4-seed1,m04_unanimous_votes,negotiation unanimous votes,,,analytics.json,analytics.metrics.negotiation.unanimous_votes,no,UNMEASURABLE: no analytics.json in run dir
audit-consensus-v4-seed1,m05_final_vote_unanimity,unanimous_votes / votes_cast,,,analytics.json,analytics.metrics.negotiation.final_vote_unanimity,no,UNMEASURABLE: no analytics.json in run dir
audit-consensus-v4-seed1,m06_class_INITIAL_CONSENSUS,unanimity class as stored,,,analytics.json,analytics.metrics.negotiation.unanimity_classes.INITIAL_CONSENSUS (as stored),no,UNMEASURABLE: no analytics.json in run dir
audit-consensus-v4-seed1,m07_class_NEGOTIATED_CONVERGENCE,unanimity class as stored,,,analytics.json,analytics.metrics.negotiation.unanimity_classes.NEGOTIATED_CONVERGENCE (as stored),no,UNMEASURABLE: no analytics.json in run dir
audit-consensus-v4-seed1,m08_class_CONDITIONAL_COMPROMISE,unanimity class as stored,,,analytics.json,analytics.metrics.negotiation.unanimity_classes.CONDITIONAL_COMPROMISE (as stored),no,UNMEASURABLE: no analytics.json in run dir
audit-consensus-v4-seed1,m09_class_DUPLICATE_CONSOLIDATION,unanimity class as stored,,,analytics.json,analytics.metrics.negotiation.unanimity_classes.DUPLICATE_CONSOLIDATION (as stored),no,UNMEASURABLE: no analytics.json in run dir
audit-consensus-v4-seed1,m10_class_UNKNOWN,unanimity class as stored,,,analytics.json,analytics.metrics.negotiation.unanimity_classes.UNKNOWN (as stored),no,UNMEASURABLE: no analytics.json in run dir
audit-consensus-v4-seed1,m11_position_changes,negotiation position changes,,,analytics.json,analytics.metrics.negotiation.position_changes,no,UNMEASURABLE: no analytics.json in run dir
audit-consensus-v4-seed1,m12_negotiated_convergence_count,negotiation converged count,,,analytics.json,analytics.metrics.negotiation.negotiated_convergence_count,no,UNMEASURABLE: no analytics.json in run dir
audit-consensus-v4-seed1,m13_minority_positions_maintained,minority votes maintained,,,analytics.json,analytics.metrics.negotiation.minority_positions_maintained,no,UNMEASURABLE: no analytics.json in run dir
audit-consensus-v4-seed1,m14_competing_alternatives,competing alternatives,,,analytics.json,analytics.metrics.negotiation.competing_alternatives,no,UNMEASURABLE: no analytics.json in run dir
audit-consensus-v4-seed1,m15_failed_votes,failed votes,,,analytics.json,analytics.metrics.negotiation.failed_votes,no,UNMEASURABLE: no analytics.json in run dir
audit-consensus-v4-seed1,m16_withdrawn_motions,withdrawn motions,,,analytics.json,analytics.metrics.negotiation.withdrawn_motions,no,UNMEASURABLE: no analytics.json in run dir
audit-consensus-v4-seed1,m17_motions_withdrawn_after_opposition,withdrawn after opposition,,,analytics.json,analytics.metrics.negotiation.motions_withdrawn_after_opposition,no,UNMEASURABLE: no analytics.json in run dir
audit-consensus-v4-seed1,m18_deferred_motions,deferred motions,,,analytics.json,analytics.metrics.negotiation.deferred_motions,no,UNMEASURABLE: no analytics.json in run dir
audit-consensus-v4-seed1,m19_conditional_rate,council conditional vote rate,,,analytics.json,analytics.metrics.council.conditional_rate,no,UNMEASURABLE: no analytics.json in run dir
audit-consensus-v4-seed1,m20_abstention_rate,council abstention rate,,,analytics.json,analytics.metrics.council.abstention_rate,no,UNMEASURABLE: no analytics.json in run dir
audit-consensus-v4-seed1,m21_promises_made,agents promises made,,,analytics.json,analytics.metrics.agents.promises_made,no,UNMEASURABLE: no analytics.json in run dir
audit-consensus-v4-seed1,m22_promises_kept,agents promises kept,,,analytics.json,analytics.metrics.agents.promises_kept,no,UNMEASURABLE: no analytics.json in run dir
audit-consensus-v4-seed1,m23_promises_broken,agents promises broken,,,analytics.json,analytics.metrics.agents.promises_broken,no,UNMEASURABLE: no analytics.json in run dir
audit-consensus-v4-seed1,m24_persuasion_events,agents persuasion events,,,analytics.json,analytics.metrics.agents.persuasion_events,no,UNMEASURABLE: no analytics.json in run dir
audit-consensus-v4-seed1,m25_leaks,agents leaks,,,analytics.json,analytics.metrics.agents.leaks,no,UNMEASURABLE: no analytics.json in run dir
audit-consensus-v4-seed2,m01_motions,council motions tabled,,,analytics.json,analytics.metrics.council.motions,no,UNMEASURABLE: no analytics.json in run dir
audit-consensus-v4-seed2,m02_substantive,council substantive motions,,,analytics.json,analytics.metrics.council.substantive,no,UNMEASURABLE: no analytics.json in run dir
audit-consensus-v4-seed2,m03_votes_cast,negotiation votes held (denominator),,,analytics.json,analytics.metrics.negotiation.votes_cast,no,UNMEASURABLE: no analytics.json in run dir
audit-consensus-v4-seed2,m04_unanimous_votes,negotiation unanimous votes,,,analytics.json,analytics.metrics.negotiation.unanimous_votes,no,UNMEASURABLE: no analytics.json in run dir
audit-consensus-v4-seed2,m05_final_vote_unanimity,unanimous_votes / votes_cast,,,analytics.json,analytics.metrics.negotiation.final_vote_unanimity,no,UNMEASURABLE: no analytics.json in run dir
audit-consensus-v4-seed2,m06_class_INITIAL_CONSENSUS,unanimity class as stored,,,analytics.json,analytics.metrics.negotiation.unanimity_classes.INITIAL_CONSENSUS (as stored),no,UNMEASURABLE: no analytics.json in run dir
audit-consensus-v4-seed2,m07_class_NEGOTIATED_CONVERGENCE,unanimity class as stored,,,analytics.json,analytics.metrics.negotiation.unanimity_classes.NEGOTIATED_CONVERGENCE (as stored),no,UNMEASURABLE: no analytics.json in run dir
audit-consensus-v4-seed2,m08_class_CONDITIONAL_COMPROMISE,unanimity class as stored,,,analytics.json,analytics.metrics.negotiation.unanimity_classes.CONDITIONAL_COMPROMISE (as stored),no,UNMEASURABLE: no analytics.json in run dir
audit-consensus-v4-seed2,m09_class_DUPLICATE_CONSOLIDATION,unanimity class as stored,,,analytics.json,analytics.metrics.negotiation.unanimity_classes.DUPLICATE_CONSOLIDATION (as stored),no,UNMEASURABLE: no analytics.json in run dir
audit-consensus-v4-seed2,m10_class_UNKNOWN,unanimity class as stored,,,analytics.json,analytics.metrics.negotiation.unanimity_classes.UNKNOWN (as stored),no,UNMEASURABLE: no analytics.json in run dir
audit-consensus-v4-seed2,m11_position_changes,negotiation position changes,,,analytics.json,analytics.metrics.negotiation.position_changes,no,UNMEASURABLE: no analytics.json in run dir
audit-consensus-v4-seed2,m12_negotiated_convergence_count,negotiation converged count,,,analytics.json,analytics.metrics.negotiation.negotiated_convergence_count,no,UNMEASURABLE: no analytics.json in run dir
audit-consensus-v4-seed2,m13_minority_positions_maintained,minority votes maintained,,,analytics.json,analytics.metrics.negotiation.minority_positions_maintained,no,UNMEASURABLE: no analytics.json in run dir
audit-consensus-v4-seed2,m14_competing_alternatives,competing alternatives,,,analytics.json,analytics.metrics.negotiation.competing_alternatives,no,UNMEASURABLE: no analytics.json in run dir
audit-consensus-v4-seed2,m15_failed_votes,failed votes,,,analytics.json,analytics.metrics.negotiation.failed_votes,no,UNMEASURABLE: no analytics.json in run dir
audit-consensus-v4-seed2,m16_withdrawn_motions,withdrawn motions,,,analytics.json,analytics.metrics.negotiation.withdrawn_motions,no,UNMEASURABLE: no analytics.json in run dir
audit-consensus-v4-seed2,m17_motions_withdrawn_after_opposition,withdrawn after opposition,,,analytics.json,analytics.metrics.negotiation.motions_withdrawn_after_opposition,no,UNMEASURABLE: no analytics.json in run dir
audit-consensus-v4-seed2,m18_deferred_motions,deferred motions,,,analytics.json,analytics.metrics.negotiation.deferred_motions,no,UNMEASURABLE: no analytics.json in run dir
audit-consensus-v4-seed2,m19_conditional_rate,council conditional vote rate,,,analytics.json,analytics.metrics.council.conditional_rate,no,UNMEASURABLE: no analytics.json in run dir
audit-consensus-v4-seed2,m20_abstention_rate,council abstention rate,,,analytics.json,analytics.metrics.council.abstention_rate,no,UNMEASURABLE: no analytics.json in run dir
audit-consensus-v4-seed2,m21_promises_made,agents promises made,,,analytics.json,analytics.metrics.agents.promises_made,no,UNMEASURABLE: no analytics.json in run dir
audit-consensus-v4-seed2,m22_promises_kept,agents promises kept,,,analytics.json,analytics.metrics.agents.promises_kept,no,UNMEASURABLE: no analytics.json in run dir
audit-consensus-v4-seed2,m23_promises_broken,agents promises broken,,,analytics.json,analytics.metrics.agents.promises_broken,no,UNMEASURABLE: no analytics.json in run dir
audit-consensus-v4-seed2,m24_persuasion_events,agents persuasion events,,,analytics.json,analytics.metrics.agents.persuasion_events,no,UNMEASURABLE: no analytics.json in run dir
audit-consensus-v4-seed2,m25_leaks,agents leaks,,,analytics.json,analytics.metrics.agents.leaks,no,UNMEASURABLE: no analytics.json in run dir
audit-consensus-v4-seed3,m01_motions,council motions tabled,,,analytics.json,analytics.metrics.council.motions,no,UNMEASURABLE: no analytics.json in run dir
audit-consensus-v4-seed3,m02_substantive,council substantive motions,,,analytics.json,analytics.metrics.council.substantive,no,UNMEASURABLE: no analytics.json in run dir
audit-consensus-v4-seed3,m03_votes_cast,negotiation votes held (denominator),,,analytics.json,analytics.metrics.negotiation.votes_cast,no,UNMEASURABLE: no analytics.json in run dir
audit-consensus-v4-seed3,m04_unanimous_votes,negotiation unanimous votes,,,analytics.json,analytics.metrics.negotiation.unanimous_votes,no,UNMEASURABLE: no analytics.json in run dir
audit-consensus-v4-seed3,m05_final_vote_unanimity,unanimous_votes / votes_cast,,,analytics.json,analytics.metrics.negotiation.final_vote_unanimity,no,UNMEASURABLE: no analytics.json in run dir
audit-consensus-v4-seed3,m06_class_INITIAL_CONSENSUS,unanimity class as stored,,,analytics.json,analytics.metrics.negotiation.unanimity_classes.INITIAL_CONSENSUS (as stored),no,UNMEASURABLE: no analytics.json in run dir
audit-consensus-v4-seed3,m07_class_NEGOTIATED_CONVERGENCE,unanimity class as stored,,,analytics.json,analytics.metrics.negotiation.unanimity_classes.NEGOTIATED_CONVERGENCE (as stored),no,UNMEASURABLE: no analytics.json in run dir
audit-consensus-v4-seed3,m08_class_CONDITIONAL_COMPROMISE,unanimity class as stored,,,analytics.json,analytics.metrics.negotiation.unanimity_classes.CONDITIONAL_COMPROMISE (as stored),no,UNMEASURABLE: no analytics.json in run dir
audit-consensus-v4-seed3,m09_class_DUPLICATE_CONSOLIDATION,unanimity class as stored,,,analytics.json,analytics.metrics.negotiation.unanimity_classes.DUPLICATE_CONSOLIDATION (as stored),no,UNMEASURABLE: no analytics.json in run dir
audit-consensus-v4-seed3,m10_class_UNKNOWN,unanimity class as stored,,,analytics.json,analytics.metrics.negotiation.unanimity_classes.UNKNOWN (as stored),no,UNMEASURABLE: no analytics.json in run dir
audit-consensus-v4-seed3,m11_position_changes,negotiation position changes,,,analytics.json,analytics.metrics.negotiation.position_changes,no,UNMEASURABLE: no analytics.json in run dir
audit-consensus-v4-seed3,m12_negotiated_convergence_count,negotiation converged count,,,analytics.json,analytics.metrics.negotiation.negotiated_convergence_count,no,UNMEASURABLE: no analytics.json in run dir
audit-consensus-v4-seed3,m13_minority_positions_maintained,minority votes maintained,,,analytics.json,analytics.metrics.negotiation.minority_positions_maintained,no,UNMEASURABLE: no analytics.json in run dir
audit-consensus-v4-seed3,m14_competing_alternatives,competing alternatives,,,analytics.json,analytics.metrics.negotiation.competing_alternatives,no,UNMEASURABLE: no analytics.json in run dir
audit-consensus-v4-seed3,m15_failed_votes,failed votes,,,analytics.json,analytics.metrics.negotiation.failed_votes,no,UNMEASURABLE: no analytics.json in run dir
audit-consensus-v4-seed3,m16_withdrawn_motions,withdrawn motions,,,analytics.json,analytics.metrics.negotiation.withdrawn_motions,no,UNMEASURABLE: no analytics.json in run dir
audit-consensus-v4-seed3,m17_motions_withdrawn_after_opposition,withdrawn after opposition,,,analytics.json,analytics.metrics.negotiation.motions_withdrawn_after_opposition,no,UNMEASURABLE: no analytics.json in run dir
audit-consensus-v4-seed3,m18_deferred_motions,deferred motions,,,analytics.json,analytics.metrics.negotiation.deferred_motions,no,UNMEASURABLE: no analytics.json in run dir
audit-consensus-v4-seed3,m19_conditional_rate,council conditional vote rate,,,analytics.json,analytics.metrics.council.conditional_rate,no,UNMEASURABLE: no analytics.json in run dir
audit-consensus-v4-seed3,m20_abstention_rate,council abstention rate,,,analytics.json,analytics.metrics.council.abstention_rate,no,UNMEASURABLE: no analytics.json in run dir
audit-consensus-v4-seed3,m21_promises_made,agents promises made,,,analytics.json,analytics.metrics.agents.promises_made,no,UNMEASURABLE: no analytics.json in run dir
audit-consensus-v4-seed3,m22_promises_kept,agents promises kept,,,analytics.json,analytics.metrics.agents.promises_kept,no,UNMEASURABLE: no analytics.json in run dir
audit-consensus-v4-seed3,m23_promises_broken,agents promises broken,,,analytics.json,analytics.metrics.agents.promises_broken,no,UNMEASURABLE: no analytics.json in run dir
audit-consensus-v4-seed3,m24_persuasion_events,agents persuasion events,,,analytics.json,analytics.metrics.agents.persuasion_events,no,UNMEASURABLE: no analytics.json in run dir
audit-consensus-v4-seed3,m25_leaks,agents leaks,,,analytics.json,analytics.metrics.agents.leaks,no,UNMEASURABLE: no analytics.json in run dir
audit-consensus-v4-seed4,m01_motions,council motions tabled,,,analytics.json,analytics.metrics.council.motions,no,UNMEASURABLE: no analytics.json in run dir
audit-consensus-v4-seed4,m02_substantive,council substantive motions,,,analytics.json,analytics.metrics.council.substantive,no,UNMEASURABLE: no analytics.json in run dir
audit-consensus-v4-seed4,m03_votes_cast,negotiation votes held (denominator),,,analytics.json,analytics.metrics.negotiation.votes_cast,no,UNMEASURABLE: no analytics.json in run dir
audit-consensus-v4-seed4,m04_unanimous_votes,negotiation unanimous votes,,,analytics.json,analytics.metrics.negotiation.unanimous_votes,no,UNMEASURABLE: no analytics.json in run dir
audit-consensus-v4-seed4,m05_final_vote_unanimity,unanimous_votes / votes_cast,,,analytics.json,analytics.metrics.negotiation.final_vote_unanimity,no,UNMEASURABLE: no analytics.json in run dir
audit-consensus-v4-seed4,m06_class_INITIAL_CONSENSUS,unanimity class as stored,,,analytics.json,analytics.metrics.negotiation.unanimity_classes.INITIAL_CONSENSUS (as stored),no,UNMEASURABLE: no analytics.json in run dir
audit-consensus-v4-seed4,m07_class_NEGOTIATED_CONVERGENCE,unanimity class as stored,,,analytics.json,analytics.metrics.negotiation.unanimity_classes.NEGOTIATED_CONVERGENCE (as stored),no,UNMEASURABLE: no analytics.json in run dir
audit-consensus-v4-seed4,m08_class_CONDITIONAL_COMPROMISE,unanimity class as stored,,,analytics.json,analytics.metrics.negotiation.unanimity_classes.CONDITIONAL_COMPROMISE (as stored),no,UNMEASURABLE: no analytics.json in run dir
audit-consensus-v4-seed4,m09_class_DUPLICATE_CONSOLIDATION,unanimity class as stored,,,analytics.json,analytics.metrics.negotiation.unanimity_classes.DUPLICATE_CONSOLIDATION (as stored),no,UNMEASURABLE: no analytics.json in run dir
audit-consensus-v4-seed4,m10_class_UNKNOWN,unanimity class as stored,,,analytics.json,analytics.metrics.negotiation.unanimity_classes.UNKNOWN (as stored),no,UNMEASURABLE: no analytics.json in run dir
audit-consensus-v4-seed4,m11_position_changes,negotiation position changes,,,analytics.json,analytics.metrics.negotiation.position_changes,no,UNMEASURABLE: no analytics.json in run dir
audit-consensus-v4-seed4,m12_negotiated_convergence_count,negotiation converged count,,,analytics.json,analytics.metrics.negotiation.negotiated_convergence_count,no,UNMEASURABLE: no analytics.json in run dir
audit-consensus-v4-seed4,m13_minority_positions_maintained,minority votes maintained,,,analytics.json,analytics.metrics.negotiation.minority_positions_maintained,no,UNMEASURABLE: no analytics.json in run dir
audit-consensus-v4-seed4,m14_competing_alternatives,competing alternatives,,,analytics.json,analytics.metrics.negotiation.competing_alternatives,no,UNMEASURABLE: no analytics.json in run dir
audit-consensus-v4-seed4,m15_failed_votes,failed votes,,,analytics.json,analytics.metrics.negotiation.failed_votes,no,UNMEASURABLE: no analytics.json in run dir
audit-consensus-v4-seed4,m16_withdrawn_motions,withdrawn motions,,,analytics.json,analytics.metrics.negotiation.withdrawn_motions,no,UNMEASURABLE: no analytics.json in run dir
audit-consensus-v4-seed4,m17_motions_withdrawn_after_opposition,withdrawn after opposition,,,analytics.json,analytics.metrics.negotiation.motions_withdrawn_after_opposition,no,UNMEASURABLE: no analytics.json in run dir
audit-consensus-v4-seed4,m18_deferred_motions,deferred motions,,,analytics.json,analytics.metrics.negotiation.deferred_motions,no,UNMEASURABLE: no analytics.json in run dir
audit-consensus-v4-seed4,m19_conditional_rate,council conditional vote rate,,,analytics.json,analytics.metrics.council.conditional_rate,no,UNMEASURABLE: no analytics.json in run dir
audit-consensus-v4-seed4,m20_abstention_rate,council abstention rate,,,analytics.json,analytics.metrics.council.abstention_rate,no,UNMEASURABLE: no analytics.json in run dir
audit-consensus-v4-seed4,m21_promises_made,agents promises made,,,analytics.json,analytics.metrics.agents.promises_made,no,UNMEASURABLE: no analytics.json in run dir
audit-consensus-v4-seed4,m22_promises_kept,agents promises kept,,,analytics.json,analytics.metrics.agents.promises_kept,no,UNMEASURABLE: no analytics.json in run dir
audit-consensus-v4-seed4,m23_promises_broken,agents promises broken,,,analytics.json,analytics.metrics.agents.promises_broken,no,UNMEASURABLE: no analytics.json in run dir
audit-consensus-v4-seed4,m24_persuasion_events,agents persuasion events,,,analytics.json,analytics.metrics.agents.persuasion_events,no,UNMEASURABLE: no analytics.json in run dir
audit-consensus-v4-seed4,m25_leaks,agents leaks,,,analytics.json,analytics.metrics.agents.leaks,no,UNMEASURABLE: no analytics.json in run dir
audit-consensus-v4-seed5,m01_motions,council motions tabled,,,analytics.json,analytics.metrics.council.motions,no,UNMEASURABLE: no analytics.json in run dir
audit-consensus-v4-seed5,m02_substantive,council substantive motions,,,analytics.json,analytics.metrics.council.substantive,no,UNMEASURABLE: no analytics.json in run dir
audit-consensus-v4-seed5,m03_votes_cast,negotiation votes held (denominator),,,analytics.json,analytics.metrics.negotiation.votes_cast,no,UNMEASURABLE: no analytics.json in run dir
audit-consensus-v4-seed5,m04_unanimous_votes,negotiation unanimous votes,,,analytics.json,analytics.metrics.negotiation.unanimous_votes,no,UNMEASURABLE: no analytics.json in run dir
audit-consensus-v4-seed5,m05_final_vote_unanimity,unanimous_votes / votes_cast,,,analytics.json,analytics.metrics.negotiation.final_vote_unanimity,no,UNMEASURABLE: no analytics.json in run dir
audit-consensus-v4-seed5,m06_class_INITIAL_CONSENSUS,unanimity class as stored,,,analytics.json,analytics.metrics.negotiation.unanimity_classes.INITIAL_CONSENSUS (as stored),no,UNMEASURABLE: no analytics.json in run dir
audit-consensus-v4-seed5,m07_class_NEGOTIATED_CONVERGENCE,unanimity class as stored,,,analytics.json,analytics.metrics.negotiation.unanimity_classes.NEGOTIATED_CONVERGENCE (as stored),no,UNMEASURABLE: no analytics.json in run dir
audit-consensus-v4-seed5,m08_class_CONDITIONAL_COMPROMISE,unanimity class as stored,,,analytics.json,analytics.metrics.negotiation.unanimity_classes.CONDITIONAL_COMPROMISE (as stored),no,UNMEASURABLE: no analytics.json in run dir
audit-consensus-v4-seed5,m09_class_DUPLICATE_CONSOLIDATION,unanimity class as stored,,,analytics.json,analytics.metrics.negotiation.unanimity_classes.DUPLICATE_CONSOLIDATION (as stored),no,UNMEASURABLE: no analytics.json in run dir
audit-consensus-v4-seed5,m10_class_UNKNOWN,unanimity class as stored,,,analytics.json,analytics.metrics.negotiation.unanimity_classes.UNKNOWN (as stored),no,UNMEASURABLE: no analytics.json in run dir
audit-consensus-v4-seed5,m11_position_changes,negotiation position changes,,,analytics.json,analytics.metrics.negotiation.position_changes,no,UNMEASURABLE: no analytics.json in run dir
audit-consensus-v4-seed5,m12_negotiated_convergence_count,negotiation converged count,,,analytics.json,analytics.metrics.negotiation.negotiated_convergence_count,no,UNMEASURABLE: no analytics.json in run dir
audit-consensus-v4-seed5,m13_minority_positions_maintained,minority votes maintained,,,analytics.json,analytics.metrics.negotiation.minority_positions_maintained,no,UNMEASURABLE: no analytics.json in run dir
audit-consensus-v4-seed5,m14_competing_alternatives,competing alternatives,,,analytics.json,analytics.metrics.negotiation.competing_alternatives,no,UNMEASURABLE: no analytics.json in run dir
audit-consensus-v4-seed5,m15_failed_votes,failed votes,,,analytics.json,analytics.metrics.negotiation.failed_votes,no,UNMEASURABLE: no analytics.json in run dir
audit-consensus-v4-seed5,m16_withdrawn_motions,withdrawn motions,,,analytics.json,analytics.metrics.negotiation.withdrawn_motions,no,UNMEASURABLE: no analytics.json in run dir
audit-consensus-v4-seed5,m17_motions_withdrawn_after_opposition,withdrawn after opposition,,,analytics.json,analytics.metrics.negotiation.motions_withdrawn_after_opposition,no,UNMEASURABLE: no analytics.json in run dir
audit-consensus-v4-seed5,m18_deferred_motions,deferred motions,,,analytics.json,analytics.metrics.negotiation.deferred_motions,no,UNMEASURABLE: no analytics.json in run dir
audit-consensus-v4-seed5,m19_conditional_rate,council conditional vote rate,,,analytics.json,analytics.metrics.council.conditional_rate,no,UNMEASURABLE: no analytics.json in run dir
audit-consensus-v4-seed5,m20_abstention_rate,council abstention rate,,,analytics.json,analytics.metrics.council.abstention_rate,no,UNMEASURABLE: no analytics.json in run dir
audit-consensus-v4-seed5,m21_promises_made,agents promises made,,,analytics.json,analytics.metrics.agents.promises_made,no,UNMEASURABLE: no analytics.json in run dir
audit-consensus-v4-seed5,m22_promises_kept,agents promises kept,,,analytics.json,analytics.metrics.agents.promises_kept,no,UNMEASURABLE: no analytics.json in run dir
audit-consensus-v4-seed5,m23_promises_broken,agents promises broken,,,analytics.json,analytics.metrics.agents.promises_broken,no,UNMEASURABLE: no analytics.json in run dir
audit-consensus-v4-seed5,m24_persuasion_events,agents persuasion events,,,analytics.json,analytics.metrics.agents.persuasion_events,no,UNMEASURABLE: no analytics.json in run dir
audit-consensus-v4-seed5,m25_leaks,agents leaks,,,analytics.json,analytics.metrics.agents.leaks,no,UNMEASURABLE: no analytics.json in run dir
audit-consensus-v5-seed1,m01_motions,council motions tabled,,,analytics.json,analytics.metrics.council.motions,no,UNMEASURABLE: no analytics.json in run dir
audit-consensus-v5-seed1,m02_substantive,council substantive motions,,,analytics.json,analytics.metrics.council.substantive,no,UNMEASURABLE: no analytics.json in run dir
audit-consensus-v5-seed1,m03_votes_cast,negotiation votes held (denominator),,,analytics.json,analytics.metrics.negotiation.votes_cast,no,UNMEASURABLE: no analytics.json in run dir
audit-consensus-v5-seed1,m04_unanimous_votes,negotiation unanimous votes,,,analytics.json,analytics.metrics.negotiation.unanimous_votes,no,UNMEASURABLE: no analytics.json in run dir
audit-consensus-v5-seed1,m05_final_vote_unanimity,unanimous_votes / votes_cast,,,analytics.json,analytics.metrics.negotiation.final_vote_unanimity,no,UNMEASURABLE: no analytics.json in run dir
audit-consensus-v5-seed1,m06_class_INITIAL_CONSENSUS,unanimity class as stored,,,analytics.json,analytics.metrics.negotiation.unanimity_classes.INITIAL_CONSENSUS (as stored),no,UNMEASURABLE: no analytics.json in run dir
audit-consensus-v5-seed1,m07_class_NEGOTIATED_CONVERGENCE,unanimity class as stored,,,analytics.json,analytics.metrics.negotiation.unanimity_classes.NEGOTIATED_CONVERGENCE (as stored),no,UNMEASURABLE: no analytics.json in run dir
audit-consensus-v5-seed1,m08_class_CONDITIONAL_COMPROMISE,unanimity class as stored,,,analytics.json,analytics.metrics.negotiation.unanimity_classes.CONDITIONAL_COMPROMISE (as stored),no,UNMEASURABLE: no analytics.json in run dir
audit-consensus-v5-seed1,m09_class_DUPLICATE_CONSOLIDATION,unanimity class as stored,,,analytics.json,analytics.metrics.negotiation.unanimity_classes.DUPLICATE_CONSOLIDATION (as stored),no,UNMEASURABLE: no analytics.json in run dir
audit-consensus-v5-seed1,m10_class_UNKNOWN,unanimity class as stored,,,analytics.json,analytics.metrics.negotiation.unanimity_classes.UNKNOWN (as stored),no,UNMEASURABLE: no analytics.json in run dir
audit-consensus-v5-seed1,m11_position_changes,negotiation position changes,,,analytics.json,analytics.metrics.negotiation.position_changes,no,UNMEASURABLE: no analytics.json in run dir
audit-consensus-v5-seed1,m12_negotiated_convergence_count,negotiation converged count,,,analytics.json,analytics.metrics.negotiation.negotiated_convergence_count,no,UNMEASURABLE: no analytics.json in run dir
audit-consensus-v5-seed1,m13_minority_positions_maintained,minority votes maintained,,,analytics.json,analytics.metrics.negotiation.minority_positions_maintained,no,UNMEASURABLE: no analytics.json in run dir
audit-consensus-v5-seed1,m14_competing_alternatives,competing alternatives,,,analytics.json,analytics.metrics.negotiation.competing_alternatives,no,UNMEASURABLE: no analytics.json in run dir
audit-consensus-v5-seed1,m15_failed_votes,failed votes,,,analytics.json,analytics.metrics.negotiation.failed_votes,no,UNMEASURABLE: no analytics.json in run dir
audit-consensus-v5-seed1,m16_withdrawn_motions,withdrawn motions,,,analytics.json,analytics.metrics.negotiation.withdrawn_motions,no,UNMEASURABLE: no analytics.json in run dir
audit-consensus-v5-seed1,m17_motions_withdrawn_after_opposition,withdrawn after opposition,,,analytics.json,analytics.metrics.negotiation.motions_withdrawn_after_opposition,no,UNMEASURABLE: no analytics.json in run dir
audit-consensus-v5-seed1,m18_deferred_motions,deferred motions,,,analytics.json,analytics.metrics.negotiation.deferred_motions,no,UNMEASURABLE: no analytics.json in run dir
audit-consensus-v5-seed1,m19_conditional_rate,council conditional vote rate,,,analytics.json,analytics.metrics.council.conditional_rate,no,UNMEASURABLE: no analytics.json in run dir
audit-consensus-v5-seed1,m20_abstention_rate,council abstention rate,,,analytics.json,analytics.metrics.council.abstention_rate,no,UNMEASURABLE: no analytics.json in run dir
audit-consensus-v5-seed1,m21_promises_made,agents promises made,,,analytics.json,analytics.metrics.agents.promises_made,no,UNMEASURABLE: no analytics.json in run dir
audit-consensus-v5-seed1,m22_promises_kept,agents promises kept,,,analytics.json,analytics.metrics.agents.promises_kept,no,UNMEASURABLE: no analytics.json in run dir
audit-consensus-v5-seed1,m23_promises_broken,agents promises broken,,,analytics.json,analytics.metrics.agents.promises_broken,no,UNMEASURABLE: no analytics.json in run dir
audit-consensus-v5-seed1,m24_persuasion_events,agents persuasion events,,,analytics.json,analytics.metrics.agents.persuasion_events,no,UNMEASURABLE: no analytics.json in run dir
audit-consensus-v5-seed1,m25_leaks,agents leaks,,,analytics.json,analytics.metrics.agents.leaks,no,UNMEASURABLE: no analytics.json in run dir
audit-consensus-v5-seed2,m01_motions,council motions tabled,,,analytics.json,analytics.metrics.council.motions,no,UNMEASURABLE: no analytics.json in run dir
audit-consensus-v5-seed2,m02_substantive,council substantive motions,,,analytics.json,analytics.metrics.council.substantive,no,UNMEASURABLE: no analytics.json in run dir
audit-consensus-v5-seed2,m03_votes_cast,negotiation votes held (denominator),,,analytics.json,analytics.metrics.negotiation.votes_cast,no,UNMEASURABLE: no analytics.json in run dir
audit-consensus-v5-seed2,m04_unanimous_votes,negotiation unanimous votes,,,analytics.json,analytics.metrics.negotiation.unanimous_votes,no,UNMEASURABLE: no analytics.json in run dir
audit-consensus-v5-seed2,m05_final_vote_unanimity,unanimous_votes / votes_cast,,,analytics.json,analytics.metrics.negotiation.final_vote_unanimity,no,UNMEASURABLE: no analytics.json in run dir
audit-consensus-v5-seed2,m06_class_INITIAL_CONSENSUS,unanimity class as stored,,,analytics.json,analytics.metrics.negotiation.unanimity_classes.INITIAL_CONSENSUS (as stored),no,UNMEASURABLE: no analytics.json in run dir
audit-consensus-v5-seed2,m07_class_NEGOTIATED_CONVERGENCE,unanimity class as stored,,,analytics.json,analytics.metrics.negotiation.unanimity_classes.NEGOTIATED_CONVERGENCE (as stored),no,UNMEASURABLE: no analytics.json in run dir
audit-consensus-v5-seed2,m08_class_CONDITIONAL_COMPROMISE,unanimity class as stored,,,analytics.json,analytics.metrics.negotiation.unanimity_classes.CONDITIONAL_COMPROMISE (as stored),no,UNMEASURABLE: no analytics.json in run dir
audit-consensus-v5-seed2,m09_class_DUPLICATE_CONSOLIDATION,unanimity class as stored,,,analytics.json,analytics.metrics.negotiation.unanimity_classes.DUPLICATE_CONSOLIDATION (as stored),no,UNMEASURABLE: no analytics.json in run dir
audit-consensus-v5-seed2,m10_class_UNKNOWN,unanimity class as stored,,,analytics.json,analytics.metrics.negotiation.unanimity_classes.UNKNOWN (as stored),no,UNMEASURABLE: no analytics.json in run dir
audit-consensus-v5-seed2,m11_position_changes,negotiation position changes,,,analytics.json,analytics.metrics.negotiation.position_changes,no,UNMEASURABLE: no analytics.json in run dir
audit-consensus-v5-seed2,m12_negotiated_convergence_count,negotiation converged count,,,analytics.json,analytics.metrics.negotiation.negotiated_convergence_count,no,UNMEASURABLE: no analytics.json in run dir
audit-consensus-v5-seed2,m13_minority_positions_maintained,minority votes maintained,,,analytics.json,analytics.metrics.negotiation.minority_positions_maintained,no,UNMEASURABLE: no analytics.json in run dir
audit-consensus-v5-seed2,m14_competing_alternatives,competing alternatives,,,analytics.json,analytics.metrics.negotiation.competing_alternatives,no,UNMEASURABLE: no analytics.json in run dir
audit-consensus-v5-seed2,m15_failed_votes,failed votes,,,analytics.json,analytics.metrics.negotiation.failed_votes,no,UNMEASURABLE: no analytics.json in run dir
audit-consensus-v5-seed2,m16_withdrawn_motions,withdrawn motions,,,analytics.json,analytics.metrics.negotiation.withdrawn_motions,no,UNMEASURABLE: no analytics.json in run dir
audit-consensus-v5-seed2,m17_motions_withdrawn_after_opposition,withdrawn after opposition,,,analytics.json,analytics.metrics.negotiation.motions_withdrawn_after_opposition,no,UNMEASURABLE: no analytics.json in run dir
audit-consensus-v5-seed2,m18_deferred_motions,deferred motions,,,analytics.json,analytics.metrics.negotiation.deferred_motions,no,UNMEASURABLE: no analytics.json in run dir
audit-consensus-v5-seed2,m19_conditional_rate,council conditional vote rate,,,analytics.json,analytics.metrics.council.conditional_rate,no,UNMEASURABLE: no analytics.json in run dir
audit-consensus-v5-seed2,m20_abstention_rate,council abstention rate,,,analytics.json,analytics.metrics.council.abstention_rate,no,UNMEASURABLE: no analytics.json in run dir
audit-consensus-v5-seed2,m21_promises_made,agents promises made,,,analytics.json,analytics.metrics.agents.promises_made,no,UNMEASURABLE: no analytics.json in run dir
audit-consensus-v5-seed2,m22_promises_kept,agents promises kept,,,analytics.json,analytics.metrics.agents.promises_kept,no,UNMEASURABLE: no analytics.json in run dir
audit-consensus-v5-seed2,m23_promises_broken,agents promises broken,,,analytics.json,analytics.metrics.agents.promises_broken,no,UNMEASURABLE: no analytics.json in run dir
audit-consensus-v5-seed2,m24_persuasion_events,agents persuasion events,,,analytics.json,analytics.metrics.agents.persuasion_events,no,UNMEASURABLE: no analytics.json in run dir
audit-consensus-v5-seed2,m25_leaks,agents leaks,,,analytics.json,analytics.metrics.agents.leaks,no,UNMEASURABLE: no analytics.json in run dir
audit-consensus-v5-seed3,m01_motions,council motions tabled,,,analytics.json,analytics.metrics.council.motions,no,UNMEASURABLE: no analytics.json in run dir
audit-consensus-v5-seed3,m02_substantive,council substantive motions,,,analytics.json,analytics.metrics.council.substantive,no,UNMEASURABLE: no analytics.json in run dir
audit-consensus-v5-seed3,m03_votes_cast,negotiation votes held (denominator),,,analytics.json,analytics.metrics.negotiation.votes_cast,no,UNMEASURABLE: no analytics.json in run dir
audit-consensus-v5-seed3,m04_unanimous_votes,negotiation unanimous votes,,,analytics.json,analytics.metrics.negotiation.unanimous_votes,no,UNMEASURABLE: no analytics.json in run dir
audit-consensus-v5-seed3,m05_final_vote_unanimity,unanimous_votes / votes_cast,,,analytics.json,analytics.metrics.negotiation.final_vote_unanimity,no,UNMEASURABLE: no analytics.json in run dir
audit-consensus-v5-seed3,m06_class_INITIAL_CONSENSUS,unanimity class as stored,,,analytics.json,analytics.metrics.negotiation.unanimity_classes.INITIAL_CONSENSUS (as stored),no,UNMEASURABLE: no analytics.json in run dir
audit-consensus-v5-seed3,m07_class_NEGOTIATED_CONVERGENCE,unanimity class as stored,,,analytics.json,analytics.metrics.negotiation.unanimity_classes.NEGOTIATED_CONVERGENCE (as stored),no,UNMEASURABLE: no analytics.json in run dir
audit-consensus-v5-seed3,m08_class_CONDITIONAL_COMPROMISE,unanimity class as stored,,,analytics.json,analytics.metrics.negotiation.unanimity_classes.CONDITIONAL_COMPROMISE (as stored),no,UNMEASURABLE: no analytics.json in run dir
audit-consensus-v5-seed3,m09_class_DUPLICATE_CONSOLIDATION,unanimity class as stored,,,analytics.json,analytics.metrics.negotiation.unanimity_classes.DUPLICATE_CONSOLIDATION (as stored),no,UNMEASURABLE: no analytics.json in run dir
audit-consensus-v5-seed3,m10_class_UNKNOWN,unanimity class as stored,,,analytics.json,analytics.metrics.negotiation.unanimity_classes.UNKNOWN (as stored),no,UNMEASURABLE: no analytics.json in run dir
audit-consensus-v5-seed3,m11_position_changes,negotiation position changes,,,analytics.json,analytics.metrics.negotiation.position_changes,no,UNMEASURABLE: no analytics.json in run dir
audit-consensus-v5-seed3,m12_negotiated_convergence_count,negotiation converged count,,,analytics.json,analytics.metrics.negotiation.negotiated_convergence_count,no,UNMEASURABLE: no analytics.json in run dir
audit-consensus-v5-seed3,m13_minority_positions_maintained,minority votes maintained,,,analytics.json,analytics.metrics.negotiation.minority_positions_maintained,no,UNMEASURABLE: no analytics.json in run dir
audit-consensus-v5-seed3,m14_competing_alternatives,competing alternatives,,,analytics.json,analytics.metrics.negotiation.competing_alternatives,no,UNMEASURABLE: no analytics.json in run dir
audit-consensus-v5-seed3,m15_failed_votes,failed votes,,,analytics.json,analytics.metrics.negotiation.failed_votes,no,UNMEASURABLE: no analytics.json in run dir
audit-consensus-v5-seed3,m16_withdrawn_motions,withdrawn motions,,,analytics.json,analytics.metrics.negotiation.withdrawn_motions,no,UNMEASURABLE: no analytics.json in run dir
audit-consensus-v5-seed3,m17_motions_withdrawn_after_opposition,withdrawn after opposition,,,analytics.json,analytics.metrics.negotiation.motions_withdrawn_after_opposition,no,UNMEASURABLE: no analytics.json in run dir
audit-consensus-v5-seed3,m18_deferred_motions,deferred motions,,,analytics.json,analytics.metrics.negotiation.deferred_motions,no,UNMEASURABLE: no analytics.json in run dir
audit-consensus-v5-seed3,m19_conditional_rate,council conditional vote rate,,,analytics.json,analytics.metrics.council.conditional_rate,no,UNMEASURABLE: no analytics.json in run dir
audit-consensus-v5-seed3,m20_abstention_rate,council abstention rate,,,analytics.json,analytics.metrics.council.abstention_rate,no,UNMEASURABLE: no analytics.json in run dir
audit-consensus-v5-seed3,m21_promises_made,agents promises made,,,analytics.json,analytics.metrics.agents.promises_made,no,UNMEASURABLE: no analytics.json in run dir
audit-consensus-v5-seed3,m22_promises_kept,agents promises kept,,,analytics.json,analytics.metrics.agents.promises_kept,no,UNMEASURABLE: no analytics.json in run dir
audit-consensus-v5-seed3,m23_promises_broken,agents promises broken,,,analytics.json,analytics.metrics.agents.promises_broken,no,UNMEASURABLE: no analytics.json in run dir
audit-consensus-v5-seed3,m24_persuasion_events,agents persuasion events,,,analytics.json,analytics.metrics.agents.persuasion_events,no,UNMEASURABLE: no analytics.json in run dir
audit-consensus-v5-seed3,m25_leaks,agents leaks,,,analytics.json,analytics.metrics.agents.leaks,no,UNMEASURABLE: no analytics.json in run dir
audit-consensus-v5-seed4,m01_motions,council motions tabled,,,analytics.json,analytics.metrics.council.motions,no,UNMEASURABLE: no analytics.json in run dir
audit-consensus-v5-seed4,m02_substantive,council substantive motions,,,analytics.json,analytics.metrics.council.substantive,no,UNMEASURABLE: no analytics.json in run dir
audit-consensus-v5-seed4,m03_votes_cast,negotiation votes held (denominator),,,analytics.json,analytics.metrics.negotiation.votes_cast,no,UNMEASURABLE: no analytics.json in run dir
audit-consensus-v5-seed4,m04_unanimous_votes,negotiation unanimous votes,,,analytics.json,analytics.metrics.negotiation.unanimous_votes,no,UNMEASURABLE: no analytics.json in run dir
audit-consensus-v5-seed4,m05_final_vote_unanimity,unanimous_votes / votes_cast,,,analytics.json,analytics.metrics.negotiation.final_vote_unanimity,no,UNMEASURABLE: no analytics.json in run dir
audit-consensus-v5-seed4,m06_class_INITIAL_CONSENSUS,unanimity class as stored,,,analytics.json,analytics.metrics.negotiation.unanimity_classes.INITIAL_CONSENSUS (as stored),no,UNMEASURABLE: no analytics.json in run dir
audit-consensus-v5-seed4,m07_class_NEGOTIATED_CONVERGENCE,unanimity class as stored,,,analytics.json,analytics.metrics.negotiation.unanimity_classes.NEGOTIATED_CONVERGENCE (as stored),no,UNMEASURABLE: no analytics.json in run dir
audit-consensus-v5-seed4,m08_class_CONDITIONAL_COMPROMISE,unanimity class as stored,,,analytics.json,analytics.metrics.negotiation.unanimity_classes.CONDITIONAL_COMPROMISE (as stored),no,UNMEASURABLE: no analytics.json in run dir
audit-consensus-v5-seed4,m09_class_DUPLICATE_CONSOLIDATION,unanimity class as stored,,,analytics.json,analytics.metrics.negotiation.unanimity_classes.DUPLICATE_CONSOLIDATION (as stored),no,UNMEASURABLE: no analytics.json in run dir
audit-consensus-v5-seed4,m10_class_UNKNOWN,unanimity class as stored,,,analytics.json,analytics.metrics.negotiation.unanimity_classes.UNKNOWN (as stored),no,UNMEASURABLE: no analytics.json in run dir
audit-consensus-v5-seed4,m11_position_changes,negotiation position changes,,,analytics.json,analytics.metrics.negotiation.position_changes,no,UNMEASURABLE: no analytics.json in run dir
audit-consensus-v5-seed4,m12_negotiated_convergence_count,negotiation converged count,,,analytics.json,analytics.metrics.negotiation.negotiated_convergence_count,no,UNMEASURABLE: no analytics.json in run dir
audit-consensus-v5-seed4,m13_minority_positions_maintained,minority votes maintained,,,analytics.json,analytics.metrics.negotiation.minority_positions_maintained,no,UNMEASURABLE: no analytics.json in run dir
audit-consensus-v5-seed4,m14_competing_alternatives,competing alternatives,,,analytics.json,analytics.metrics.negotiation.competing_alternatives,no,UNMEASURABLE: no analytics.json in run dir
audit-consensus-v5-seed4,m15_failed_votes,failed votes,,,analytics.json,analytics.metrics.negotiation.failed_votes,no,UNMEASURABLE: no analytics.json in run dir
audit-consensus-v5-seed4,m16_withdrawn_motions,withdrawn motions,,,analytics.json,analytics.metrics.negotiation.withdrawn_motions,no,UNMEASURABLE: no analytics.json in run dir
audit-consensus-v5-seed4,m17_motions_withdrawn_after_opposition,withdrawn after opposition,,,analytics.json,analytics.metrics.negotiation.motions_withdrawn_after_opposition,no,UNMEASURABLE: no analytics.json in run dir
audit-consensus-v5-seed4,m18_deferred_motions,deferred motions,,,analytics.json,analytics.metrics.negotiation.deferred_motions,no,UNMEASURABLE: no analytics.json in run dir
audit-consensus-v5-seed4,m19_conditional_rate,council conditional vote rate,,,analytics.json,analytics.metrics.council.conditional_rate,no,UNMEASURABLE: no analytics.json in run dir
audit-consensus-v5-seed4,m20_abstention_rate,council abstention rate,,,analytics.json,analytics.metrics.council.abstention_rate,no,UNMEASURABLE: no analytics.json in run dir
audit-consensus-v5-seed4,m21_promises_made,agents promises made,,,analytics.json,analytics.metrics.agents.promises_made,no,UNMEASURABLE: no analytics.json in run dir
audit-consensus-v5-seed4,m22_promises_kept,agents promises kept,,,analytics.json,analytics.metrics.agents.promises_kept,no,UNMEASURABLE: no analytics.json in run dir
audit-consensus-v5-seed4,m23_promises_broken,agents promises broken,,,analytics.json,analytics.metrics.agents.promises_broken,no,UNMEASURABLE: no analytics.json in run dir
audit-consensus-v5-seed4,m24_persuasion_events,agents persuasion events,,,analytics.json,analytics.metrics.agents.persuasion_events,no,UNMEASURABLE: no analytics.json in run dir
audit-consensus-v5-seed4,m25_leaks,agents leaks,,,analytics.json,analytics.metrics.agents.leaks,no,UNMEASURABLE: no analytics.json in run dir
audit-consensus-v5-seed5,m01_motions,council motions tabled,,,analytics.json,analytics.metrics.council.motions,no,UNMEASURABLE: no analytics.json in run dir
audit-consensus-v5-seed5,m02_substantive,council substantive motions,,,analytics.json,analytics.metrics.council.substantive,no,UNMEASURABLE: no analytics.json in run dir
audit-consensus-v5-seed5,m03_votes_cast,negotiation votes held (denominator),,,analytics.json,analytics.metrics.negotiation.votes_cast,no,UNMEASURABLE: no analytics.json in run dir
audit-consensus-v5-seed5,m04_unanimous_votes,negotiation unanimous votes,,,analytics.json,analytics.metrics.negotiation.unanimous_votes,no,UNMEASURABLE: no analytics.json in run dir
audit-consensus-v5-seed5,m05_final_vote_unanimity,unanimous_votes / votes_cast,,,analytics.json,analytics.metrics.negotiation.final_vote_unanimity,no,UNMEASURABLE: no analytics.json in run dir
audit-consensus-v5-seed5,m06_class_INITIAL_CONSENSUS,unanimity class as stored,,,analytics.json,analytics.metrics.negotiation.unanimity_classes.INITIAL_CONSENSUS (as stored),no,UNMEASURABLE: no analytics.json in run dir
audit-consensus-v5-seed5,m07_class_NEGOTIATED_CONVERGENCE,unanimity class as stored,,,analytics.json,analytics.metrics.negotiation.unanimity_classes.NEGOTIATED_CONVERGENCE (as stored),no,UNMEASURABLE: no analytics.json in run dir
audit-consensus-v5-seed5,m08_class_CONDITIONAL_COMPROMISE,unanimity class as stored,,,analytics.json,analytics.metrics.negotiation.unanimity_classes.CONDITIONAL_COMPROMISE (as stored),no,UNMEASURABLE: no analytics.json in run dir
audit-consensus-v5-seed5,m09_class_DUPLICATE_CONSOLIDATION,unanimity class as stored,,,analytics.json,analytics.metrics.negotiation.unanimity_classes.DUPLICATE_CONSOLIDATION (as stored),no,UNMEASURABLE: no analytics.json in run dir
audit-consensus-v5-seed5,m10_class_UNKNOWN,unanimity class as stored,,,analytics.json,analytics.metrics.negotiation.unanimity_classes.UNKNOWN (as stored),no,UNMEASURABLE: no analytics.json in run dir
audit-consensus-v5-seed5,m11_position_changes,negotiation position changes,,,analytics.json,analytics.metrics.negotiation.position_changes,no,UNMEASURABLE: no analytics.json in run dir
audit-consensus-v5-seed5,m12_negotiated_convergence_count,negotiation converged count,,,analytics.json,analytics.metrics.negotiation.negotiated_convergence_count,no,UNMEASURABLE: no analytics.json in run dir
audit-consensus-v5-seed5,m13_minority_positions_maintained,minority votes maintained,,,analytics.json,analytics.metrics.negotiation.minority_positions_maintained,no,UNMEASURABLE: no analytics.json in run dir
audit-consensus-v5-seed5,m14_competing_alternatives,competing alternatives,,,analytics.json,analytics.metrics.negotiation.competing_alternatives,no,UNMEASURABLE: no analytics.json in run dir
audit-consensus-v5-seed5,m15_failed_votes,failed votes,,,analytics.json,analytics.metrics.negotiation.failed_votes,no,UNMEASURABLE: no analytics.json in run dir
audit-consensus-v5-seed5,m16_withdrawn_motions,withdrawn motions,,,analytics.json,analytics.metrics.negotiation.withdrawn_motions,no,UNMEASURABLE: no analytics.json in run dir
audit-consensus-v5-seed5,m17_motions_withdrawn_after_opposition,withdrawn after opposition,,,analytics.json,analytics.metrics.negotiation.motions_withdrawn_after_opposition,no,UNMEASURABLE: no analytics.json in run dir
audit-consensus-v5-seed5,m18_deferred_motions,deferred motions,,,analytics.json,analytics.metrics.negotiation.deferred_motions,no,UNMEASURABLE: no analytics.json in run dir
audit-consensus-v5-seed5,m19_conditional_rate,council conditional vote rate,,,analytics.json,analytics.metrics.council.conditional_rate,no,UNMEASURABLE: no analytics.json in run dir
audit-consensus-v5-seed5,m20_abstention_rate,council abstention rate,,,analytics.json,analytics.metrics.council.abstention_rate,no,UNMEASURABLE: no analytics.json in run dir
audit-consensus-v5-seed5,m21_promises_made,agents promises made,,,analytics.json,analytics.metrics.agents.promises_made,no,UNMEASURABLE: no analytics.json in run dir
audit-consensus-v5-seed5,m22_promises_kept,agents promises kept,,,analytics.json,analytics.metrics.agents.promises_kept,no,UNMEASURABLE: no analytics.json in run dir
audit-consensus-v5-seed5,m23_promises_broken,agents promises broken,,,analytics.json,analytics.metrics.agents.promises_broken,no,UNMEASURABLE: no analytics.json in run dir
audit-consensus-v5-seed5,m24_persuasion_events,agents persuasion events,,,analytics.json,analytics.metrics.agents.persuasion_events,no,UNMEASURABLE: no analytics.json in run dir
audit-consensus-v5-seed5,m25_leaks,agents leaks,,,analytics.json,analytics.metrics.agents.leaks,no,UNMEASURABLE: no analytics.json in run dir
audit-election-loss-seed1,m01_motions,council motions tabled,1,,analytics.json,analytics.metrics.council.motions,yes,
audit-election-loss-seed1,m02_substantive,council substantive motions,1,,analytics.json,analytics.metrics.council.substantive,yes,
audit-election-loss-seed1,m03_votes_cast,negotiation votes held (denominator),,,analytics.json,analytics.metrics.negotiation.votes_cast,no,"UNMEASURABLE: section absent in analytics metrics (older schema: council/agents only, no negotiation)"
audit-election-loss-seed1,m04_unanimous_votes,negotiation unanimous votes,,,analytics.json,analytics.metrics.negotiation.unanimous_votes,no,"UNMEASURABLE: section absent in analytics metrics (older schema: council/agents only, no negotiation)"
audit-election-loss-seed1,m05_final_vote_unanimity,unanimous_votes / votes_cast,,,analytics.json,analytics.metrics.negotiation.final_vote_unanimity,no,"UNMEASURABLE: section absent in analytics metrics (older schema: council/agents only, no negotiation)"
audit-election-loss-seed1,m06_class_INITIAL_CONSENSUS,unanimity class as stored,,,analytics.json,analytics.metrics.negotiation.unanimity_classes.INITIAL_CONSENSUS (as stored),no,"UNMEASURABLE: section absent in analytics metrics (older schema: council/agents only, no negotiation)"
audit-election-loss-seed1,m07_class_NEGOTIATED_CONVERGENCE,unanimity class as stored,,,analytics.json,analytics.metrics.negotiation.unanimity_classes.NEGOTIATED_CONVERGENCE (as stored),no,"UNMEASURABLE: section absent in analytics metrics (older schema: council/agents only, no negotiation)"
audit-election-loss-seed1,m08_class_CONDITIONAL_COMPROMISE,unanimity class as stored,,,analytics.json,analytics.metrics.negotiation.unanimity_classes.CONDITIONAL_COMPROMISE (as stored),no,"UNMEASURABLE: section absent in analytics metrics (older schema: council/agents only, no negotiation)"
audit-election-loss-seed1,m09_class_DUPLICATE_CONSOLIDATION,unanimity class as stored,,,analytics.json,analytics.metrics.negotiation.unanimity_classes.DUPLICATE_CONSOLIDATION (as stored),no,"UNMEASURABLE: section absent in analytics metrics (older schema: council/agents only, no negotiation)"
audit-election-loss-seed1,m10_class_UNKNOWN,unanimity class as stored,,,analytics.json,analytics.metrics.negotiation.unanimity_classes.UNKNOWN (as stored),no,"UNMEASURABLE: section absent in analytics metrics (older schema: council/agents only, no negotiation)"
audit-election-loss-seed1,m11_position_changes,negotiation position changes,,,analytics.json,analytics.metrics.negotiation.position_changes,no,"UNMEASURABLE: section absent in analytics metrics (older schema: council/agents only, no negotiation)"
audit-election-loss-seed1,m12_negotiated_convergence_count,negotiation converged count,,,analytics.json,analytics.metrics.negotiation.negotiated_convergence_count,no,"UNMEASURABLE: section absent in analytics metrics (older schema: council/agents only, no negotiation)"
audit-election-loss-seed1,m13_minority_positions_maintained,minority votes maintained,,,analytics.json,analytics.metrics.negotiation.minority_positions_maintained,no,"UNMEASURABLE: section absent in analytics metrics (older schema: council/agents only, no negotiation)"
audit-election-loss-seed1,m14_competing_alternatives,competing alternatives,,,analytics.json,analytics.metrics.negotiation.competing_alternatives,no,"UNMEASURABLE: section absent in analytics metrics (older schema: council/agents only, no negotiation)"
audit-election-loss-seed1,m15_failed_votes,failed votes,,,analytics.json,analytics.metrics.negotiation.failed_votes,no,"UNMEASURABLE: section absent in analytics metrics (older schema: council/agents only, no negotiation)"
audit-election-loss-seed1,m16_withdrawn_motions,withdrawn motions,,,analytics.json,analytics.metrics.negotiation.withdrawn_motions,no,"UNMEASURABLE: section absent in analytics metrics (older schema: council/agents only, no negotiation)"
audit-election-loss-seed1,m17_motions_withdrawn_after_opposition,withdrawn after opposition,,,analytics.json,analytics.metrics.negotiation.motions_withdrawn_after_opposition,no,"UNMEASURABLE: section absent in analytics metrics (older schema: council/agents only, no negotiation)"
audit-election-loss-seed1,m18_deferred_motions,deferred motions,,,analytics.json,analytics.metrics.negotiation.deferred_motions,no,"UNMEASURABLE: section absent in analytics metrics (older schema: council/agents only, no negotiation)"
audit-election-loss-seed1,m19_conditional_rate,council conditional vote rate,0.0,,analytics.json,analytics.metrics.council.conditional_rate,yes,
audit-election-loss-seed1,m20_abstention_rate,council abstention rate,0.0,,analytics.json,analytics.metrics.council.abstention_rate,yes,
audit-election-loss-seed1,m21_promises_made,agents promises made,8,,analytics.json,analytics.metrics.agents.promises_made,yes,
audit-election-loss-seed1,m22_promises_kept,agents promises kept,0,8,analytics.json,analytics.metrics.agents.promises_kept,yes,
audit-election-loss-seed1,m23_promises_broken,agents promises broken,1,8,analytics.json,analytics.metrics.agents.promises_broken,yes,
audit-election-loss-seed1,m24_persuasion_events,agents persuasion events,0,,analytics.json,analytics.metrics.agents.persuasion_events,yes,
audit-election-loss-seed1,m25_leaks,agents leaks,0,,analytics.json,analytics.metrics.agents.leaks,yes,
audit-election-loss-seed2,m01_motions,council motions tabled,2,,analytics.json,analytics.metrics.council.motions,yes,
audit-election-loss-seed2,m02_substantive,council substantive motions,2,,analytics.json,analytics.metrics.council.substantive,yes,
audit-election-loss-seed2,m03_votes_cast,negotiation votes held (denominator),,,analytics.json,analytics.metrics.negotiation.votes_cast,no,"UNMEASURABLE: section absent in analytics metrics (older schema: council/agents only, no negotiation)"
audit-election-loss-seed2,m04_unanimous_votes,negotiation unanimous votes,,,analytics.json,analytics.metrics.negotiation.unanimous_votes,no,"UNMEASURABLE: section absent in analytics metrics (older schema: council/agents only, no negotiation)"
audit-election-loss-seed2,m05_final_vote_unanimity,unanimous_votes / votes_cast,,,analytics.json,analytics.metrics.negotiation.final_vote_unanimity,no,"UNMEASURABLE: section absent in analytics metrics (older schema: council/agents only, no negotiation)"
audit-election-loss-seed2,m06_class_INITIAL_CONSENSUS,unanimity class as stored,,,analytics.json,analytics.metrics.negotiation.unanimity_classes.INITIAL_CONSENSUS (as stored),no,"UNMEASURABLE: section absent in analytics metrics (older schema: council/agents only, no negotiation)"
audit-election-loss-seed2,m07_class_NEGOTIATED_CONVERGENCE,unanimity class as stored,,,analytics.json,analytics.metrics.negotiation.unanimity_classes.NEGOTIATED_CONVERGENCE (as stored),no,"UNMEASURABLE: section absent in analytics metrics (older schema: council/agents only, no negotiation)"
audit-election-loss-seed2,m08_class_CONDITIONAL_COMPROMISE,unanimity class as stored,,,analytics.json,analytics.metrics.negotiation.unanimity_classes.CONDITIONAL_COMPROMISE (as stored),no,"UNMEASURABLE: section absent in analytics metrics (older schema: council/agents only, no negotiation)"
audit-election-loss-seed2,m09_class_DUPLICATE_CONSOLIDATION,unanimity class as stored,,,analytics.json,analytics.metrics.negotiation.unanimity_classes.DUPLICATE_CONSOLIDATION (as stored),no,"UNMEASURABLE: section absent in analytics metrics (older schema: council/agents only, no negotiation)"
audit-election-loss-seed2,m10_class_UNKNOWN,unanimity class as stored,,,analytics.json,analytics.metrics.negotiation.unanimity_classes.UNKNOWN (as stored),no,"UNMEASURABLE: section absent in analytics metrics (older schema: council/agents only, no negotiation)"
audit-election-loss-seed2,m11_position_changes,negotiation position changes,,,analytics.json,analytics.metrics.negotiation.position_changes,no,"UNMEASURABLE: section absent in analytics metrics (older schema: council/agents only, no negotiation)"
audit-election-loss-seed2,m12_negotiated_convergence_count,negotiation converged count,,,analytics.json,analytics.metrics.negotiation.negotiated_convergence_count,no,"UNMEASURABLE: section absent in analytics metrics (older schema: council/agents only, no negotiation)"
audit-election-loss-seed2,m13_minority_positions_maintained,minority votes maintained,,,analytics.json,analytics.metrics.negotiation.minority_positions_maintained,no,"UNMEASURABLE: section absent in analytics metrics (older schema: council/agents only, no negotiation)"
audit-election-loss-seed2,m14_competing_alternatives,competing alternatives,,,analytics.json,analytics.metrics.negotiation.competing_alternatives,no,"UNMEASURABLE: section absent in analytics metrics (older schema: council/agents only, no negotiation)"
audit-election-loss-seed2,m15_failed_votes,failed votes,,,analytics.json,analytics.metrics.negotiation.failed_votes,no,"UNMEASURABLE: section absent in analytics metrics (older schema: council/agents only, no negotiation)"
audit-election-loss-seed2,m16_withdrawn_motions,withdrawn motions,,,analytics.json,analytics.metrics.negotiation.withdrawn_motions,no,"UNMEASURABLE: section absent in analytics metrics (older schema: council/agents only, no negotiation)"
audit-election-loss-seed2,m17_motions_withdrawn_after_opposition,withdrawn after opposition,,,analytics.json,analytics.metrics.negotiation.motions_withdrawn_after_opposition,no,"UNMEASURABLE: section absent in analytics metrics (older schema: council/agents only, no negotiation)"
audit-election-loss-seed2,m18_deferred_motions,deferred motions,,,analytics.json,analytics.metrics.negotiation.deferred_motions,no,"UNMEASURABLE: section absent in analytics metrics (older schema: council/agents only, no negotiation)"
audit-election-loss-seed2,m19_conditional_rate,council conditional vote rate,0.0,,analytics.json,analytics.metrics.council.conditional_rate,yes,
audit-election-loss-seed2,m20_abstention_rate,council abstention rate,0.0,,analytics.json,analytics.metrics.council.abstention_rate,yes,
audit-election-loss-seed2,m21_promises_made,agents promises made,8,,analytics.json,analytics.metrics.agents.promises_made,yes,
audit-election-loss-seed2,m22_promises_kept,agents promises kept,0,8,analytics.json,analytics.metrics.agents.promises_kept,yes,
audit-election-loss-seed2,m23_promises_broken,agents promises broken,1,8,analytics.json,analytics.metrics.agents.promises_broken,yes,
audit-election-loss-seed2,m24_persuasion_events,agents persuasion events,0,,analytics.json,analytics.metrics.agents.persuasion_events,yes,
audit-election-loss-seed2,m25_leaks,agents leaks,0,,analytics.json,analytics.metrics.agents.leaks,yes,
audit-final-seed1,m01_motions,council motions tabled,,,analytics.json,analytics.metrics.council.motions,no,UNMEASURABLE: no analytics.json in run dir
audit-final-seed1,m02_substantive,council substantive motions,,,analytics.json,analytics.metrics.council.substantive,no,UNMEASURABLE: no analytics.json in run dir
audit-final-seed1,m03_votes_cast,negotiation votes held (denominator),,,analytics.json,analytics.metrics.negotiation.votes_cast,no,UNMEASURABLE: no analytics.json in run dir
audit-final-seed1,m04_unanimous_votes,negotiation unanimous votes,,,analytics.json,analytics.metrics.negotiation.unanimous_votes,no,UNMEASURABLE: no analytics.json in run dir
audit-final-seed1,m05_final_vote_unanimity,unanimous_votes / votes_cast,,,analytics.json,analytics.metrics.negotiation.final_vote_unanimity,no,UNMEASURABLE: no analytics.json in run dir
audit-final-seed1,m06_class_INITIAL_CONSENSUS,unanimity class as stored,,,analytics.json,analytics.metrics.negotiation.unanimity_classes.INITIAL_CONSENSUS (as stored),no,UNMEASURABLE: no analytics.json in run dir
audit-final-seed1,m07_class_NEGOTIATED_CONVERGENCE,unanimity class as stored,,,analytics.json,analytics.metrics.negotiation.unanimity_classes.NEGOTIATED_CONVERGENCE (as stored),no,UNMEASURABLE: no analytics.json in run dir
audit-final-seed1,m08_class_CONDITIONAL_COMPROMISE,unanimity class as stored,,,analytics.json,analytics.metrics.negotiation.unanimity_classes.CONDITIONAL_COMPROMISE (as stored),no,UNMEASURABLE: no analytics.json in run dir
audit-final-seed1,m09_class_DUPLICATE_CONSOLIDATION,unanimity class as stored,,,analytics.json,analytics.metrics.negotiation.unanimity_classes.DUPLICATE_CONSOLIDATION (as stored),no,UNMEASURABLE: no analytics.json in run dir
audit-final-seed1,m10_class_UNKNOWN,unanimity class as stored,,,analytics.json,analytics.metrics.negotiation.unanimity_classes.UNKNOWN (as stored),no,UNMEASURABLE: no analytics.json in run dir
audit-final-seed1,m11_position_changes,negotiation position changes,,,analytics.json,analytics.metrics.negotiation.position_changes,no,UNMEASURABLE: no analytics.json in run dir
audit-final-seed1,m12_negotiated_convergence_count,negotiation converged count,,,analytics.json,analytics.metrics.negotiation.negotiated_convergence_count,no,UNMEASURABLE: no analytics.json in run dir
audit-final-seed1,m13_minority_positions_maintained,minority votes maintained,,,analytics.json,analytics.metrics.negotiation.minority_positions_maintained,no,UNMEASURABLE: no analytics.json in run dir
audit-final-seed1,m14_competing_alternatives,competing alternatives,,,analytics.json,analytics.metrics.negotiation.competing_alternatives,no,UNMEASURABLE: no analytics.json in run dir
audit-final-seed1,m15_failed_votes,failed votes,,,analytics.json,analytics.metrics.negotiation.failed_votes,no,UNMEASURABLE: no analytics.json in run dir
audit-final-seed1,m16_withdrawn_motions,withdrawn motions,,,analytics.json,analytics.metrics.negotiation.withdrawn_motions,no,UNMEASURABLE: no analytics.json in run dir
audit-final-seed1,m17_motions_withdrawn_after_opposition,withdrawn after opposition,,,analytics.json,analytics.metrics.negotiation.motions_withdrawn_after_opposition,no,UNMEASURABLE: no analytics.json in run dir
audit-final-seed1,m18_deferred_motions,deferred motions,,,analytics.json,analytics.metrics.negotiation.deferred_motions,no,UNMEASURABLE: no analytics.json in run dir
audit-final-seed1,m19_conditional_rate,council conditional vote rate,,,analytics.json,analytics.metrics.council.conditional_rate,no,UNMEASURABLE: no analytics.json in run dir
audit-final-seed1,m20_abstention_rate,council abstention rate,,,analytics.json,analytics.metrics.council.abstention_rate,no,UNMEASURABLE: no analytics.json in run dir
audit-final-seed1,m21_promises_made,agents promises made,,,analytics.json,analytics.metrics.agents.promises_made,no,UNMEASURABLE: no analytics.json in run dir
audit-final-seed1,m22_promises_kept,agents promises kept,,,analytics.json,analytics.metrics.agents.promises_kept,no,UNMEASURABLE: no analytics.json in run dir
audit-final-seed1,m23_promises_broken,agents promises broken,,,analytics.json,analytics.metrics.agents.promises_broken,no,UNMEASURABLE: no analytics.json in run dir
audit-final-seed1,m24_persuasion_events,agents persuasion events,,,analytics.json,analytics.metrics.agents.persuasion_events,no,UNMEASURABLE: no analytics.json in run dir
audit-final-seed1,m25_leaks,agents leaks,,,analytics.json,analytics.metrics.agents.leaks,no,UNMEASURABLE: no analytics.json in run dir
audit-final-seed2,m01_motions,council motions tabled,,,analytics.json,analytics.metrics.council.motions,no,UNMEASURABLE: no analytics.json in run dir
audit-final-seed2,m02_substantive,council substantive motions,,,analytics.json,analytics.metrics.council.substantive,no,UNMEASURABLE: no analytics.json in run dir
audit-final-seed2,m03_votes_cast,negotiation votes held (denominator),,,analytics.json,analytics.metrics.negotiation.votes_cast,no,UNMEASURABLE: no analytics.json in run dir
audit-final-seed2,m04_unanimous_votes,negotiation unanimous votes,,,analytics.json,analytics.metrics.negotiation.unanimous_votes,no,UNMEASURABLE: no analytics.json in run dir
audit-final-seed2,m05_final_vote_unanimity,unanimous_votes / votes_cast,,,analytics.json,analytics.metrics.negotiation.final_vote_unanimity,no,UNMEASURABLE: no analytics.json in run dir
audit-final-seed2,m06_class_INITIAL_CONSENSUS,unanimity class as stored,,,analytics.json,analytics.metrics.negotiation.unanimity_classes.INITIAL_CONSENSUS (as stored),no,UNMEASURABLE: no analytics.json in run dir
audit-final-seed2,m07_class_NEGOTIATED_CONVERGENCE,unanimity class as stored,,,analytics.json,analytics.metrics.negotiation.unanimity_classes.NEGOTIATED_CONVERGENCE (as stored),no,UNMEASURABLE: no analytics.json in run dir
audit-final-seed2,m08_class_CONDITIONAL_COMPROMISE,unanimity class as stored,,,analytics.json,analytics.metrics.negotiation.unanimity_classes.CONDITIONAL_COMPROMISE (as stored),no,UNMEASURABLE: no analytics.json in run dir
audit-final-seed2,m09_class_DUPLICATE_CONSOLIDATION,unanimity class as stored,,,analytics.json,analytics.metrics.negotiation.unanimity_classes.DUPLICATE_CONSOLIDATION (as stored),no,UNMEASURABLE: no analytics.json in run dir
audit-final-seed2,m10_class_UNKNOWN,unanimity class as stored,,,analytics.json,analytics.metrics.negotiation.unanimity_classes.UNKNOWN (as stored),no,UNMEASURABLE: no analytics.json in run dir
audit-final-seed2,m11_position_changes,negotiation position changes,,,analytics.json,analytics.metrics.negotiation.position_changes,no,UNMEASURABLE: no analytics.json in run dir
audit-final-seed2,m12_negotiated_convergence_count,negotiation converged count,,,analytics.json,analytics.metrics.negotiation.negotiated_convergence_count,no,UNMEASURABLE: no analytics.json in run dir
audit-final-seed2,m13_minority_positions_maintained,minority votes maintained,,,analytics.json,analytics.metrics.negotiation.minority_positions_maintained,no,UNMEASURABLE: no analytics.json in run dir
audit-final-seed2,m14_competing_alternatives,competing alternatives,,,analytics.json,analytics.metrics.negotiation.competing_alternatives,no,UNMEASURABLE: no analytics.json in run dir
audit-final-seed2,m15_failed_votes,failed votes,,,analytics.json,analytics.metrics.negotiation.failed_votes,no,UNMEASURABLE: no analytics.json in run dir
audit-final-seed2,m16_withdrawn_motions,withdrawn motions,,,analytics.json,analytics.metrics.negotiation.withdrawn_motions,no,UNMEASURABLE: no analytics.json in run dir
audit-final-seed2,m17_motions_withdrawn_after_opposition,withdrawn after opposition,,,analytics.json,analytics.metrics.negotiation.motions_withdrawn_after_opposition,no,UNMEASURABLE: no analytics.json in run dir
audit-final-seed2,m18_deferred_motions,deferred motions,,,analytics.json,analytics.metrics.negotiation.deferred_motions,no,UNMEASURABLE: no analytics.json in run dir
audit-final-seed2,m19_conditional_rate,council conditional vote rate,,,analytics.json,analytics.metrics.council.conditional_rate,no,UNMEASURABLE: no analytics.json in run dir
audit-final-seed2,m20_abstention_rate,council abstention rate,,,analytics.json,analytics.metrics.council.abstention_rate,no,UNMEASURABLE: no analytics.json in run dir
audit-final-seed2,m21_promises_made,agents promises made,,,analytics.json,analytics.metrics.agents.promises_made,no,UNMEASURABLE: no analytics.json in run dir
audit-final-seed2,m22_promises_kept,agents promises kept,,,analytics.json,analytics.metrics.agents.promises_kept,no,UNMEASURABLE: no analytics.json in run dir
audit-final-seed2,m23_promises_broken,agents promises broken,,,analytics.json,analytics.metrics.agents.promises_broken,no,UNMEASURABLE: no analytics.json in run dir
audit-final-seed2,m24_persuasion_events,agents persuasion events,,,analytics.json,analytics.metrics.agents.persuasion_events,no,UNMEASURABLE: no analytics.json in run dir
audit-final-seed2,m25_leaks,agents leaks,,,analytics.json,analytics.metrics.agents.leaks,no,UNMEASURABLE: no analytics.json in run dir
audit-final-seed3,m01_motions,council motions tabled,,,analytics.json,analytics.metrics.council.motions,no,UNMEASURABLE: no analytics.json in run dir
audit-final-seed3,m02_substantive,council substantive motions,,,analytics.json,analytics.metrics.council.substantive,no,UNMEASURABLE: no analytics.json in run dir
audit-final-seed3,m03_votes_cast,negotiation votes held (denominator),,,analytics.json,analytics.metrics.negotiation.votes_cast,no,UNMEASURABLE: no analytics.json in run dir
audit-final-seed3,m04_unanimous_votes,negotiation unanimous votes,,,analytics.json,analytics.metrics.negotiation.unanimous_votes,no,UNMEASURABLE: no analytics.json in run dir
audit-final-seed3,m05_final_vote_unanimity,unanimous_votes / votes_cast,,,analytics.json,analytics.metrics.negotiation.final_vote_unanimity,no,UNMEASURABLE: no analytics.json in run dir
audit-final-seed3,m06_class_INITIAL_CONSENSUS,unanimity class as stored,,,analytics.json,analytics.metrics.negotiation.unanimity_classes.INITIAL_CONSENSUS (as stored),no,UNMEASURABLE: no analytics.json in run dir
audit-final-seed3,m07_class_NEGOTIATED_CONVERGENCE,unanimity class as stored,,,analytics.json,analytics.metrics.negotiation.unanimity_classes.NEGOTIATED_CONVERGENCE (as stored),no,UNMEASURABLE: no analytics.json in run dir
audit-final-seed3,m08_class_CONDITIONAL_COMPROMISE,unanimity class as stored,,,analytics.json,analytics.metrics.negotiation.unanimity_classes.CONDITIONAL_COMPROMISE (as stored),no,UNMEASURABLE: no analytics.json in run dir
audit-final-seed3,m09_class_DUPLICATE_CONSOLIDATION,unanimity class as stored,,,analytics.json,analytics.metrics.negotiation.unanimity_classes.DUPLICATE_CONSOLIDATION (as stored),no,UNMEASURABLE: no analytics.json in run dir
audit-final-seed3,m10_class_UNKNOWN,unanimity class as stored,,,analytics.json,analytics.metrics.negotiation.unanimity_classes.UNKNOWN (as stored),no,UNMEASURABLE: no analytics.json in run dir
audit-final-seed3,m11_position_changes,negotiation position changes,,,analytics.json,analytics.metrics.negotiation.position_changes,no,UNMEASURABLE: no analytics.json in run dir
audit-final-seed3,m12_negotiated_convergence_count,negotiation converged count,,,analytics.json,analytics.metrics.negotiation.negotiated_convergence_count,no,UNMEASURABLE: no analytics.json in run dir
audit-final-seed3,m13_minority_positions_maintained,minority votes maintained,,,analytics.json,analytics.metrics.negotiation.minority_positions_maintained,no,UNMEASURABLE: no analytics.json in run dir
audit-final-seed3,m14_competing_alternatives,competing alternatives,,,analytics.json,analytics.metrics.negotiation.competing_alternatives,no,UNMEASURABLE: no analytics.json in run dir
audit-final-seed3,m15_failed_votes,failed votes,,,analytics.json,analytics.metrics.negotiation.failed_votes,no,UNMEASURABLE: no analytics.json in run dir
audit-final-seed3,m16_withdrawn_motions,withdrawn motions,,,analytics.json,analytics.metrics.negotiation.withdrawn_motions,no,UNMEASURABLE: no analytics.json in run dir
audit-final-seed3,m17_motions_withdrawn_after_opposition,withdrawn after opposition,,,analytics.json,analytics.metrics.negotiation.motions_withdrawn_after_opposition,no,UNMEASURABLE: no analytics.json in run dir
audit-final-seed3,m18_deferred_motions,deferred motions,,,analytics.json,analytics.metrics.negotiation.deferred_motions,no,UNMEASURABLE: no analytics.json in run dir
audit-final-seed3,m19_conditional_rate,council conditional vote rate,,,analytics.json,analytics.metrics.council.conditional_rate,no,UNMEASURABLE: no analytics.json in run dir
audit-final-seed3,m20_abstention_rate,council abstention rate,,,analytics.json,analytics.metrics.council.abstention_rate,no,UNMEASURABLE: no analytics.json in run dir
audit-final-seed3,m21_promises_made,agents promises made,,,analytics.json,analytics.metrics.agents.promises_made,no,UNMEASURABLE: no analytics.json in run dir
audit-final-seed3,m22_promises_kept,agents promises kept,,,analytics.json,analytics.metrics.agents.promises_kept,no,UNMEASURABLE: no analytics.json in run dir
audit-final-seed3,m23_promises_broken,agents promises broken,,,analytics.json,analytics.metrics.agents.promises_broken,no,UNMEASURABLE: no analytics.json in run dir
audit-final-seed3,m24_persuasion_events,agents persuasion events,,,analytics.json,analytics.metrics.agents.persuasion_events,no,UNMEASURABLE: no analytics.json in run dir
audit-final-seed3,m25_leaks,agents leaks,,,analytics.json,analytics.metrics.agents.leaks,no,UNMEASURABLE: no analytics.json in run dir
audit-final-seed4,m01_motions,council motions tabled,,,analytics.json,analytics.metrics.council.motions,no,UNMEASURABLE: no analytics.json in run dir
audit-final-seed4,m02_substantive,council substantive motions,,,analytics.json,analytics.metrics.council.substantive,no,UNMEASURABLE: no analytics.json in run dir
audit-final-seed4,m03_votes_cast,negotiation votes held (denominator),,,analytics.json,analytics.metrics.negotiation.votes_cast,no,UNMEASURABLE: no analytics.json in run dir
audit-final-seed4,m04_unanimous_votes,negotiation unanimous votes,,,analytics.json,analytics.metrics.negotiation.unanimous_votes,no,UNMEASURABLE: no analytics.json in run dir
audit-final-seed4,m05_final_vote_unanimity,unanimous_votes / votes_cast,,,analytics.json,analytics.metrics.negotiation.final_vote_unanimity,no,UNMEASURABLE: no analytics.json in run dir
audit-final-seed4,m06_class_INITIAL_CONSENSUS,unanimity class as stored,,,analytics.json,analytics.metrics.negotiation.unanimity_classes.INITIAL_CONSENSUS (as stored),no,UNMEASURABLE: no analytics.json in run dir
audit-final-seed4,m07_class_NEGOTIATED_CONVERGENCE,unanimity class as stored,,,analytics.json,analytics.metrics.negotiation.unanimity_classes.NEGOTIATED_CONVERGENCE (as stored),no,UNMEASURABLE: no analytics.json in run dir
audit-final-seed4,m08_class_CONDITIONAL_COMPROMISE,unanimity class as stored,,,analytics.json,analytics.metrics.negotiation.unanimity_classes.CONDITIONAL_COMPROMISE (as stored),no,UNMEASURABLE: no analytics.json in run dir
audit-final-seed4,m09_class_DUPLICATE_CONSOLIDATION,unanimity class as stored,,,analytics.json,analytics.metrics.negotiation.unanimity_classes.DUPLICATE_CONSOLIDATION (as stored),no,UNMEASURABLE: no analytics.json in run dir
audit-final-seed4,m10_class_UNKNOWN,unanimity class as stored,,,analytics.json,analytics.metrics.negotiation.unanimity_classes.UNKNOWN (as stored),no,UNMEASURABLE: no analytics.json in run dir
audit-final-seed4,m11_position_changes,negotiation position changes,,,analytics.json,analytics.metrics.negotiation.position_changes,no,UNMEASURABLE: no analytics.json in run dir
audit-final-seed4,m12_negotiated_convergence_count,negotiation converged count,,,analytics.json,analytics.metrics.negotiation.negotiated_convergence_count,no,UNMEASURABLE: no analytics.json in run dir
audit-final-seed4,m13_minority_positions_maintained,minority votes maintained,,,analytics.json,analytics.metrics.negotiation.minority_positions_maintained,no,UNMEASURABLE: no analytics.json in run dir
audit-final-seed4,m14_competing_alternatives,competing alternatives,,,analytics.json,analytics.metrics.negotiation.competing_alternatives,no,UNMEASURABLE: no analytics.json in run dir
audit-final-seed4,m15_failed_votes,failed votes,,,analytics.json,analytics.metrics.negotiation.failed_votes,no,UNMEASURABLE: no analytics.json in run dir
audit-final-seed4,m16_withdrawn_motions,withdrawn motions,,,analytics.json,analytics.metrics.negotiation.withdrawn_motions,no,UNMEASURABLE: no analytics.json in run dir
audit-final-seed4,m17_motions_withdrawn_after_opposition,withdrawn after opposition,,,analytics.json,analytics.metrics.negotiation.motions_withdrawn_after_opposition,no,UNMEASURABLE: no analytics.json in run dir
audit-final-seed4,m18_deferred_motions,deferred motions,,,analytics.json,analytics.metrics.negotiation.deferred_motions,no,UNMEASURABLE: no analytics.json in run dir
audit-final-seed4,m19_conditional_rate,council conditional vote rate,,,analytics.json,analytics.metrics.council.conditional_rate,no,UNMEASURABLE: no analytics.json in run dir
audit-final-seed4,m20_abstention_rate,council abstention rate,,,analytics.json,analytics.metrics.council.abstention_rate,no,UNMEASURABLE: no analytics.json in run dir
audit-final-seed4,m21_promises_made,agents promises made,,,analytics.json,analytics.metrics.agents.promises_made,no,UNMEASURABLE: no analytics.json in run dir
audit-final-seed4,m22_promises_kept,agents promises kept,,,analytics.json,analytics.metrics.agents.promises_kept,no,UNMEASURABLE: no analytics.json in run dir
audit-final-seed4,m23_promises_broken,agents promises broken,,,analytics.json,analytics.metrics.agents.promises_broken,no,UNMEASURABLE: no analytics.json in run dir
audit-final-seed4,m24_persuasion_events,agents persuasion events,,,analytics.json,analytics.metrics.agents.persuasion_events,no,UNMEASURABLE: no analytics.json in run dir
audit-final-seed4,m25_leaks,agents leaks,,,analytics.json,analytics.metrics.agents.leaks,no,UNMEASURABLE: no analytics.json in run dir
audit-final-seed5,m01_motions,council motions tabled,,,analytics.json,analytics.metrics.council.motions,no,UNMEASURABLE: no analytics.json in run dir
audit-final-seed5,m02_substantive,council substantive motions,,,analytics.json,analytics.metrics.council.substantive,no,UNMEASURABLE: no analytics.json in run dir
audit-final-seed5,m03_votes_cast,negotiation votes held (denominator),,,analytics.json,analytics.metrics.negotiation.votes_cast,no,UNMEASURABLE: no analytics.json in run dir
audit-final-seed5,m04_unanimous_votes,negotiation unanimous votes,,,analytics.json,analytics.metrics.negotiation.unanimous_votes,no,UNMEASURABLE: no analytics.json in run dir
audit-final-seed5,m05_final_vote_unanimity,unanimous_votes / votes_cast,,,analytics.json,analytics.metrics.negotiation.final_vote_unanimity,no,UNMEASURABLE: no analytics.json in run dir
audit-final-seed5,m06_class_INITIAL_CONSENSUS,unanimity class as stored,,,analytics.json,analytics.metrics.negotiation.unanimity_classes.INITIAL_CONSENSUS (as stored),no,UNMEASURABLE: no analytics.json in run dir
audit-final-seed5,m07_class_NEGOTIATED_CONVERGENCE,unanimity class as stored,,,analytics.json,analytics.metrics.negotiation.unanimity_classes.NEGOTIATED_CONVERGENCE (as stored),no,UNMEASURABLE: no analytics.json in run dir
audit-final-seed5,m08_class_CONDITIONAL_COMPROMISE,unanimity class as stored,,,analytics.json,analytics.metrics.negotiation.unanimity_classes.CONDITIONAL_COMPROMISE (as stored),no,UNMEASURABLE: no analytics.json in run dir
audit-final-seed5,m09_class_DUPLICATE_CONSOLIDATION,unanimity class as stored,,,analytics.json,analytics.metrics.negotiation.unanimity_classes.DUPLICATE_CONSOLIDATION (as stored),no,UNMEASURABLE: no analytics.json in run dir
audit-final-seed5,m10_class_UNKNOWN,unanimity class as stored,,,analytics.json,analytics.metrics.negotiation.unanimity_classes.UNKNOWN (as stored),no,UNMEASURABLE: no analytics.json in run dir
audit-final-seed5,m11_position_changes,negotiation position changes,,,analytics.json,analytics.metrics.negotiation.position_changes,no,UNMEASURABLE: no analytics.json in run dir
audit-final-seed5,m12_negotiated_convergence_count,negotiation converged count,,,analytics.json,analytics.metrics.negotiation.negotiated_convergence_count,no,UNMEASURABLE: no analytics.json in run dir
audit-final-seed5,m13_minority_positions_maintained,minority votes maintained,,,analytics.json,analytics.metrics.negotiation.minority_positions_maintained,no,UNMEASURABLE: no analytics.json in run dir
audit-final-seed5,m14_competing_alternatives,competing alternatives,,,analytics.json,analytics.metrics.negotiation.competing_alternatives,no,UNMEASURABLE: no analytics.json in run dir
audit-final-seed5,m15_failed_votes,failed votes,,,analytics.json,analytics.metrics.negotiation.failed_votes,no,UNMEASURABLE: no analytics.json in run dir
audit-final-seed5,m16_withdrawn_motions,withdrawn motions,,,analytics.json,analytics.metrics.negotiation.withdrawn_motions,no,UNMEASURABLE: no analytics.json in run dir
audit-final-seed5,m17_motions_withdrawn_after_opposition,withdrawn after opposition,,,analytics.json,analytics.metrics.negotiation.motions_withdrawn_after_opposition,no,UNMEASURABLE: no analytics.json in run dir
audit-final-seed5,m18_deferred_motions,deferred motions,,,analytics.json,analytics.metrics.negotiation.deferred_motions,no,UNMEASURABLE: no analytics.json in run dir
audit-final-seed5,m19_conditional_rate,council conditional vote rate,,,analytics.json,analytics.metrics.council.conditional_rate,no,UNMEASURABLE: no analytics.json in run dir
audit-final-seed5,m20_abstention_rate,council abstention rate,,,analytics.json,analytics.metrics.council.abstention_rate,no,UNMEASURABLE: no analytics.json in run dir
audit-final-seed5,m21_promises_made,agents promises made,,,analytics.json,analytics.metrics.agents.promises_made,no,UNMEASURABLE: no analytics.json in run dir
audit-final-seed5,m22_promises_kept,agents promises kept,,,analytics.json,analytics.metrics.agents.promises_kept,no,UNMEASURABLE: no analytics.json in run dir
audit-final-seed5,m23_promises_broken,agents promises broken,,,analytics.json,analytics.metrics.agents.promises_broken,no,UNMEASURABLE: no analytics.json in run dir
audit-final-seed5,m24_persuasion_events,agents persuasion events,,,analytics.json,analytics.metrics.agents.persuasion_events,no,UNMEASURABLE: no analytics.json in run dir
audit-final-seed5,m25_leaks,agents leaks,,,analytics.json,analytics.metrics.agents.leaks,no,UNMEASURABLE: no analytics.json in run dir
audit-final-v2-seed1,m01_motions,council motions tabled,,,analytics.json,analytics.metrics.council.motions,no,UNMEASURABLE: no analytics.json in run dir
audit-final-v2-seed1,m02_substantive,council substantive motions,,,analytics.json,analytics.metrics.council.substantive,no,UNMEASURABLE: no analytics.json in run dir
audit-final-v2-seed1,m03_votes_cast,negotiation votes held (denominator),,,analytics.json,analytics.metrics.negotiation.votes_cast,no,UNMEASURABLE: no analytics.json in run dir
audit-final-v2-seed1,m04_unanimous_votes,negotiation unanimous votes,,,analytics.json,analytics.metrics.negotiation.unanimous_votes,no,UNMEASURABLE: no analytics.json in run dir
audit-final-v2-seed1,m05_final_vote_unanimity,unanimous_votes / votes_cast,,,analytics.json,analytics.metrics.negotiation.final_vote_unanimity,no,UNMEASURABLE: no analytics.json in run dir
audit-final-v2-seed1,m06_class_INITIAL_CONSENSUS,unanimity class as stored,,,analytics.json,analytics.metrics.negotiation.unanimity_classes.INITIAL_CONSENSUS (as stored),no,UNMEASURABLE: no analytics.json in run dir
audit-final-v2-seed1,m07_class_NEGOTIATED_CONVERGENCE,unanimity class as stored,,,analytics.json,analytics.metrics.negotiation.unanimity_classes.NEGOTIATED_CONVERGENCE (as stored),no,UNMEASURABLE: no analytics.json in run dir
audit-final-v2-seed1,m08_class_CONDITIONAL_COMPROMISE,unanimity class as stored,,,analytics.json,analytics.metrics.negotiation.unanimity_classes.CONDITIONAL_COMPROMISE (as stored),no,UNMEASURABLE: no analytics.json in run dir
audit-final-v2-seed1,m09_class_DUPLICATE_CONSOLIDATION,unanimity class as stored,,,analytics.json,analytics.metrics.negotiation.unanimity_classes.DUPLICATE_CONSOLIDATION (as stored),no,UNMEASURABLE: no analytics.json in run dir
audit-final-v2-seed1,m10_class_UNKNOWN,unanimity class as stored,,,analytics.json,analytics.metrics.negotiation.unanimity_classes.UNKNOWN (as stored),no,UNMEASURABLE: no analytics.json in run dir
audit-final-v2-seed1,m11_position_changes,negotiation position changes,,,analytics.json,analytics.metrics.negotiation.position_changes,no,UNMEASURABLE: no analytics.json in run dir
audit-final-v2-seed1,m12_negotiated_convergence_count,negotiation converged count,,,analytics.json,analytics.metrics.negotiation.negotiated_convergence_count,no,UNMEASURABLE: no analytics.json in run dir
audit-final-v2-seed1,m13_minority_positions_maintained,minority votes maintained,,,analytics.json,analytics.metrics.negotiation.minority_positions_maintained,no,UNMEASURABLE: no analytics.json in run dir
audit-final-v2-seed1,m14_competing_alternatives,competing alternatives,,,analytics.json,analytics.metrics.negotiation.competing_alternatives,no,UNMEASURABLE: no analytics.json in run dir
audit-final-v2-seed1,m15_failed_votes,failed votes,,,analytics.json,analytics.metrics.negotiation.failed_votes,no,UNMEASURABLE: no analytics.json in run dir
audit-final-v2-seed1,m16_withdrawn_motions,withdrawn motions,,,analytics.json,analytics.metrics.negotiation.withdrawn_motions,no,UNMEASURABLE: no analytics.json in run dir
audit-final-v2-seed1,m17_motions_withdrawn_after_opposition,withdrawn after opposition,,,analytics.json,analytics.metrics.negotiation.motions_withdrawn_after_opposition,no,UNMEASURABLE: no analytics.json in run dir
audit-final-v2-seed1,m18_deferred_motions,deferred motions,,,analytics.json,analytics.metrics.negotiation.deferred_motions,no,UNMEASURABLE: no analytics.json in run dir
audit-final-v2-seed1,m19_conditional_rate,council conditional vote rate,,,analytics.json,analytics.metrics.council.conditional_rate,no,UNMEASURABLE: no analytics.json in run dir
audit-final-v2-seed1,m20_abstention_rate,council abstention rate,,,analytics.json,analytics.metrics.council.abstention_rate,no,UNMEASURABLE: no analytics.json in run dir
audit-final-v2-seed1,m21_promises_made,agents promises made,,,analytics.json,analytics.metrics.agents.promises_made,no,UNMEASURABLE: no analytics.json in run dir
audit-final-v2-seed1,m22_promises_kept,agents promises kept,,,analytics.json,analytics.metrics.agents.promises_kept,no,UNMEASURABLE: no analytics.json in run dir
audit-final-v2-seed1,m23_promises_broken,agents promises broken,,,analytics.json,analytics.metrics.agents.promises_broken,no,UNMEASURABLE: no analytics.json in run dir
audit-final-v2-seed1,m24_persuasion_events,agents persuasion events,,,analytics.json,analytics.metrics.agents.persuasion_events,no,UNMEASURABLE: no analytics.json in run dir
audit-final-v2-seed1,m25_leaks,agents leaks,,,analytics.json,analytics.metrics.agents.leaks,no,UNMEASURABLE: no analytics.json in run dir
audit-final-v2-seed2,m01_motions,council motions tabled,,,analytics.json,analytics.metrics.council.motions,no,UNMEASURABLE: no analytics.json in run dir
audit-final-v2-seed2,m02_substantive,council substantive motions,,,analytics.json,analytics.metrics.council.substantive,no,UNMEASURABLE: no analytics.json in run dir
audit-final-v2-seed2,m03_votes_cast,negotiation votes held (denominator),,,analytics.json,analytics.metrics.negotiation.votes_cast,no,UNMEASURABLE: no analytics.json in run dir
audit-final-v2-seed2,m04_unanimous_votes,negotiation unanimous votes,,,analytics.json,analytics.metrics.negotiation.unanimous_votes,no,UNMEASURABLE: no analytics.json in run dir
audit-final-v2-seed2,m05_final_vote_unanimity,unanimous_votes / votes_cast,,,analytics.json,analytics.metrics.negotiation.final_vote_unanimity,no,UNMEASURABLE: no analytics.json in run dir
audit-final-v2-seed2,m06_class_INITIAL_CONSENSUS,unanimity class as stored,,,analytics.json,analytics.metrics.negotiation.unanimity_classes.INITIAL_CONSENSUS (as stored),no,UNMEASURABLE: no analytics.json in run dir
audit-final-v2-seed2,m07_class_NEGOTIATED_CONVERGENCE,unanimity class as stored,,,analytics.json,analytics.metrics.negotiation.unanimity_classes.NEGOTIATED_CONVERGENCE (as stored),no,UNMEASURABLE: no analytics.json in run dir
audit-final-v2-seed2,m08_class_CONDITIONAL_COMPROMISE,unanimity class as stored,,,analytics.json,analytics.metrics.negotiation.unanimity_classes.CONDITIONAL_COMPROMISE (as stored),no,UNMEASURABLE: no analytics.json in run dir
audit-final-v2-seed2,m09_class_DUPLICATE_CONSOLIDATION,unanimity class as stored,,,analytics.json,analytics.metrics.negotiation.unanimity_classes.DUPLICATE_CONSOLIDATION (as stored),no,UNMEASURABLE: no analytics.json in run dir
audit-final-v2-seed2,m10_class_UNKNOWN,unanimity class as stored,,,analytics.json,analytics.metrics.negotiation.unanimity_classes.UNKNOWN (as stored),no,UNMEASURABLE: no analytics.json in run dir
audit-final-v2-seed2,m11_position_changes,negotiation position changes,,,analytics.json,analytics.metrics.negotiation.position_changes,no,UNMEASURABLE: no analytics.json in run dir
audit-final-v2-seed2,m12_negotiated_convergence_count,negotiation converged count,,,analytics.json,analytics.metrics.negotiation.negotiated_convergence_count,no,UNMEASURABLE: no analytics.json in run dir
audit-final-v2-seed2,m13_minority_positions_maintained,minority votes maintained,,,analytics.json,analytics.metrics.negotiation.minority_positions_maintained,no,UNMEASURABLE: no analytics.json in run dir
audit-final-v2-seed2,m14_competing_alternatives,competing alternatives,,,analytics.json,analytics.metrics.negotiation.competing_alternatives,no,UNMEASURABLE: no analytics.json in run dir
audit-final-v2-seed2,m15_failed_votes,failed votes,,,analytics.json,analytics.metrics.negotiation.failed_votes,no,UNMEASURABLE: no analytics.json in run dir
audit-final-v2-seed2,m16_withdrawn_motions,withdrawn motions,,,analytics.json,analytics.metrics.negotiation.withdrawn_motions,no,UNMEASURABLE: no analytics.json in run dir
audit-final-v2-seed2,m17_motions_withdrawn_after_opposition,withdrawn after opposition,,,analytics.json,analytics.metrics.negotiation.motions_withdrawn_after_opposition,no,UNMEASURABLE: no analytics.json in run dir
audit-final-v2-seed2,m18_deferred_motions,deferred motions,,,analytics.json,analytics.metrics.negotiation.deferred_motions,no,UNMEASURABLE: no analytics.json in run dir
audit-final-v2-seed2,m19_conditional_rate,council conditional vote rate,,,analytics.json,analytics.metrics.council.conditional_rate,no,UNMEASURABLE: no analytics.json in run dir
audit-final-v2-seed2,m20_abstention_rate,council abstention rate,,,analytics.json,analytics.metrics.council.abstention_rate,no,UNMEASURABLE: no analytics.json in run dir
audit-final-v2-seed2,m21_promises_made,agents promises made,,,analytics.json,analytics.metrics.agents.promises_made,no,UNMEASURABLE: no analytics.json in run dir
audit-final-v2-seed2,m22_promises_kept,agents promises kept,,,analytics.json,analytics.metrics.agents.promises_kept,no,UNMEASURABLE: no analytics.json in run dir
audit-final-v2-seed2,m23_promises_broken,agents promises broken,,,analytics.json,analytics.metrics.agents.promises_broken,no,UNMEASURABLE: no analytics.json in run dir
audit-final-v2-seed2,m24_persuasion_events,agents persuasion events,,,analytics.json,analytics.metrics.agents.persuasion_events,no,UNMEASURABLE: no analytics.json in run dir
audit-final-v2-seed2,m25_leaks,agents leaks,,,analytics.json,analytics.metrics.agents.leaks,no,UNMEASURABLE: no analytics.json in run dir
audit-final-v2-seed3,m01_motions,council motions tabled,,,analytics.json,analytics.metrics.council.motions,no,UNMEASURABLE: no analytics.json in run dir
audit-final-v2-seed3,m02_substantive,council substantive motions,,,analytics.json,analytics.metrics.council.substantive,no,UNMEASURABLE: no analytics.json in run dir
audit-final-v2-seed3,m03_votes_cast,negotiation votes held (denominator),,,analytics.json,analytics.metrics.negotiation.votes_cast,no,UNMEASURABLE: no analytics.json in run dir
audit-final-v2-seed3,m04_unanimous_votes,negotiation unanimous votes,,,analytics.json,analytics.metrics.negotiation.unanimous_votes,no,UNMEASURABLE: no analytics.json in run dir
audit-final-v2-seed3,m05_final_vote_unanimity,unanimous_votes / votes_cast,,,analytics.json,analytics.metrics.negotiation.final_vote_unanimity,no,UNMEASURABLE: no analytics.json in run dir
audit-final-v2-seed3,m06_class_INITIAL_CONSENSUS,unanimity class as stored,,,analytics.json,analytics.metrics.negotiation.unanimity_classes.INITIAL_CONSENSUS (as stored),no,UNMEASURABLE: no analytics.json in run dir
audit-final-v2-seed3,m07_class_NEGOTIATED_CONVERGENCE,unanimity class as stored,,,analytics.json,analytics.metrics.negotiation.unanimity_classes.NEGOTIATED_CONVERGENCE (as stored),no,UNMEASURABLE: no analytics.json in run dir
audit-final-v2-seed3,m08_class_CONDITIONAL_COMPROMISE,unanimity class as stored,,,analytics.json,analytics.metrics.negotiation.unanimity_classes.CONDITIONAL_COMPROMISE (as stored),no,UNMEASURABLE: no analytics.json in run dir
audit-final-v2-seed3,m09_class_DUPLICATE_CONSOLIDATION,unanimity class as stored,,,analytics.json,analytics.metrics.negotiation.unanimity_classes.DUPLICATE_CONSOLIDATION (as stored),no,UNMEASURABLE: no analytics.json in run dir
audit-final-v2-seed3,m10_class_UNKNOWN,unanimity class as stored,,,analytics.json,analytics.metrics.negotiation.unanimity_classes.UNKNOWN (as stored),no,UNMEASURABLE: no analytics.json in run dir
audit-final-v2-seed3,m11_position_changes,negotiation position changes,,,analytics.json,analytics.metrics.negotiation.position_changes,no,UNMEASURABLE: no analytics.json in run dir
audit-final-v2-seed3,m12_negotiated_convergence_count,negotiation converged count,,,analytics.json,analytics.metrics.negotiation.negotiated_convergence_count,no,UNMEASURABLE: no analytics.json in run dir
audit-final-v2-seed3,m13_minority_positions_maintained,minority votes maintained,,,analytics.json,analytics.metrics.negotiation.minority_positions_maintained,no,UNMEASURABLE: no analytics.json in run dir
audit-final-v2-seed3,m14_competing_alternatives,competing alternatives,,,analytics.json,analytics.metrics.negotiation.competing_alternatives,no,UNMEASURABLE: no analytics.json in run dir
audit-final-v2-seed3,m15_failed_votes,failed votes,,,analytics.json,analytics.metrics.negotiation.failed_votes,no,UNMEASURABLE: no analytics.json in run dir
audit-final-v2-seed3,m16_withdrawn_motions,withdrawn motions,,,analytics.json,analytics.metrics.negotiation.withdrawn_motions,no,UNMEASURABLE: no analytics.json in run dir
audit-final-v2-seed3,m17_motions_withdrawn_after_opposition,withdrawn after opposition,,,analytics.json,analytics.metrics.negotiation.motions_withdrawn_after_opposition,no,UNMEASURABLE: no analytics.json in run dir
audit-final-v2-seed3,m18_deferred_motions,deferred motions,,,analytics.json,analytics.metrics.negotiation.deferred_motions,no,UNMEASURABLE: no analytics.json in run dir
audit-final-v2-seed3,m19_conditional_rate,council conditional vote rate,,,analytics.json,analytics.metrics.council.conditional_rate,no,UNMEASURABLE: no analytics.json in run dir
audit-final-v2-seed3,m20_abstention_rate,council abstention rate,,,analytics.json,analytics.metrics.council.abstention_rate,no,UNMEASURABLE: no analytics.json in run dir
audit-final-v2-seed3,m21_promises_made,agents promises made,,,analytics.json,analytics.metrics.agents.promises_made,no,UNMEASURABLE: no analytics.json in run dir
audit-final-v2-seed3,m22_promises_kept,agents promises kept,,,analytics.json,analytics.metrics.agents.promises_kept,no,UNMEASURABLE: no analytics.json in run dir
audit-final-v2-seed3,m23_promises_broken,agents promises broken,,,analytics.json,analytics.metrics.agents.promises_broken,no,UNMEASURABLE: no analytics.json in run dir
audit-final-v2-seed3,m24_persuasion_events,agents persuasion events,,,analytics.json,analytics.metrics.agents.persuasion_events,no,UNMEASURABLE: no analytics.json in run dir
audit-final-v2-seed3,m25_leaks,agents leaks,,,analytics.json,analytics.metrics.agents.leaks,no,UNMEASURABLE: no analytics.json in run dir
audit-final-v2-seed4,m01_motions,council motions tabled,,,analytics.json,analytics.metrics.council.motions,no,UNMEASURABLE: no analytics.json in run dir
audit-final-v2-seed4,m02_substantive,council substantive motions,,,analytics.json,analytics.metrics.council.substantive,no,UNMEASURABLE: no analytics.json in run dir
audit-final-v2-seed4,m03_votes_cast,negotiation votes held (denominator),,,analytics.json,analytics.metrics.negotiation.votes_cast,no,UNMEASURABLE: no analytics.json in run dir
audit-final-v2-seed4,m04_unanimous_votes,negotiation unanimous votes,,,analytics.json,analytics.metrics.negotiation.unanimous_votes,no,UNMEASURABLE: no analytics.json in run dir
audit-final-v2-seed4,m05_final_vote_unanimity,unanimous_votes / votes_cast,,,analytics.json,analytics.metrics.negotiation.final_vote_unanimity,no,UNMEASURABLE: no analytics.json in run dir
audit-final-v2-seed4,m06_class_INITIAL_CONSENSUS,unanimity class as stored,,,analytics.json,analytics.metrics.negotiation.unanimity_classes.INITIAL_CONSENSUS (as stored),no,UNMEASURABLE: no analytics.json in run dir
audit-final-v2-seed4,m07_class_NEGOTIATED_CONVERGENCE,unanimity class as stored,,,analytics.json,analytics.metrics.negotiation.unanimity_classes.NEGOTIATED_CONVERGENCE (as stored),no,UNMEASURABLE: no analytics.json in run dir
audit-final-v2-seed4,m08_class_CONDITIONAL_COMPROMISE,unanimity class as stored,,,analytics.json,analytics.metrics.negotiation.unanimity_classes.CONDITIONAL_COMPROMISE (as stored),no,UNMEASURABLE: no analytics.json in run dir
audit-final-v2-seed4,m09_class_DUPLICATE_CONSOLIDATION,unanimity class as stored,,,analytics.json,analytics.metrics.negotiation.unanimity_classes.DUPLICATE_CONSOLIDATION (as stored),no,UNMEASURABLE: no analytics.json in run dir
audit-final-v2-seed4,m10_class_UNKNOWN,unanimity class as stored,,,analytics.json,analytics.metrics.negotiation.unanimity_classes.UNKNOWN (as stored),no,UNMEASURABLE: no analytics.json in run dir
audit-final-v2-seed4,m11_position_changes,negotiation position changes,,,analytics.json,analytics.metrics.negotiation.position_changes,no,UNMEASURABLE: no analytics.json in run dir
audit-final-v2-seed4,m12_negotiated_convergence_count,negotiation converged count,,,analytics.json,analytics.metrics.negotiation.negotiated_convergence_count,no,UNMEASURABLE: no analytics.json in run dir
audit-final-v2-seed4,m13_minority_positions_maintained,minority votes maintained,,,analytics.json,analytics.metrics.negotiation.minority_positions_maintained,no,UNMEASURABLE: no analytics.json in run dir
audit-final-v2-seed4,m14_competing_alternatives,competing alternatives,,,analytics.json,analytics.metrics.negotiation.competing_alternatives,no,UNMEASURABLE: no analytics.json in run dir
audit-final-v2-seed4,m15_failed_votes,failed votes,,,analytics.json,analytics.metrics.negotiation.failed_votes,no,UNMEASURABLE: no analytics.json in run dir
audit-final-v2-seed4,m16_withdrawn_motions,withdrawn motions,,,analytics.json,analytics.metrics.negotiation.withdrawn_motions,no,UNMEASURABLE: no analytics.json in run dir
audit-final-v2-seed4,m17_motions_withdrawn_after_opposition,withdrawn after opposition,,,analytics.json,analytics.metrics.negotiation.motions_withdrawn_after_opposition,no,UNMEASURABLE: no analytics.json in run dir
audit-final-v2-seed4,m18_deferred_motions,deferred motions,,,analytics.json,analytics.metrics.negotiation.deferred_motions,no,UNMEASURABLE: no analytics.json in run dir
audit-final-v2-seed4,m19_conditional_rate,council conditional vote rate,,,analytics.json,analytics.metrics.council.conditional_rate,no,UNMEASURABLE: no analytics.json in run dir
audit-final-v2-seed4,m20_abstention_rate,council abstention rate,,,analytics.json,analytics.metrics.council.abstention_rate,no,UNMEASURABLE: no analytics.json in run dir
audit-final-v2-seed4,m21_promises_made,agents promises made,,,analytics.json,analytics.metrics.agents.promises_made,no,UNMEASURABLE: no analytics.json in run dir
audit-final-v2-seed4,m22_promises_kept,agents promises kept,,,analytics.json,analytics.metrics.agents.promises_kept,no,UNMEASURABLE: no analytics.json in run dir
audit-final-v2-seed4,m23_promises_broken,agents promises broken,,,analytics.json,analytics.metrics.agents.promises_broken,no,UNMEASURABLE: no analytics.json in run dir
audit-final-v2-seed4,m24_persuasion_events,agents persuasion events,,,analytics.json,analytics.metrics.agents.persuasion_events,no,UNMEASURABLE: no analytics.json in run dir
audit-final-v2-seed4,m25_leaks,agents leaks,,,analytics.json,analytics.metrics.agents.leaks,no,UNMEASURABLE: no analytics.json in run dir
audit-final-v2-seed5,m01_motions,council motions tabled,,,analytics.json,analytics.metrics.council.motions,no,UNMEASURABLE: no analytics.json in run dir
audit-final-v2-seed5,m02_substantive,council substantive motions,,,analytics.json,analytics.metrics.council.substantive,no,UNMEASURABLE: no analytics.json in run dir
audit-final-v2-seed5,m03_votes_cast,negotiation votes held (denominator),,,analytics.json,analytics.metrics.negotiation.votes_cast,no,UNMEASURABLE: no analytics.json in run dir
audit-final-v2-seed5,m04_unanimous_votes,negotiation unanimous votes,,,analytics.json,analytics.metrics.negotiation.unanimous_votes,no,UNMEASURABLE: no analytics.json in run dir
audit-final-v2-seed5,m05_final_vote_unanimity,unanimous_votes / votes_cast,,,analytics.json,analytics.metrics.negotiation.final_vote_unanimity,no,UNMEASURABLE: no analytics.json in run dir
audit-final-v2-seed5,m06_class_INITIAL_CONSENSUS,unanimity class as stored,,,analytics.json,analytics.metrics.negotiation.unanimity_classes.INITIAL_CONSENSUS (as stored),no,UNMEASURABLE: no analytics.json in run dir
audit-final-v2-seed5,m07_class_NEGOTIATED_CONVERGENCE,unanimity class as stored,,,analytics.json,analytics.metrics.negotiation.unanimity_classes.NEGOTIATED_CONVERGENCE (as stored),no,UNMEASURABLE: no analytics.json in run dir
audit-final-v2-seed5,m08_class_CONDITIONAL_COMPROMISE,unanimity class as stored,,,analytics.json,analytics.metrics.negotiation.unanimity_classes.CONDITIONAL_COMPROMISE (as stored),no,UNMEASURABLE: no analytics.json in run dir
audit-final-v2-seed5,m09_class_DUPLICATE_CONSOLIDATION,unanimity class as stored,,,analytics.json,analytics.metrics.negotiation.unanimity_classes.DUPLICATE_CONSOLIDATION (as stored),no,UNMEASURABLE: no analytics.json in run dir
audit-final-v2-seed5,m10_class_UNKNOWN,unanimity class as stored,,,analytics.json,analytics.metrics.negotiation.unanimity_classes.UNKNOWN (as stored),no,UNMEASURABLE: no analytics.json in run dir
audit-final-v2-seed5,m11_position_changes,negotiation position changes,,,analytics.json,analytics.metrics.negotiation.position_changes,no,UNMEASURABLE: no analytics.json in run dir
audit-final-v2-seed5,m12_negotiated_convergence_count,negotiation converged count,,,analytics.json,analytics.metrics.negotiation.negotiated_convergence_count,no,UNMEASURABLE: no analytics.json in run dir
audit-final-v2-seed5,m13_minority_positions_maintained,minority votes maintained,,,analytics.json,analytics.metrics.negotiation.minority_positions_maintained,no,UNMEASURABLE: no analytics.json in run dir
audit-final-v2-seed5,m14_competing_alternatives,competing alternatives,,,analytics.json,analytics.metrics.negotiation.competing_alternatives,no,UNMEASURABLE: no analytics.json in run dir
audit-final-v2-seed5,m15_failed_votes,failed votes,,,analytics.json,analytics.metrics.negotiation.failed_votes,no,UNMEASURABLE: no analytics.json in run dir
audit-final-v2-seed5,m16_withdrawn_motions,withdrawn motions,,,analytics.json,analytics.metrics.negotiation.withdrawn_motions,no,UNMEASURABLE: no analytics.json in run dir
audit-final-v2-seed5,m17_motions_withdrawn_after_opposition,withdrawn after opposition,,,analytics.json,analytics.metrics.negotiation.motions_withdrawn_after_opposition,no,UNMEASURABLE: no analytics.json in run dir
audit-final-v2-seed5,m18_deferred_motions,deferred motions,,,analytics.json,analytics.metrics.negotiation.deferred_motions,no,UNMEASURABLE: no analytics.json in run dir
audit-final-v2-seed5,m19_conditional_rate,council conditional vote rate,,,analytics.json,analytics.metrics.council.conditional_rate,no,UNMEASURABLE: no analytics.json in run dir
audit-final-v2-seed5,m20_abstention_rate,council abstention rate,,,analytics.json,analytics.metrics.council.abstention_rate,no,UNMEASURABLE: no analytics.json in run dir
audit-final-v2-seed5,m21_promises_made,agents promises made,,,analytics.json,analytics.metrics.agents.promises_made,no,UNMEASURABLE: no analytics.json in run dir
audit-final-v2-seed5,m22_promises_kept,agents promises kept,,,analytics.json,analytics.metrics.agents.promises_kept,no,UNMEASURABLE: no analytics.json in run dir
audit-final-v2-seed5,m23_promises_broken,agents promises broken,,,analytics.json,analytics.metrics.agents.promises_broken,no,UNMEASURABLE: no analytics.json in run dir
audit-final-v2-seed5,m24_persuasion_events,agents persuasion events,,,analytics.json,analytics.metrics.agents.persuasion_events,no,UNMEASURABLE: no analytics.json in run dir
audit-final-v2-seed5,m25_leaks,agents leaks,,,analytics.json,analytics.metrics.agents.leaks,no,UNMEASURABLE: no analytics.json in run dir
audit-founding-formation-seed1,m01_motions,council motions tabled,,,analytics.json,analytics.metrics.council.motions,no,UNMEASURABLE: no analytics.json in run dir
audit-founding-formation-seed1,m02_substantive,council substantive motions,,,analytics.json,analytics.metrics.council.substantive,no,UNMEASURABLE: no analytics.json in run dir
audit-founding-formation-seed1,m03_votes_cast,negotiation votes held (denominator),,,analytics.json,analytics.metrics.negotiation.votes_cast,no,UNMEASURABLE: no analytics.json in run dir
audit-founding-formation-seed1,m04_unanimous_votes,negotiation unanimous votes,,,analytics.json,analytics.metrics.negotiation.unanimous_votes,no,UNMEASURABLE: no analytics.json in run dir
audit-founding-formation-seed1,m05_final_vote_unanimity,unanimous_votes / votes_cast,,,analytics.json,analytics.metrics.negotiation.final_vote_unanimity,no,UNMEASURABLE: no analytics.json in run dir
audit-founding-formation-seed1,m06_class_INITIAL_CONSENSUS,unanimity class as stored,,,analytics.json,analytics.metrics.negotiation.unanimity_classes.INITIAL_CONSENSUS (as stored),no,UNMEASURABLE: no analytics.json in run dir
audit-founding-formation-seed1,m07_class_NEGOTIATED_CONVERGENCE,unanimity class as stored,,,analytics.json,analytics.metrics.negotiation.unanimity_classes.NEGOTIATED_CONVERGENCE (as stored),no,UNMEASURABLE: no analytics.json in run dir
audit-founding-formation-seed1,m08_class_CONDITIONAL_COMPROMISE,unanimity class as stored,,,analytics.json,analytics.metrics.negotiation.unanimity_classes.CONDITIONAL_COMPROMISE (as stored),no,UNMEASURABLE: no analytics.json in run dir
audit-founding-formation-seed1,m09_class_DUPLICATE_CONSOLIDATION,unanimity class as stored,,,analytics.json,analytics.metrics.negotiation.unanimity_classes.DUPLICATE_CONSOLIDATION (as stored),no,UNMEASURABLE: no analytics.json in run dir
audit-founding-formation-seed1,m10_class_UNKNOWN,unanimity class as stored,,,analytics.json,analytics.metrics.negotiation.unanimity_classes.UNKNOWN (as stored),no,UNMEASURABLE: no analytics.json in run dir
audit-founding-formation-seed1,m11_position_changes,negotiation position changes,,,analytics.json,analytics.metrics.negotiation.position_changes,no,UNMEASURABLE: no analytics.json in run dir
audit-founding-formation-seed1,m12_negotiated_convergence_count,negotiation converged count,,,analytics.json,analytics.metrics.negotiation.negotiated_convergence_count,no,UNMEASURABLE: no analytics.json in run dir
audit-founding-formation-seed1,m13_minority_positions_maintained,minority votes maintained,,,analytics.json,analytics.metrics.negotiation.minority_positions_maintained,no,UNMEASURABLE: no analytics.json in run dir
audit-founding-formation-seed1,m14_competing_alternatives,competing alternatives,,,analytics.json,analytics.metrics.negotiation.competing_alternatives,no,UNMEASURABLE: no analytics.json in run dir
audit-founding-formation-seed1,m15_failed_votes,failed votes,,,analytics.json,analytics.metrics.negotiation.failed_votes,no,UNMEASURABLE: no analytics.json in run dir
audit-founding-formation-seed1,m16_withdrawn_motions,withdrawn motions,,,analytics.json,analytics.metrics.negotiation.withdrawn_motions,no,UNMEASURABLE: no analytics.json in run dir
audit-founding-formation-seed1,m17_motions_withdrawn_after_opposition,withdrawn after opposition,,,analytics.json,analytics.metrics.negotiation.motions_withdrawn_after_opposition,no,UNMEASURABLE: no analytics.json in run dir
audit-founding-formation-seed1,m18_deferred_motions,deferred motions,,,analytics.json,analytics.metrics.negotiation.deferred_motions,no,UNMEASURABLE: no analytics.json in run dir
audit-founding-formation-seed1,m19_conditional_rate,council conditional vote rate,,,analytics.json,analytics.metrics.council.conditional_rate,no,UNMEASURABLE: no analytics.json in run dir
audit-founding-formation-seed1,m20_abstention_rate,council abstention rate,,,analytics.json,analytics.metrics.council.abstention_rate,no,UNMEASURABLE: no analytics.json in run dir
audit-founding-formation-seed1,m21_promises_made,agents promises made,,,analytics.json,analytics.metrics.agents.promises_made,no,UNMEASURABLE: no analytics.json in run dir
audit-founding-formation-seed1,m22_promises_kept,agents promises kept,,,analytics.json,analytics.metrics.agents.promises_kept,no,UNMEASURABLE: no analytics.json in run dir
audit-founding-formation-seed1,m23_promises_broken,agents promises broken,,,analytics.json,analytics.metrics.agents.promises_broken,no,UNMEASURABLE: no analytics.json in run dir
audit-founding-formation-seed1,m24_persuasion_events,agents persuasion events,,,analytics.json,analytics.metrics.agents.persuasion_events,no,UNMEASURABLE: no analytics.json in run dir
audit-founding-formation-seed1,m25_leaks,agents leaks,,,analytics.json,analytics.metrics.agents.leaks,no,UNMEASURABLE: no analytics.json in run dir
audit-live-free-local-seed1,m01_motions,council motions tabled,,,analytics.json,analytics.metrics.council.motions,no,UNMEASURABLE: no analytics.json in run dir
audit-live-free-local-seed1,m02_substantive,council substantive motions,,,analytics.json,analytics.metrics.council.substantive,no,UNMEASURABLE: no analytics.json in run dir
audit-live-free-local-seed1,m03_votes_cast,negotiation votes held (denominator),,,analytics.json,analytics.metrics.negotiation.votes_cast,no,UNMEASURABLE: no analytics.json in run dir
audit-live-free-local-seed1,m04_unanimous_votes,negotiation unanimous votes,,,analytics.json,analytics.metrics.negotiation.unanimous_votes,no,UNMEASURABLE: no analytics.json in run dir
audit-live-free-local-seed1,m05_final_vote_unanimity,unanimous_votes / votes_cast,,,analytics.json,analytics.metrics.negotiation.final_vote_unanimity,no,UNMEASURABLE: no analytics.json in run dir
audit-live-free-local-seed1,m06_class_INITIAL_CONSENSUS,unanimity class as stored,,,analytics.json,analytics.metrics.negotiation.unanimity_classes.INITIAL_CONSENSUS (as stored),no,UNMEASURABLE: no analytics.json in run dir
audit-live-free-local-seed1,m07_class_NEGOTIATED_CONVERGENCE,unanimity class as stored,,,analytics.json,analytics.metrics.negotiation.unanimity_classes.NEGOTIATED_CONVERGENCE (as stored),no,UNMEASURABLE: no analytics.json in run dir
audit-live-free-local-seed1,m08_class_CONDITIONAL_COMPROMISE,unanimity class as stored,,,analytics.json,analytics.metrics.negotiation.unanimity_classes.CONDITIONAL_COMPROMISE (as stored),no,UNMEASURABLE: no analytics.json in run dir
audit-live-free-local-seed1,m09_class_DUPLICATE_CONSOLIDATION,unanimity class as stored,,,analytics.json,analytics.metrics.negotiation.unanimity_classes.DUPLICATE_CONSOLIDATION (as stored),no,UNMEASURABLE: no analytics.json in run dir
audit-live-free-local-seed1,m10_class_UNKNOWN,unanimity class as stored,,,analytics.json,analytics.metrics.negotiation.unanimity_classes.UNKNOWN (as stored),no,UNMEASURABLE: no analytics.json in run dir
audit-live-free-local-seed1,m11_position_changes,negotiation position changes,,,analytics.json,analytics.metrics.negotiation.position_changes,no,UNMEASURABLE: no analytics.json in run dir
audit-live-free-local-seed1,m12_negotiated_convergence_count,negotiation converged count,,,analytics.json,analytics.metrics.negotiation.negotiated_convergence_count,no,UNMEASURABLE: no analytics.json in run dir
audit-live-free-local-seed1,m13_minority_positions_maintained,minority votes maintained,,,analytics.json,analytics.metrics.negotiation.minority_positions_maintained,no,UNMEASURABLE: no analytics.json in run dir
audit-live-free-local-seed1,m14_competing_alternatives,competing alternatives,,,analytics.json,analytics.metrics.negotiation.competing_alternatives,no,UNMEASURABLE: no analytics.json in run dir
audit-live-free-local-seed1,m15_failed_votes,failed votes,,,analytics.json,analytics.metrics.negotiation.failed_votes,no,UNMEASURABLE: no analytics.json in run dir
audit-live-free-local-seed1,m16_withdrawn_motions,withdrawn motions,,,analytics.json,analytics.metrics.negotiation.withdrawn_motions,no,UNMEASURABLE: no analytics.json in run dir
audit-live-free-local-seed1,m17_motions_withdrawn_after_opposition,withdrawn after opposition,,,analytics.json,analytics.metrics.negotiation.motions_withdrawn_after_opposition,no,UNMEASURABLE: no analytics.json in run dir
audit-live-free-local-seed1,m18_deferred_motions,deferred motions,,,analytics.json,analytics.metrics.negotiation.deferred_motions,no,UNMEASURABLE: no analytics.json in run dir
audit-live-free-local-seed1,m19_conditional_rate,council conditional vote rate,,,analytics.json,analytics.metrics.council.conditional_rate,no,UNMEASURABLE: no analytics.json in run dir
audit-live-free-local-seed1,m20_abstention_rate,council abstention rate,,,analytics.json,analytics.metrics.council.abstention_rate,no,UNMEASURABLE: no analytics.json in run dir
audit-live-free-local-seed1,m21_promises_made,agents promises made,,,analytics.json,analytics.metrics.agents.promises_made,no,UNMEASURABLE: no analytics.json in run dir
audit-live-free-local-seed1,m22_promises_kept,agents promises kept,,,analytics.json,analytics.metrics.agents.promises_kept,no,UNMEASURABLE: no analytics.json in run dir
audit-live-free-local-seed1,m23_promises_broken,agents promises broken,,,analytics.json,analytics.metrics.agents.promises_broken,no,UNMEASURABLE: no analytics.json in run dir
audit-live-free-local-seed1,m24_persuasion_events,agents persuasion events,,,analytics.json,analytics.metrics.agents.persuasion_events,no,UNMEASURABLE: no analytics.json in run dir
audit-live-free-local-seed1,m25_leaks,agents leaks,,,analytics.json,analytics.metrics.agents.leaks,no,UNMEASURABLE: no analytics.json in run dir
audit-real-v3-seed1,m01_motions,council motions tabled,,,analytics.json,analytics.metrics.council.motions,no,UNMEASURABLE: no analytics.json in run dir
audit-real-v3-seed1,m02_substantive,council substantive motions,,,analytics.json,analytics.metrics.council.substantive,no,UNMEASURABLE: no analytics.json in run dir
audit-real-v3-seed1,m03_votes_cast,negotiation votes held (denominator),,,analytics.json,analytics.metrics.negotiation.votes_cast,no,UNMEASURABLE: no analytics.json in run dir
audit-real-v3-seed1,m04_unanimous_votes,negotiation unanimous votes,,,analytics.json,analytics.metrics.negotiation.unanimous_votes,no,UNMEASURABLE: no analytics.json in run dir
audit-real-v3-seed1,m05_final_vote_unanimity,unanimous_votes / votes_cast,,,analytics.json,analytics.metrics.negotiation.final_vote_unanimity,no,UNMEASURABLE: no analytics.json in run dir
audit-real-v3-seed1,m06_class_INITIAL_CONSENSUS,unanimity class as stored,,,analytics.json,analytics.metrics.negotiation.unanimity_classes.INITIAL_CONSENSUS (as stored),no,UNMEASURABLE: no analytics.json in run dir
audit-real-v3-seed1,m07_class_NEGOTIATED_CONVERGENCE,unanimity class as stored,,,analytics.json,analytics.metrics.negotiation.unanimity_classes.NEGOTIATED_CONVERGENCE (as stored),no,UNMEASURABLE: no analytics.json in run dir
audit-real-v3-seed1,m08_class_CONDITIONAL_COMPROMISE,unanimity class as stored,,,analytics.json,analytics.metrics.negotiation.unanimity_classes.CONDITIONAL_COMPROMISE (as stored),no,UNMEASURABLE: no analytics.json in run dir
audit-real-v3-seed1,m09_class_DUPLICATE_CONSOLIDATION,unanimity class as stored,,,analytics.json,analytics.metrics.negotiation.unanimity_classes.DUPLICATE_CONSOLIDATION (as stored),no,UNMEASURABLE: no analytics.json in run dir
audit-real-v3-seed1,m10_class_UNKNOWN,unanimity class as stored,,,analytics.json,analytics.metrics.negotiation.unanimity_classes.UNKNOWN (as stored),no,UNMEASURABLE: no analytics.json in run dir
audit-real-v3-seed1,m11_position_changes,negotiation position changes,,,analytics.json,analytics.metrics.negotiation.position_changes,no,UNMEASURABLE: no analytics.json in run dir
audit-real-v3-seed1,m12_negotiated_convergence_count,negotiation converged count,,,analytics.json,analytics.metrics.negotiation.negotiated_convergence_count,no,UNMEASURABLE: no analytics.json in run dir
audit-real-v3-seed1,m13_minority_positions_maintained,minority votes maintained,,,analytics.json,analytics.metrics.negotiation.minority_positions_maintained,no,UNMEASURABLE: no analytics.json in run dir
audit-real-v3-seed1,m14_competing_alternatives,competing alternatives,,,analytics.json,analytics.metrics.negotiation.competing_alternatives,no,UNMEASURABLE: no analytics.json in run dir
audit-real-v3-seed1,m15_failed_votes,failed votes,,,analytics.json,analytics.metrics.negotiation.failed_votes,no,UNMEASURABLE: no analytics.json in run dir
audit-real-v3-seed1,m16_withdrawn_motions,withdrawn motions,,,analytics.json,analytics.metrics.negotiation.withdrawn_motions,no,UNMEASURABLE: no analytics.json in run dir
audit-real-v3-seed1,m17_motions_withdrawn_after_opposition,withdrawn after opposition,,,analytics.json,analytics.metrics.negotiation.motions_withdrawn_after_opposition,no,UNMEASURABLE: no analytics.json in run dir
audit-real-v3-seed1,m18_deferred_motions,deferred motions,,,analytics.json,analytics.metrics.negotiation.deferred_motions,no,UNMEASURABLE: no analytics.json in run dir
audit-real-v3-seed1,m19_conditional_rate,council conditional vote rate,,,analytics.json,analytics.metrics.council.conditional_rate,no,UNMEASURABLE: no analytics.json in run dir
audit-real-v3-seed1,m20_abstention_rate,council abstention rate,,,analytics.json,analytics.metrics.council.abstention_rate,no,UNMEASURABLE: no analytics.json in run dir
audit-real-v3-seed1,m21_promises_made,agents promises made,,,analytics.json,analytics.metrics.agents.promises_made,no,UNMEASURABLE: no analytics.json in run dir
audit-real-v3-seed1,m22_promises_kept,agents promises kept,,,analytics.json,analytics.metrics.agents.promises_kept,no,UNMEASURABLE: no analytics.json in run dir
audit-real-v3-seed1,m23_promises_broken,agents promises broken,,,analytics.json,analytics.metrics.agents.promises_broken,no,UNMEASURABLE: no analytics.json in run dir
audit-real-v3-seed1,m24_persuasion_events,agents persuasion events,,,analytics.json,analytics.metrics.agents.persuasion_events,no,UNMEASURABLE: no analytics.json in run dir
audit-real-v3-seed1,m25_leaks,agents leaks,,,analytics.json,analytics.metrics.agents.leaks,no,UNMEASURABLE: no analytics.json in run dir
audit-real-v4-seed1,m01_motions,council motions tabled,6,,analytics.json,analytics.metrics.council.motions,yes,
audit-real-v4-seed1,m02_substantive,council substantive motions,3,,analytics.json,analytics.metrics.council.substantive,yes,
audit-real-v4-seed1,m03_votes_cast,negotiation votes held (denominator),,,analytics.json,analytics.metrics.negotiation.votes_cast,no,"UNMEASURABLE: section absent in analytics metrics (older schema: council/agents only, no negotiation)"
audit-real-v4-seed1,m04_unanimous_votes,negotiation unanimous votes,,,analytics.json,analytics.metrics.negotiation.unanimous_votes,no,"UNMEASURABLE: section absent in analytics metrics (older schema: council/agents only, no negotiation)"
audit-real-v4-seed1,m05_final_vote_unanimity,unanimous_votes / votes_cast,,,analytics.json,analytics.metrics.negotiation.final_vote_unanimity,no,"UNMEASURABLE: section absent in analytics metrics (older schema: council/agents only, no negotiation)"
audit-real-v4-seed1,m06_class_INITIAL_CONSENSUS,unanimity class as stored,,,analytics.json,analytics.metrics.negotiation.unanimity_classes.INITIAL_CONSENSUS (as stored),no,"UNMEASURABLE: section absent in analytics metrics (older schema: council/agents only, no negotiation)"
audit-real-v4-seed1,m07_class_NEGOTIATED_CONVERGENCE,unanimity class as stored,,,analytics.json,analytics.metrics.negotiation.unanimity_classes.NEGOTIATED_CONVERGENCE (as stored),no,"UNMEASURABLE: section absent in analytics metrics (older schema: council/agents only, no negotiation)"
audit-real-v4-seed1,m08_class_CONDITIONAL_COMPROMISE,unanimity class as stored,,,analytics.json,analytics.metrics.negotiation.unanimity_classes.CONDITIONAL_COMPROMISE (as stored),no,"UNMEASURABLE: section absent in analytics metrics (older schema: council/agents only, no negotiation)"
audit-real-v4-seed1,m09_class_DUPLICATE_CONSOLIDATION,unanimity class as stored,,,analytics.json,analytics.metrics.negotiation.unanimity_classes.DUPLICATE_CONSOLIDATION (as stored),no,"UNMEASURABLE: section absent in analytics metrics (older schema: council/agents only, no negotiation)"
audit-real-v4-seed1,m10_class_UNKNOWN,unanimity class as stored,,,analytics.json,analytics.metrics.negotiation.unanimity_classes.UNKNOWN (as stored),no,"UNMEASURABLE: section absent in analytics metrics (older schema: council/agents only, no negotiation)"
audit-real-v4-seed1,m11_position_changes,negotiation position changes,,,analytics.json,analytics.metrics.negotiation.position_changes,no,"UNMEASURABLE: section absent in analytics metrics (older schema: council/agents only, no negotiation)"
audit-real-v4-seed1,m12_negotiated_convergence_count,negotiation converged count,,,analytics.json,analytics.metrics.negotiation.negotiated_convergence_count,no,"UNMEASURABLE: section absent in analytics metrics (older schema: council/agents only, no negotiation)"
audit-real-v4-seed1,m13_minority_positions_maintained,minority votes maintained,,,analytics.json,analytics.metrics.negotiation.minority_positions_maintained,no,"UNMEASURABLE: section absent in analytics metrics (older schema: council/agents only, no negotiation)"
audit-real-v4-seed1,m14_competing_alternatives,competing alternatives,,,analytics.json,analytics.metrics.negotiation.competing_alternatives,no,"UNMEASURABLE: section absent in analytics metrics (older schema: council/agents only, no negotiation)"
audit-real-v4-seed1,m15_failed_votes,failed votes,,,analytics.json,analytics.metrics.negotiation.failed_votes,no,"UNMEASURABLE: section absent in analytics metrics (older schema: council/agents only, no negotiation)"
audit-real-v4-seed1,m16_withdrawn_motions,withdrawn motions,,,analytics.json,analytics.metrics.negotiation.withdrawn_motions,no,"UNMEASURABLE: section absent in analytics metrics (older schema: council/agents only, no negotiation)"
audit-real-v4-seed1,m17_motions_withdrawn_after_opposition,withdrawn after opposition,,,analytics.json,analytics.metrics.negotiation.motions_withdrawn_after_opposition,no,"UNMEASURABLE: section absent in analytics metrics (older schema: council/agents only, no negotiation)"
audit-real-v4-seed1,m18_deferred_motions,deferred motions,,,analytics.json,analytics.metrics.negotiation.deferred_motions,no,"UNMEASURABLE: section absent in analytics metrics (older schema: council/agents only, no negotiation)"
audit-real-v4-seed1,m19_conditional_rate,council conditional vote rate,0.067,,analytics.json,analytics.metrics.council.conditional_rate,yes,
audit-real-v4-seed1,m20_abstention_rate,council abstention rate,0.0,,analytics.json,analytics.metrics.council.abstention_rate,yes,
audit-real-v4-seed1,m21_promises_made,agents promises made,13,,analytics.json,analytics.metrics.agents.promises_made,yes,
audit-real-v4-seed1,m22_promises_kept,agents promises kept,1,13,analytics.json,analytics.metrics.agents.promises_kept,yes,
audit-real-v4-seed1,m23_promises_broken,agents promises broken,0,13,analytics.json,analytics.metrics.agents.promises_broken,yes,
audit-real-v4-seed1,m24_persuasion_events,agents persuasion events,0,,analytics.json,analytics.metrics.agents.persuasion_events,yes,
audit-real-v4-seed1,m25_leaks,agents leaks,0,,analytics.json,analytics.metrics.agents.leaks,yes,
audit-repro-one-seed321,m01_motions,council motions tabled,4,,analytics.json,analytics.metrics.council.motions,yes,
audit-repro-one-seed321,m02_substantive,council substantive motions,4,,analytics.json,analytics.metrics.council.substantive,yes,
audit-repro-one-seed321,m03_votes_cast,negotiation votes held (denominator),,,analytics.json,analytics.metrics.negotiation.votes_cast,no,"UNMEASURABLE: section absent in analytics metrics (older schema: council/agents only, no negotiation)"
audit-repro-one-seed321,m04_unanimous_votes,negotiation unanimous votes,,,analytics.json,analytics.metrics.negotiation.unanimous_votes,no,"UNMEASURABLE: section absent in analytics metrics (older schema: council/agents only, no negotiation)"
audit-repro-one-seed321,m05_final_vote_unanimity,unanimous_votes / votes_cast,,,analytics.json,analytics.metrics.negotiation.final_vote_unanimity,no,"UNMEASURABLE: section absent in analytics metrics (older schema: council/agents only, no negotiation)"
audit-repro-one-seed321,m06_class_INITIAL_CONSENSUS,unanimity class as stored,,,analytics.json,analytics.metrics.negotiation.unanimity_classes.INITIAL_CONSENSUS (as stored),no,"UNMEASURABLE: section absent in analytics metrics (older schema: council/agents only, no negotiation)"
audit-repro-one-seed321,m07_class_NEGOTIATED_CONVERGENCE,unanimity class as stored,,,analytics.json,analytics.metrics.negotiation.unanimity_classes.NEGOTIATED_CONVERGENCE (as stored),no,"UNMEASURABLE: section absent in analytics metrics (older schema: council/agents only, no negotiation)"
audit-repro-one-seed321,m08_class_CONDITIONAL_COMPROMISE,unanimity class as stored,,,analytics.json,analytics.metrics.negotiation.unanimity_classes.CONDITIONAL_COMPROMISE (as stored),no,"UNMEASURABLE: section absent in analytics metrics (older schema: council/agents only, no negotiation)"
audit-repro-one-seed321,m09_class_DUPLICATE_CONSOLIDATION,unanimity class as stored,,,analytics.json,analytics.metrics.negotiation.unanimity_classes.DUPLICATE_CONSOLIDATION (as stored),no,"UNMEASURABLE: section absent in analytics metrics (older schema: council/agents only, no negotiation)"
audit-repro-one-seed321,m10_class_UNKNOWN,unanimity class as stored,,,analytics.json,analytics.metrics.negotiation.unanimity_classes.UNKNOWN (as stored),no,"UNMEASURABLE: section absent in analytics metrics (older schema: council/agents only, no negotiation)"
audit-repro-one-seed321,m11_position_changes,negotiation position changes,,,analytics.json,analytics.metrics.negotiation.position_changes,no,"UNMEASURABLE: section absent in analytics metrics (older schema: council/agents only, no negotiation)"
audit-repro-one-seed321,m12_negotiated_convergence_count,negotiation converged count,,,analytics.json,analytics.metrics.negotiation.negotiated_convergence_count,no,"UNMEASURABLE: section absent in analytics metrics (older schema: council/agents only, no negotiation)"
audit-repro-one-seed321,m13_minority_positions_maintained,minority votes maintained,,,analytics.json,analytics.metrics.negotiation.minority_positions_maintained,no,"UNMEASURABLE: section absent in analytics metrics (older schema: council/agents only, no negotiation)"
audit-repro-one-seed321,m14_competing_alternatives,competing alternatives,,,analytics.json,analytics.metrics.negotiation.competing_alternatives,no,"UNMEASURABLE: section absent in analytics metrics (older schema: council/agents only, no negotiation)"
audit-repro-one-seed321,m15_failed_votes,failed votes,,,analytics.json,analytics.metrics.negotiation.failed_votes,no,"UNMEASURABLE: section absent in analytics metrics (older schema: council/agents only, no negotiation)"
audit-repro-one-seed321,m16_withdrawn_motions,withdrawn motions,,,analytics.json,analytics.metrics.negotiation.withdrawn_motions,no,"UNMEASURABLE: section absent in analytics metrics (older schema: council/agents only, no negotiation)"
audit-repro-one-seed321,m17_motions_withdrawn_after_opposition,withdrawn after opposition,,,analytics.json,analytics.metrics.negotiation.motions_withdrawn_after_opposition,no,"UNMEASURABLE: section absent in analytics metrics (older schema: council/agents only, no negotiation)"
audit-repro-one-seed321,m18_deferred_motions,deferred motions,,,analytics.json,analytics.metrics.negotiation.deferred_motions,no,"UNMEASURABLE: section absent in analytics metrics (older schema: council/agents only, no negotiation)"
audit-repro-one-seed321,m19_conditional_rate,council conditional vote rate,0.0,,analytics.json,analytics.metrics.council.conditional_rate,yes,
audit-repro-one-seed321,m20_abstention_rate,council abstention rate,0.0,,analytics.json,analytics.metrics.council.abstention_rate,yes,
audit-repro-one-seed321,m21_promises_made,agents promises made,3,,analytics.json,analytics.metrics.agents.promises_made,yes,
audit-repro-one-seed321,m22_promises_kept,agents promises kept,0,3,analytics.json,analytics.metrics.agents.promises_kept,yes,
audit-repro-one-seed321,m23_promises_broken,agents promises broken,1,3,analytics.json,analytics.metrics.agents.promises_broken,yes,
audit-repro-one-seed321,m24_persuasion_events,agents persuasion events,0,,analytics.json,analytics.metrics.agents.persuasion_events,yes,
audit-repro-one-seed321,m25_leaks,agents leaks,0,,analytics.json,analytics.metrics.agents.leaks,yes,
audit-repro-two-seed321,m01_motions,council motions tabled,4,,analytics.json,analytics.metrics.council.motions,yes,
audit-repro-two-seed321,m02_substantive,council substantive motions,4,,analytics.json,analytics.metrics.council.substantive,yes,
audit-repro-two-seed321,m03_votes_cast,negotiation votes held (denominator),,,analytics.json,analytics.metrics.negotiation.votes_cast,no,"UNMEASURABLE: section absent in analytics metrics (older schema: council/agents only, no negotiation)"
audit-repro-two-seed321,m04_unanimous_votes,negotiation unanimous votes,,,analytics.json,analytics.metrics.negotiation.unanimous_votes,no,"UNMEASURABLE: section absent in analytics metrics (older schema: council/agents only, no negotiation)"
audit-repro-two-seed321,m05_final_vote_unanimity,unanimous_votes / votes_cast,,,analytics.json,analytics.metrics.negotiation.final_vote_unanimity,no,"UNMEASURABLE: section absent in analytics metrics (older schema: council/agents only, no negotiation)"
audit-repro-two-seed321,m06_class_INITIAL_CONSENSUS,unanimity class as stored,,,analytics.json,analytics.metrics.negotiation.unanimity_classes.INITIAL_CONSENSUS (as stored),no,"UNMEASURABLE: section absent in analytics metrics (older schema: council/agents only, no negotiation)"
audit-repro-two-seed321,m07_class_NEGOTIATED_CONVERGENCE,unanimity class as stored,,,analytics.json,analytics.metrics.negotiation.unanimity_classes.NEGOTIATED_CONVERGENCE (as stored),no,"UNMEASURABLE: section absent in analytics metrics (older schema: council/agents only, no negotiation)"
audit-repro-two-seed321,m08_class_CONDITIONAL_COMPROMISE,unanimity class as stored,,,analytics.json,analytics.metrics.negotiation.unanimity_classes.CONDITIONAL_COMPROMISE (as stored),no,"UNMEASURABLE: section absent in analytics metrics (older schema: council/agents only, no negotiation)"
audit-repro-two-seed321,m09_class_DUPLICATE_CONSOLIDATION,unanimity class as stored,,,analytics.json,analytics.metrics.negotiation.unanimity_classes.DUPLICATE_CONSOLIDATION (as stored),no,"UNMEASURABLE: section absent in analytics metrics (older schema: council/agents only, no negotiation)"
audit-repro-two-seed321,m10_class_UNKNOWN,unanimity class as stored,,,analytics.json,analytics.metrics.negotiation.unanimity_classes.UNKNOWN (as stored),no,"UNMEASURABLE: section absent in analytics metrics (older schema: council/agents only, no negotiation)"
audit-repro-two-seed321,m11_position_changes,negotiation position changes,,,analytics.json,analytics.metrics.negotiation.position_changes,no,"UNMEASURABLE: section absent in analytics metrics (older schema: council/agents only, no negotiation)"
audit-repro-two-seed321,m12_negotiated_convergence_count,negotiation converged count,,,analytics.json,analytics.metrics.negotiation.negotiated_convergence_count,no,"UNMEASURABLE: section absent in analytics metrics (older schema: council/agents only, no negotiation)"
audit-repro-two-seed321,m13_minority_positions_maintained,minority votes maintained,,,analytics.json,analytics.metrics.negotiation.minority_positions_maintained,no,"UNMEASURABLE: section absent in analytics metrics (older schema: council/agents only, no negotiation)"
audit-repro-two-seed321,m14_competing_alternatives,competing alternatives,,,analytics.json,analytics.metrics.negotiation.competing_alternatives,no,"UNMEASURABLE: section absent in analytics metrics (older schema: council/agents only, no negotiation)"
audit-repro-two-seed321,m15_failed_votes,failed votes,,,analytics.json,analytics.metrics.negotiation.failed_votes,no,"UNMEASURABLE: section absent in analytics metrics (older schema: council/agents only, no negotiation)"
audit-repro-two-seed321,m16_withdrawn_motions,withdrawn motions,,,analytics.json,analytics.metrics.negotiation.withdrawn_motions,no,"UNMEASURABLE: section absent in analytics metrics (older schema: council/agents only, no negotiation)"
audit-repro-two-seed321,m17_motions_withdrawn_after_opposition,withdrawn after opposition,,,analytics.json,analytics.metrics.negotiation.motions_withdrawn_after_opposition,no,"UNMEASURABLE: section absent in analytics metrics (older schema: council/agents only, no negotiation)"
audit-repro-two-seed321,m18_deferred_motions,deferred motions,,,analytics.json,analytics.metrics.negotiation.deferred_motions,no,"UNMEASURABLE: section absent in analytics metrics (older schema: council/agents only, no negotiation)"
audit-repro-two-seed321,m19_conditional_rate,council conditional vote rate,0.0,,analytics.json,analytics.metrics.council.conditional_rate,yes,
audit-repro-two-seed321,m20_abstention_rate,council abstention rate,0.0,,analytics.json,analytics.metrics.council.abstention_rate,yes,
audit-repro-two-seed321,m21_promises_made,agents promises made,3,,analytics.json,analytics.metrics.agents.promises_made,yes,
audit-repro-two-seed321,m22_promises_kept,agents promises kept,0,3,analytics.json,analytics.metrics.agents.promises_kept,yes,
audit-repro-two-seed321,m23_promises_broken,agents promises broken,1,3,analytics.json,analytics.metrics.agents.promises_broken,yes,
audit-repro-two-seed321,m24_persuasion_events,agents persuasion events,0,,analytics.json,analytics.metrics.agents.persuasion_events,yes,
audit-repro-two-seed321,m25_leaks,agents leaks,0,,analytics.json,analytics.metrics.agents.leaks,yes,
audit-scenario-a-seed201,m01_motions,council motions tabled,1,,analytics.json,analytics.metrics.council.motions,yes,
audit-scenario-a-seed201,m02_substantive,council substantive motions,1,,analytics.json,analytics.metrics.council.substantive,yes,
audit-scenario-a-seed201,m03_votes_cast,negotiation votes held (denominator),,,analytics.json,analytics.metrics.negotiation.votes_cast,no,"UNMEASURABLE: section absent in analytics metrics (older schema: council/agents only, no negotiation)"
audit-scenario-a-seed201,m04_unanimous_votes,negotiation unanimous votes,,,analytics.json,analytics.metrics.negotiation.unanimous_votes,no,"UNMEASURABLE: section absent in analytics metrics (older schema: council/agents only, no negotiation)"
audit-scenario-a-seed201,m05_final_vote_unanimity,unanimous_votes / votes_cast,,,analytics.json,analytics.metrics.negotiation.final_vote_unanimity,no,"UNMEASURABLE: section absent in analytics metrics (older schema: council/agents only, no negotiation)"
audit-scenario-a-seed201,m06_class_INITIAL_CONSENSUS,unanimity class as stored,,,analytics.json,analytics.metrics.negotiation.unanimity_classes.INITIAL_CONSENSUS (as stored),no,"UNMEASURABLE: section absent in analytics metrics (older schema: council/agents only, no negotiation)"
audit-scenario-a-seed201,m07_class_NEGOTIATED_CONVERGENCE,unanimity class as stored,,,analytics.json,analytics.metrics.negotiation.unanimity_classes.NEGOTIATED_CONVERGENCE (as stored),no,"UNMEASURABLE: section absent in analytics metrics (older schema: council/agents only, no negotiation)"
audit-scenario-a-seed201,m08_class_CONDITIONAL_COMPROMISE,unanimity class as stored,,,analytics.json,analytics.metrics.negotiation.unanimity_classes.CONDITIONAL_COMPROMISE (as stored),no,"UNMEASURABLE: section absent in analytics metrics (older schema: council/agents only, no negotiation)"
audit-scenario-a-seed201,m09_class_DUPLICATE_CONSOLIDATION,unanimity class as stored,,,analytics.json,analytics.metrics.negotiation.unanimity_classes.DUPLICATE_CONSOLIDATION (as stored),no,"UNMEASURABLE: section absent in analytics metrics (older schema: council/agents only, no negotiation)"
audit-scenario-a-seed201,m10_class_UNKNOWN,unanimity class as stored,,,analytics.json,analytics.metrics.negotiation.unanimity_classes.UNKNOWN (as stored),no,"UNMEASURABLE: section absent in analytics metrics (older schema: council/agents only, no negotiation)"
audit-scenario-a-seed201,m11_position_changes,negotiation position changes,,,analytics.json,analytics.metrics.negotiation.position_changes,no,"UNMEASURABLE: section absent in analytics metrics (older schema: council/agents only, no negotiation)"
audit-scenario-a-seed201,m12_negotiated_convergence_count,negotiation converged count,,,analytics.json,analytics.metrics.negotiation.negotiated_convergence_count,no,"UNMEASURABLE: section absent in analytics metrics (older schema: council/agents only, no negotiation)"
audit-scenario-a-seed201,m13_minority_positions_maintained,minority votes maintained,,,analytics.json,analytics.metrics.negotiation.minority_positions_maintained,no,"UNMEASURABLE: section absent in analytics metrics (older schema: council/agents only, no negotiation)"
audit-scenario-a-seed201,m14_competing_alternatives,competing alternatives,,,analytics.json,analytics.metrics.negotiation.competing_alternatives,no,"UNMEASURABLE: section absent in analytics metrics (older schema: council/agents only, no negotiation)"
audit-scenario-a-seed201,m15_failed_votes,failed votes,,,analytics.json,analytics.metrics.negotiation.failed_votes,no,"UNMEASURABLE: section absent in analytics metrics (older schema: council/agents only, no negotiation)"
audit-scenario-a-seed201,m16_withdrawn_motions,withdrawn motions,,,analytics.json,analytics.metrics.negotiation.withdrawn_motions,no,"UNMEASURABLE: section absent in analytics metrics (older schema: council/agents only, no negotiation)"
audit-scenario-a-seed201,m17_motions_withdrawn_after_opposition,withdrawn after opposition,,,analytics.json,analytics.metrics.negotiation.motions_withdrawn_after_opposition,no,"UNMEASURABLE: section absent in analytics metrics (older schema: council/agents only, no negotiation)"
audit-scenario-a-seed201,m18_deferred_motions,deferred motions,,,analytics.json,analytics.metrics.negotiation.deferred_motions,no,"UNMEASURABLE: section absent in analytics metrics (older schema: council/agents only, no negotiation)"
audit-scenario-a-seed201,m19_conditional_rate,council conditional vote rate,0.0,,analytics.json,analytics.metrics.council.conditional_rate,yes,
audit-scenario-a-seed201,m20_abstention_rate,council abstention rate,0.0,,analytics.json,analytics.metrics.council.abstention_rate,yes,
audit-scenario-a-seed201,m21_promises_made,agents promises made,1,,analytics.json,analytics.metrics.agents.promises_made,yes,
audit-scenario-a-seed201,m22_promises_kept,agents promises kept,0,1,analytics.json,analytics.metrics.agents.promises_kept,yes,
audit-scenario-a-seed201,m23_promises_broken,agents promises broken,0,1,analytics.json,analytics.metrics.agents.promises_broken,yes,
audit-scenario-a-seed201,m24_persuasion_events,agents persuasion events,0,,analytics.json,analytics.metrics.agents.persuasion_events,yes,
audit-scenario-a-seed201,m25_leaks,agents leaks,0,,analytics.json,analytics.metrics.agents.leaks,yes,
audit-scenario-b-seed201,m01_motions,council motions tabled,1,,analytics.json,analytics.metrics.council.motions,yes,
audit-scenario-b-seed201,m02_substantive,council substantive motions,1,,analytics.json,analytics.metrics.council.substantive,yes,
audit-scenario-b-seed201,m03_votes_cast,negotiation votes held (denominator),,,analytics.json,analytics.metrics.negotiation.votes_cast,no,"UNMEASURABLE: section absent in analytics metrics (older schema: council/agents only, no negotiation)"
audit-scenario-b-seed201,m04_unanimous_votes,negotiation unanimous votes,,,analytics.json,analytics.metrics.negotiation.unanimous_votes,no,"UNMEASURABLE: section absent in analytics metrics (older schema: council/agents only, no negotiation)"
audit-scenario-b-seed201,m05_final_vote_unanimity,unanimous_votes / votes_cast,,,analytics.json,analytics.metrics.negotiation.final_vote_unanimity,no,"UNMEASURABLE: section absent in analytics metrics (older schema: council/agents only, no negotiation)"
audit-scenario-b-seed201,m06_class_INITIAL_CONSENSUS,unanimity class as stored,,,analytics.json,analytics.metrics.negotiation.unanimity_classes.INITIAL_CONSENSUS (as stored),no,"UNMEASURABLE: section absent in analytics metrics (older schema: council/agents only, no negotiation)"
audit-scenario-b-seed201,m07_class_NEGOTIATED_CONVERGENCE,unanimity class as stored,,,analytics.json,analytics.metrics.negotiation.unanimity_classes.NEGOTIATED_CONVERGENCE (as stored),no,"UNMEASURABLE: section absent in analytics metrics (older schema: council/agents only, no negotiation)"
audit-scenario-b-seed201,m08_class_CONDITIONAL_COMPROMISE,unanimity class as stored,,,analytics.json,analytics.metrics.negotiation.unanimity_classes.CONDITIONAL_COMPROMISE (as stored),no,"UNMEASURABLE: section absent in analytics metrics (older schema: council/agents only, no negotiation)"
audit-scenario-b-seed201,m09_class_DUPLICATE_CONSOLIDATION,unanimity class as stored,,,analytics.json,analytics.metrics.negotiation.unanimity_classes.DUPLICATE_CONSOLIDATION (as stored),no,"UNMEASURABLE: section absent in analytics metrics (older schema: council/agents only, no negotiation)"
audit-scenario-b-seed201,m10_class_UNKNOWN,unanimity class as stored,,,analytics.json,analytics.metrics.negotiation.unanimity_classes.UNKNOWN (as stored),no,"UNMEASURABLE: section absent in analytics metrics (older schema: council/agents only, no negotiation)"
audit-scenario-b-seed201,m11_position_changes,negotiation position changes,,,analytics.json,analytics.metrics.negotiation.position_changes,no,"UNMEASURABLE: section absent in analytics metrics (older schema: council/agents only, no negotiation)"
audit-scenario-b-seed201,m12_negotiated_convergence_count,negotiation converged count,,,analytics.json,analytics.metrics.negotiation.negotiated_convergence_count,no,"UNMEASURABLE: section absent in analytics metrics (older schema: council/agents only, no negotiation)"
audit-scenario-b-seed201,m13_minority_positions_maintained,minority votes maintained,,,analytics.json,analytics.metrics.negotiation.minority_positions_maintained,no,"UNMEASURABLE: section absent in analytics metrics (older schema: council/agents only, no negotiation)"
audit-scenario-b-seed201,m14_competing_alternatives,competing alternatives,,,analytics.json,analytics.metrics.negotiation.competing_alternatives,no,"UNMEASURABLE: section absent in analytics metrics (older schema: council/agents only, no negotiation)"
audit-scenario-b-seed201,m15_failed_votes,failed votes,,,analytics.json,analytics.metrics.negotiation.failed_votes,no,"UNMEASURABLE: section absent in analytics metrics (older schema: council/agents only, no negotiation)"
audit-scenario-b-seed201,m16_withdrawn_motions,withdrawn motions,,,analytics.json,analytics.metrics.negotiation.withdrawn_motions,no,"UNMEASURABLE: section absent in analytics metrics (older schema: council/agents only, no negotiation)"
audit-scenario-b-seed201,m17_motions_withdrawn_after_opposition,withdrawn after opposition,,,analytics.json,analytics.metrics.negotiation.motions_withdrawn_after_opposition,no,"UNMEASURABLE: section absent in analytics metrics (older schema: council/agents only, no negotiation)"
audit-scenario-b-seed201,m18_deferred_motions,deferred motions,,,analytics.json,analytics.metrics.negotiation.deferred_motions,no,"UNMEASURABLE: section absent in analytics metrics (older schema: council/agents only, no negotiation)"
audit-scenario-b-seed201,m19_conditional_rate,council conditional vote rate,0.0,,analytics.json,analytics.metrics.council.conditional_rate,yes,
audit-scenario-b-seed201,m20_abstention_rate,council abstention rate,0.0,,analytics.json,analytics.metrics.council.abstention_rate,yes,
audit-scenario-b-seed201,m21_promises_made,agents promises made,1,,analytics.json,analytics.metrics.agents.promises_made,yes,
audit-scenario-b-seed201,m22_promises_kept,agents promises kept,0,1,analytics.json,analytics.metrics.agents.promises_kept,yes,
audit-scenario-b-seed201,m23_promises_broken,agents promises broken,0,1,analytics.json,analytics.metrics.agents.promises_broken,yes,
audit-scenario-b-seed201,m24_persuasion_events,agents persuasion events,0,,analytics.json,analytics.metrics.agents.persuasion_events,yes,
audit-scenario-b-seed201,m25_leaks,agents leaks,0,,analytics.json,analytics.metrics.agents.leaks,yes,
audit-scenario-c-seed201,m01_motions,council motions tabled,1,,analytics.json,analytics.metrics.council.motions,yes,
audit-scenario-c-seed201,m02_substantive,council substantive motions,1,,analytics.json,analytics.metrics.council.substantive,yes,
audit-scenario-c-seed201,m03_votes_cast,negotiation votes held (denominator),,,analytics.json,analytics.metrics.negotiation.votes_cast,no,"UNMEASURABLE: section absent in analytics metrics (older schema: council/agents only, no negotiation)"
audit-scenario-c-seed201,m04_unanimous_votes,negotiation unanimous votes,,,analytics.json,analytics.metrics.negotiation.unanimous_votes,no,"UNMEASURABLE: section absent in analytics metrics (older schema: council/agents only, no negotiation)"
audit-scenario-c-seed201,m05_final_vote_unanimity,unanimous_votes / votes_cast,,,analytics.json,analytics.metrics.negotiation.final_vote_unanimity,no,"UNMEASURABLE: section absent in analytics metrics (older schema: council/agents only, no negotiation)"
audit-scenario-c-seed201,m06_class_INITIAL_CONSENSUS,unanimity class as stored,,,analytics.json,analytics.metrics.negotiation.unanimity_classes.INITIAL_CONSENSUS (as stored),no,"UNMEASURABLE: section absent in analytics metrics (older schema: council/agents only, no negotiation)"
audit-scenario-c-seed201,m07_class_NEGOTIATED_CONVERGENCE,unanimity class as stored,,,analytics.json,analytics.metrics.negotiation.unanimity_classes.NEGOTIATED_CONVERGENCE (as stored),no,"UNMEASURABLE: section absent in analytics metrics (older schema: council/agents only, no negotiation)"
audit-scenario-c-seed201,m08_class_CONDITIONAL_COMPROMISE,unanimity class as stored,,,analytics.json,analytics.metrics.negotiation.unanimity_classes.CONDITIONAL_COMPROMISE (as stored),no,"UNMEASURABLE: section absent in analytics metrics (older schema: council/agents only, no negotiation)"
audit-scenario-c-seed201,m09_class_DUPLICATE_CONSOLIDATION,unanimity class as stored,,,analytics.json,analytics.metrics.negotiation.unanimity_classes.DUPLICATE_CONSOLIDATION (as stored),no,"UNMEASURABLE: section absent in analytics metrics (older schema: council/agents only, no negotiation)"
audit-scenario-c-seed201,m10_class_UNKNOWN,unanimity class as stored,,,analytics.json,analytics.metrics.negotiation.unanimity_classes.UNKNOWN (as stored),no,"UNMEASURABLE: section absent in analytics metrics (older schema: council/agents only, no negotiation)"
audit-scenario-c-seed201,m11_position_changes,negotiation position changes,,,analytics.json,analytics.metrics.negotiation.position_changes,no,"UNMEASURABLE: section absent in analytics metrics (older schema: council/agents only, no negotiation)"
audit-scenario-c-seed201,m12_negotiated_convergence_count,negotiation converged count,,,analytics.json,analytics.metrics.negotiation.negotiated_convergence_count,no,"UNMEASURABLE: section absent in analytics metrics (older schema: council/agents only, no negotiation)"
audit-scenario-c-seed201,m13_minority_positions_maintained,minority votes maintained,,,analytics.json,analytics.metrics.negotiation.minority_positions_maintained,no,"UNMEASURABLE: section absent in analytics metrics (older schema: council/agents only, no negotiation)"
audit-scenario-c-seed201,m14_competing_alternatives,competing alternatives,,,analytics.json,analytics.metrics.negotiation.competing_alternatives,no,"UNMEASURABLE: section absent in analytics metrics (older schema: council/agents only, no negotiation)"
audit-scenario-c-seed201,m15_failed_votes,failed votes,,,analytics.json,analytics.metrics.negotiation.failed_votes,no,"UNMEASURABLE: section absent in analytics metrics (older schema: council/agents only, no negotiation)"
audit-scenario-c-seed201,m16_withdrawn_motions,withdrawn motions,,,analytics.json,analytics.metrics.negotiation.withdrawn_motions,no,"UNMEASURABLE: section absent in analytics metrics (older schema: council/agents only, no negotiation)"
audit-scenario-c-seed201,m17_motions_withdrawn_after_opposition,withdrawn after opposition,,,analytics.json,analytics.metrics.negotiation.motions_withdrawn_after_opposition,no,"UNMEASURABLE: section absent in analytics metrics (older schema: council/agents only, no negotiation)"
audit-scenario-c-seed201,m18_deferred_motions,deferred motions,,,analytics.json,analytics.metrics.negotiation.deferred_motions,no,"UNMEASURABLE: section absent in analytics metrics (older schema: council/agents only, no negotiation)"
audit-scenario-c-seed201,m19_conditional_rate,council conditional vote rate,0.0,,analytics.json,analytics.metrics.council.conditional_rate,yes,
audit-scenario-c-seed201,m20_abstention_rate,council abstention rate,0.0,,analytics.json,analytics.metrics.council.abstention_rate,yes,
audit-scenario-c-seed201,m21_promises_made,agents promises made,1,,analytics.json,analytics.metrics.agents.promises_made,yes,
audit-scenario-c-seed201,m22_promises_kept,agents promises kept,0,1,analytics.json,analytics.metrics.agents.promises_kept,yes,
audit-scenario-c-seed201,m23_promises_broken,agents promises broken,0,1,analytics.json,analytics.metrics.agents.promises_broken,yes,
audit-scenario-c-seed201,m24_persuasion_events,agents persuasion events,0,,analytics.json,analytics.metrics.agents.persuasion_events,yes,
audit-scenario-c-seed201,m25_leaks,agents leaks,0,,analytics.json,analytics.metrics.agents.leaks,yes,
audit-scenario-d-seed201,m01_motions,council motions tabled,1,,analytics.json,analytics.metrics.council.motions,yes,
audit-scenario-d-seed201,m02_substantive,council substantive motions,1,,analytics.json,analytics.metrics.council.substantive,yes,
audit-scenario-d-seed201,m03_votes_cast,negotiation votes held (denominator),,,analytics.json,analytics.metrics.negotiation.votes_cast,no,"UNMEASURABLE: section absent in analytics metrics (older schema: council/agents only, no negotiation)"
audit-scenario-d-seed201,m04_unanimous_votes,negotiation unanimous votes,,,analytics.json,analytics.metrics.negotiation.unanimous_votes,no,"UNMEASURABLE: section absent in analytics metrics (older schema: council/agents only, no negotiation)"
audit-scenario-d-seed201,m05_final_vote_unanimity,unanimous_votes / votes_cast,,,analytics.json,analytics.metrics.negotiation.final_vote_unanimity,no,"UNMEASURABLE: section absent in analytics metrics (older schema: council/agents only, no negotiation)"
audit-scenario-d-seed201,m06_class_INITIAL_CONSENSUS,unanimity class as stored,,,analytics.json,analytics.metrics.negotiation.unanimity_classes.INITIAL_CONSENSUS (as stored),no,"UNMEASURABLE: section absent in analytics metrics (older schema: council/agents only, no negotiation)"
audit-scenario-d-seed201,m07_class_NEGOTIATED_CONVERGENCE,unanimity class as stored,,,analytics.json,analytics.metrics.negotiation.unanimity_classes.NEGOTIATED_CONVERGENCE (as stored),no,"UNMEASURABLE: section absent in analytics metrics (older schema: council/agents only, no negotiation)"
audit-scenario-d-seed201,m08_class_CONDITIONAL_COMPROMISE,unanimity class as stored,,,analytics.json,analytics.metrics.negotiation.unanimity_classes.CONDITIONAL_COMPROMISE (as stored),no,"UNMEASURABLE: section absent in analytics metrics (older schema: council/agents only, no negotiation)"
audit-scenario-d-seed201,m09_class_DUPLICATE_CONSOLIDATION,unanimity class as stored,,,analytics.json,analytics.metrics.negotiation.unanimity_classes.DUPLICATE_CONSOLIDATION (as stored),no,"UNMEASURABLE: section absent in analytics metrics (older schema: council/agents only, no negotiation)"
audit-scenario-d-seed201,m10_class_UNKNOWN,unanimity class as stored,,,analytics.json,analytics.metrics.negotiation.unanimity_classes.UNKNOWN (as stored),no,"UNMEASURABLE: section absent in analytics metrics (older schema: council/agents only, no negotiation)"
audit-scenario-d-seed201,m11_position_changes,negotiation position changes,,,analytics.json,analytics.metrics.negotiation.position_changes,no,"UNMEASURABLE: section absent in analytics metrics (older schema: council/agents only, no negotiation)"
audit-scenario-d-seed201,m12_negotiated_convergence_count,negotiation converged count,,,analytics.json,analytics.metrics.negotiation.negotiated_convergence_count,no,"UNMEASURABLE: section absent in analytics metrics (older schema: council/agents only, no negotiation)"
audit-scenario-d-seed201,m13_minority_positions_maintained,minority votes maintained,,,analytics.json,analytics.metrics.negotiation.minority_positions_maintained,no,"UNMEASURABLE: section absent in analytics metrics (older schema: council/agents only, no negotiation)"
audit-scenario-d-seed201,m14_competing_alternatives,competing alternatives,,,analytics.json,analytics.metrics.negotiation.competing_alternatives,no,"UNMEASURABLE: section absent in analytics metrics (older schema: council/agents only, no negotiation)"
audit-scenario-d-seed201,m15_failed_votes,failed votes,,,analytics.json,analytics.metrics.negotiation.failed_votes,no,"UNMEASURABLE: section absent in analytics metrics (older schema: council/agents only, no negotiation)"
audit-scenario-d-seed201,m16_withdrawn_motions,withdrawn motions,,,analytics.json,analytics.metrics.negotiation.withdrawn_motions,no,"UNMEASURABLE: section absent in analytics metrics (older schema: council/agents only, no negotiation)"
audit-scenario-d-seed201,m17_motions_withdrawn_after_opposition,withdrawn after opposition,,,analytics.json,analytics.metrics.negotiation.motions_withdrawn_after_opposition,no,"UNMEASURABLE: section absent in analytics metrics (older schema: council/agents only, no negotiation)"
audit-scenario-d-seed201,m18_deferred_motions,deferred motions,,,analytics.json,analytics.metrics.negotiation.deferred_motions,no,"UNMEASURABLE: section absent in analytics metrics (older schema: council/agents only, no negotiation)"
audit-scenario-d-seed201,m19_conditional_rate,council conditional vote rate,0.0,,analytics.json,analytics.metrics.council.conditional_rate,yes,
audit-scenario-d-seed201,m20_abstention_rate,council abstention rate,0.0,,analytics.json,analytics.metrics.council.abstention_rate,yes,
audit-scenario-d-seed201,m21_promises_made,agents promises made,2,,analytics.json,analytics.metrics.agents.promises_made,yes,
audit-scenario-d-seed201,m22_promises_kept,agents promises kept,0,2,analytics.json,analytics.metrics.agents.promises_kept,yes,
audit-scenario-d-seed201,m23_promises_broken,agents promises broken,0,2,analytics.json,analytics.metrics.agents.promises_broken,yes,
audit-scenario-d-seed201,m24_persuasion_events,agents persuasion events,0,,analytics.json,analytics.metrics.agents.persuasion_events,yes,
audit-scenario-d-seed201,m25_leaks,agents leaks,0,,analytics.json,analytics.metrics.agents.leaks,yes,
audit-scenario-e-seed201,m01_motions,council motions tabled,1,,analytics.json,analytics.metrics.council.motions,yes,
audit-scenario-e-seed201,m02_substantive,council substantive motions,1,,analytics.json,analytics.metrics.council.substantive,yes,
audit-scenario-e-seed201,m03_votes_cast,negotiation votes held (denominator),,,analytics.json,analytics.metrics.negotiation.votes_cast,no,"UNMEASURABLE: section absent in analytics metrics (older schema: council/agents only, no negotiation)"
audit-scenario-e-seed201,m04_unanimous_votes,negotiation unanimous votes,,,analytics.json,analytics.metrics.negotiation.unanimous_votes,no,"UNMEASURABLE: section absent in analytics metrics (older schema: council/agents only, no negotiation)"
audit-scenario-e-seed201,m05_final_vote_unanimity,unanimous_votes / votes_cast,,,analytics.json,analytics.metrics.negotiation.final_vote_unanimity,no,"UNMEASURABLE: section absent in analytics metrics (older schema: council/agents only, no negotiation)"
audit-scenario-e-seed201,m06_class_INITIAL_CONSENSUS,unanimity class as stored,,,analytics.json,analytics.metrics.negotiation.unanimity_classes.INITIAL_CONSENSUS (as stored),no,"UNMEASURABLE: section absent in analytics metrics (older schema: council/agents only, no negotiation)"
audit-scenario-e-seed201,m07_class_NEGOTIATED_CONVERGENCE,unanimity class as stored,,,analytics.json,analytics.metrics.negotiation.unanimity_classes.NEGOTIATED_CONVERGENCE (as stored),no,"UNMEASURABLE: section absent in analytics metrics (older schema: council/agents only, no negotiation)"
audit-scenario-e-seed201,m08_class_CONDITIONAL_COMPROMISE,unanimity class as stored,,,analytics.json,analytics.metrics.negotiation.unanimity_classes.CONDITIONAL_COMPROMISE (as stored),no,"UNMEASURABLE: section absent in analytics metrics (older schema: council/agents only, no negotiation)"
audit-scenario-e-seed201,m09_class_DUPLICATE_CONSOLIDATION,unanimity class as stored,,,analytics.json,analytics.metrics.negotiation.unanimity_classes.DUPLICATE_CONSOLIDATION (as stored),no,"UNMEASURABLE: section absent in analytics metrics (older schema: council/agents only, no negotiation)"
audit-scenario-e-seed201,m10_class_UNKNOWN,unanimity class as stored,,,analytics.json,analytics.metrics.negotiation.unanimity_classes.UNKNOWN (as stored),no,"UNMEASURABLE: section absent in analytics metrics (older schema: council/agents only, no negotiation)"
audit-scenario-e-seed201,m11_position_changes,negotiation position changes,,,analytics.json,analytics.metrics.negotiation.position_changes,no,"UNMEASURABLE: section absent in analytics metrics (older schema: council/agents only, no negotiation)"
audit-scenario-e-seed201,m12_negotiated_convergence_count,negotiation converged count,,,analytics.json,analytics.metrics.negotiation.negotiated_convergence_count,no,"UNMEASURABLE: section absent in analytics metrics (older schema: council/agents only, no negotiation)"
audit-scenario-e-seed201,m13_minority_positions_maintained,minority votes maintained,,,analytics.json,analytics.metrics.negotiation.minority_positions_maintained,no,"UNMEASURABLE: section absent in analytics metrics (older schema: council/agents only, no negotiation)"
audit-scenario-e-seed201,m14_competing_alternatives,competing alternatives,,,analytics.json,analytics.metrics.negotiation.competing_alternatives,no,"UNMEASURABLE: section absent in analytics metrics (older schema: council/agents only, no negotiation)"
audit-scenario-e-seed201,m15_failed_votes,failed votes,,,analytics.json,analytics.metrics.negotiation.failed_votes,no,"UNMEASURABLE: section absent in analytics metrics (older schema: council/agents only, no negotiation)"
audit-scenario-e-seed201,m16_withdrawn_motions,withdrawn motions,,,analytics.json,analytics.metrics.negotiation.withdrawn_motions,no,"UNMEASURABLE: section absent in analytics metrics (older schema: council/agents only, no negotiation)"
audit-scenario-e-seed201,m17_motions_withdrawn_after_opposition,withdrawn after opposition,,,analytics.json,analytics.metrics.negotiation.motions_withdrawn_after_opposition,no,"UNMEASURABLE: section absent in analytics metrics (older schema: council/agents only, no negotiation)"
audit-scenario-e-seed201,m18_deferred_motions,deferred motions,,,analytics.json,analytics.metrics.negotiation.deferred_motions,no,"UNMEASURABLE: section absent in analytics metrics (older schema: council/agents only, no negotiation)"
audit-scenario-e-seed201,m19_conditional_rate,council conditional vote rate,0.0,,analytics.json,analytics.metrics.council.conditional_rate,yes,
audit-scenario-e-seed201,m20_abstention_rate,council abstention rate,0.0,,analytics.json,analytics.metrics.council.abstention_rate,yes,
audit-scenario-e-seed201,m21_promises_made,agents promises made,6,,analytics.json,analytics.metrics.agents.promises_made,yes,
audit-scenario-e-seed201,m22_promises_kept,agents promises kept,0,6,analytics.json,analytics.metrics.agents.promises_kept,yes,
audit-scenario-e-seed201,m23_promises_broken,agents promises broken,0,6,analytics.json,analytics.metrics.agents.promises_broken,yes,
audit-scenario-e-seed201,m24_persuasion_events,agents persuasion events,0,,analytics.json,analytics.metrics.agents.persuasion_events,yes,
audit-scenario-e-seed201,m25_leaks,agents leaks,0,,analytics.json,analytics.metrics.agents.leaks,yes,
audit-scripted-v3-seed1,m01_motions,council motions tabled,,,analytics.json,analytics.metrics.council.motions,no,UNMEASURABLE: no analytics.json in run dir
audit-scripted-v3-seed1,m02_substantive,council substantive motions,,,analytics.json,analytics.metrics.council.substantive,no,UNMEASURABLE: no analytics.json in run dir
audit-scripted-v3-seed1,m03_votes_cast,negotiation votes held (denominator),,,analytics.json,analytics.metrics.negotiation.votes_cast,no,UNMEASURABLE: no analytics.json in run dir
audit-scripted-v3-seed1,m04_unanimous_votes,negotiation unanimous votes,,,analytics.json,analytics.metrics.negotiation.unanimous_votes,no,UNMEASURABLE: no analytics.json in run dir
audit-scripted-v3-seed1,m05_final_vote_unanimity,unanimous_votes / votes_cast,,,analytics.json,analytics.metrics.negotiation.final_vote_unanimity,no,UNMEASURABLE: no analytics.json in run dir
audit-scripted-v3-seed1,m06_class_INITIAL_CONSENSUS,unanimity class as stored,,,analytics.json,analytics.metrics.negotiation.unanimity_classes.INITIAL_CONSENSUS (as stored),no,UNMEASURABLE: no analytics.json in run dir
audit-scripted-v3-seed1,m07_class_NEGOTIATED_CONVERGENCE,unanimity class as stored,,,analytics.json,analytics.metrics.negotiation.unanimity_classes.NEGOTIATED_CONVERGENCE (as stored),no,UNMEASURABLE: no analytics.json in run dir
audit-scripted-v3-seed1,m08_class_CONDITIONAL_COMPROMISE,unanimity class as stored,,,analytics.json,analytics.metrics.negotiation.unanimity_classes.CONDITIONAL_COMPROMISE (as stored),no,UNMEASURABLE: no analytics.json in run dir
audit-scripted-v3-seed1,m09_class_DUPLICATE_CONSOLIDATION,unanimity class as stored,,,analytics.json,analytics.metrics.negotiation.unanimity_classes.DUPLICATE_CONSOLIDATION (as stored),no,UNMEASURABLE: no analytics.json in run dir
audit-scripted-v3-seed1,m10_class_UNKNOWN,unanimity class as stored,,,analytics.json,analytics.metrics.negotiation.unanimity_classes.UNKNOWN (as stored),no,UNMEASURABLE: no analytics.json in run dir
audit-scripted-v3-seed1,m11_position_changes,negotiation position changes,,,analytics.json,analytics.metrics.negotiation.position_changes,no,UNMEASURABLE: no analytics.json in run dir
audit-scripted-v3-seed1,m12_negotiated_convergence_count,negotiation converged count,,,analytics.json,analytics.metrics.negotiation.negotiated_convergence_count,no,UNMEASURABLE: no analytics.json in run dir
audit-scripted-v3-seed1,m13_minority_positions_maintained,minority votes maintained,,,analytics.json,analytics.metrics.negotiation.minority_positions_maintained,no,UNMEASURABLE: no analytics.json in run dir
audit-scripted-v3-seed1,m14_competing_alternatives,competing alternatives,,,analytics.json,analytics.metrics.negotiation.competing_alternatives,no,UNMEASURABLE: no analytics.json in run dir
audit-scripted-v3-seed1,m15_failed_votes,failed votes,,,analytics.json,analytics.metrics.negotiation.failed_votes,no,UNMEASURABLE: no analytics.json in run dir
audit-scripted-v3-seed1,m16_withdrawn_motions,withdrawn motions,,,analytics.json,analytics.metrics.negotiation.withdrawn_motions,no,UNMEASURABLE: no analytics.json in run dir
audit-scripted-v3-seed1,m17_motions_withdrawn_after_opposition,withdrawn after opposition,,,analytics.json,analytics.metrics.negotiation.motions_withdrawn_after_opposition,no,UNMEASURABLE: no analytics.json in run dir
audit-scripted-v3-seed1,m18_deferred_motions,deferred motions,,,analytics.json,analytics.metrics.negotiation.deferred_motions,no,UNMEASURABLE: no analytics.json in run dir
audit-scripted-v3-seed1,m19_conditional_rate,council conditional vote rate,,,analytics.json,analytics.metrics.council.conditional_rate,no,UNMEASURABLE: no analytics.json in run dir
audit-scripted-v3-seed1,m20_abstention_rate,council abstention rate,,,analytics.json,analytics.metrics.council.abstention_rate,no,UNMEASURABLE: no analytics.json in run dir
audit-scripted-v3-seed1,m21_promises_made,agents promises made,,,analytics.json,analytics.metrics.agents.promises_made,no,UNMEASURABLE: no analytics.json in run dir
audit-scripted-v3-seed1,m22_promises_kept,agents promises kept,,,analytics.json,analytics.metrics.agents.promises_kept,no,UNMEASURABLE: no analytics.json in run dir
audit-scripted-v3-seed1,m23_promises_broken,agents promises broken,,,analytics.json,analytics.metrics.agents.promises_broken,no,UNMEASURABLE: no analytics.json in run dir
audit-scripted-v3-seed1,m24_persuasion_events,agents persuasion events,,,analytics.json,analytics.metrics.agents.persuasion_events,no,UNMEASURABLE: no analytics.json in run dir
audit-scripted-v3-seed1,m25_leaks,agents leaks,,,analytics.json,analytics.metrics.agents.leaks,no,UNMEASURABLE: no analytics.json in run dir
audit-scripted-v3-seed2,m01_motions,council motions tabled,,,analytics.json,analytics.metrics.council.motions,no,UNMEASURABLE: no analytics.json in run dir
audit-scripted-v3-seed2,m02_substantive,council substantive motions,,,analytics.json,analytics.metrics.council.substantive,no,UNMEASURABLE: no analytics.json in run dir
audit-scripted-v3-seed2,m03_votes_cast,negotiation votes held (denominator),,,analytics.json,analytics.metrics.negotiation.votes_cast,no,UNMEASURABLE: no analytics.json in run dir
audit-scripted-v3-seed2,m04_unanimous_votes,negotiation unanimous votes,,,analytics.json,analytics.metrics.negotiation.unanimous_votes,no,UNMEASURABLE: no analytics.json in run dir
audit-scripted-v3-seed2,m05_final_vote_unanimity,unanimous_votes / votes_cast,,,analytics.json,analytics.metrics.negotiation.final_vote_unanimity,no,UNMEASURABLE: no analytics.json in run dir
audit-scripted-v3-seed2,m06_class_INITIAL_CONSENSUS,unanimity class as stored,,,analytics.json,analytics.metrics.negotiation.unanimity_classes.INITIAL_CONSENSUS (as stored),no,UNMEASURABLE: no analytics.json in run dir
audit-scripted-v3-seed2,m07_class_NEGOTIATED_CONVERGENCE,unanimity class as stored,,,analytics.json,analytics.metrics.negotiation.unanimity_classes.NEGOTIATED_CONVERGENCE (as stored),no,UNMEASURABLE: no analytics.json in run dir
audit-scripted-v3-seed2,m08_class_CONDITIONAL_COMPROMISE,unanimity class as stored,,,analytics.json,analytics.metrics.negotiation.unanimity_classes.CONDITIONAL_COMPROMISE (as stored),no,UNMEASURABLE: no analytics.json in run dir
audit-scripted-v3-seed2,m09_class_DUPLICATE_CONSOLIDATION,unanimity class as stored,,,analytics.json,analytics.metrics.negotiation.unanimity_classes.DUPLICATE_CONSOLIDATION (as stored),no,UNMEASURABLE: no analytics.json in run dir
audit-scripted-v3-seed2,m10_class_UNKNOWN,unanimity class as stored,,,analytics.json,analytics.metrics.negotiation.unanimity_classes.UNKNOWN (as stored),no,UNMEASURABLE: no analytics.json in run dir
audit-scripted-v3-seed2,m11_position_changes,negotiation position changes,,,analytics.json,analytics.metrics.negotiation.position_changes,no,UNMEASURABLE: no analytics.json in run dir
audit-scripted-v3-seed2,m12_negotiated_convergence_count,negotiation converged count,,,analytics.json,analytics.metrics.negotiation.negotiated_convergence_count,no,UNMEASURABLE: no analytics.json in run dir
audit-scripted-v3-seed2,m13_minority_positions_maintained,minority votes maintained,,,analytics.json,analytics.metrics.negotiation.minority_positions_maintained,no,UNMEASURABLE: no analytics.json in run dir
audit-scripted-v3-seed2,m14_competing_alternatives,competing alternatives,,,analytics.json,analytics.metrics.negotiation.competing_alternatives,no,UNMEASURABLE: no analytics.json in run dir
audit-scripted-v3-seed2,m15_failed_votes,failed votes,,,analytics.json,analytics.metrics.negotiation.failed_votes,no,UNMEASURABLE: no analytics.json in run dir
audit-scripted-v3-seed2,m16_withdrawn_motions,withdrawn motions,,,analytics.json,analytics.metrics.negotiation.withdrawn_motions,no,UNMEASURABLE: no analytics.json in run dir
audit-scripted-v3-seed2,m17_motions_withdrawn_after_opposition,withdrawn after opposition,,,analytics.json,analytics.metrics.negotiation.motions_withdrawn_after_opposition,no,UNMEASURABLE: no analytics.json in run dir
audit-scripted-v3-seed2,m18_deferred_motions,deferred motions,,,analytics.json,analytics.metrics.negotiation.deferred_motions,no,UNMEASURABLE: no analytics.json in run dir
audit-scripted-v3-seed2,m19_conditional_rate,council conditional vote rate,,,analytics.json,analytics.metrics.council.conditional_rate,no,UNMEASURABLE: no analytics.json in run dir
audit-scripted-v3-seed2,m20_abstention_rate,council abstention rate,,,analytics.json,analytics.metrics.council.abstention_rate,no,UNMEASURABLE: no analytics.json in run dir
audit-scripted-v3-seed2,m21_promises_made,agents promises made,,,analytics.json,analytics.metrics.agents.promises_made,no,UNMEASURABLE: no analytics.json in run dir
audit-scripted-v3-seed2,m22_promises_kept,agents promises kept,,,analytics.json,analytics.metrics.agents.promises_kept,no,UNMEASURABLE: no analytics.json in run dir
audit-scripted-v3-seed2,m23_promises_broken,agents promises broken,,,analytics.json,analytics.metrics.agents.promises_broken,no,UNMEASURABLE: no analytics.json in run dir
audit-scripted-v3-seed2,m24_persuasion_events,agents persuasion events,,,analytics.json,analytics.metrics.agents.persuasion_events,no,UNMEASURABLE: no analytics.json in run dir
audit-scripted-v3-seed2,m25_leaks,agents leaks,,,analytics.json,analytics.metrics.agents.leaks,no,UNMEASURABLE: no analytics.json in run dir
audit-scripted-v3-seed3,m01_motions,council motions tabled,,,analytics.json,analytics.metrics.council.motions,no,UNMEASURABLE: no analytics.json in run dir
audit-scripted-v3-seed3,m02_substantive,council substantive motions,,,analytics.json,analytics.metrics.council.substantive,no,UNMEASURABLE: no analytics.json in run dir
audit-scripted-v3-seed3,m03_votes_cast,negotiation votes held (denominator),,,analytics.json,analytics.metrics.negotiation.votes_cast,no,UNMEASURABLE: no analytics.json in run dir
audit-scripted-v3-seed3,m04_unanimous_votes,negotiation unanimous votes,,,analytics.json,analytics.metrics.negotiation.unanimous_votes,no,UNMEASURABLE: no analytics.json in run dir
audit-scripted-v3-seed3,m05_final_vote_unanimity,unanimous_votes / votes_cast,,,analytics.json,analytics.metrics.negotiation.final_vote_unanimity,no,UNMEASURABLE: no analytics.json in run dir
audit-scripted-v3-seed3,m06_class_INITIAL_CONSENSUS,unanimity class as stored,,,analytics.json,analytics.metrics.negotiation.unanimity_classes.INITIAL_CONSENSUS (as stored),no,UNMEASURABLE: no analytics.json in run dir
audit-scripted-v3-seed3,m07_class_NEGOTIATED_CONVERGENCE,unanimity class as stored,,,analytics.json,analytics.metrics.negotiation.unanimity_classes.NEGOTIATED_CONVERGENCE (as stored),no,UNMEASURABLE: no analytics.json in run dir
audit-scripted-v3-seed3,m08_class_CONDITIONAL_COMPROMISE,unanimity class as stored,,,analytics.json,analytics.metrics.negotiation.unanimity_classes.CONDITIONAL_COMPROMISE (as stored),no,UNMEASURABLE: no analytics.json in run dir
audit-scripted-v3-seed3,m09_class_DUPLICATE_CONSOLIDATION,unanimity class as stored,,,analytics.json,analytics.metrics.negotiation.unanimity_classes.DUPLICATE_CONSOLIDATION (as stored),no,UNMEASURABLE: no analytics.json in run dir
audit-scripted-v3-seed3,m10_class_UNKNOWN,unanimity class as stored,,,analytics.json,analytics.metrics.negotiation.unanimity_classes.UNKNOWN (as stored),no,UNMEASURABLE: no analytics.json in run dir
audit-scripted-v3-seed3,m11_position_changes,negotiation position changes,,,analytics.json,analytics.metrics.negotiation.position_changes,no,UNMEASURABLE: no analytics.json in run dir
audit-scripted-v3-seed3,m12_negotiated_convergence_count,negotiation converged count,,,analytics.json,analytics.metrics.negotiation.negotiated_convergence_count,no,UNMEASURABLE: no analytics.json in run dir
audit-scripted-v3-seed3,m13_minority_positions_maintained,minority votes maintained,,,analytics.json,analytics.metrics.negotiation.minority_positions_maintained,no,UNMEASURABLE: no analytics.json in run dir
audit-scripted-v3-seed3,m14_competing_alternatives,competing alternatives,,,analytics.json,analytics.metrics.negotiation.competing_alternatives,no,UNMEASURABLE: no analytics.json in run dir
audit-scripted-v3-seed3,m15_failed_votes,failed votes,,,analytics.json,analytics.metrics.negotiation.failed_votes,no,UNMEASURABLE: no analytics.json in run dir
audit-scripted-v3-seed3,m16_withdrawn_motions,withdrawn motions,,,analytics.json,analytics.metrics.negotiation.withdrawn_motions,no,UNMEASURABLE: no analytics.json in run dir
audit-scripted-v3-seed3,m17_motions_withdrawn_after_opposition,withdrawn after opposition,,,analytics.json,analytics.metrics.negotiation.motions_withdrawn_after_opposition,no,UNMEASURABLE: no analytics.json in run dir
audit-scripted-v3-seed3,m18_deferred_motions,deferred motions,,,analytics.json,analytics.metrics.negotiation.deferred_motions,no,UNMEASURABLE: no analytics.json in run dir
audit-scripted-v3-seed3,m19_conditional_rate,council conditional vote rate,,,analytics.json,analytics.metrics.council.conditional_rate,no,UNMEASURABLE: no analytics.json in run dir
audit-scripted-v3-seed3,m20_abstention_rate,council abstention rate,,,analytics.json,analytics.metrics.council.abstention_rate,no,UNMEASURABLE: no analytics.json in run dir
audit-scripted-v3-seed3,m21_promises_made,agents promises made,,,analytics.json,analytics.metrics.agents.promises_made,no,UNMEASURABLE: no analytics.json in run dir
audit-scripted-v3-seed3,m22_promises_kept,agents promises kept,,,analytics.json,analytics.metrics.agents.promises_kept,no,UNMEASURABLE: no analytics.json in run dir
audit-scripted-v3-seed3,m23_promises_broken,agents promises broken,,,analytics.json,analytics.metrics.agents.promises_broken,no,UNMEASURABLE: no analytics.json in run dir
audit-scripted-v3-seed3,m24_persuasion_events,agents persuasion events,,,analytics.json,analytics.metrics.agents.persuasion_events,no,UNMEASURABLE: no analytics.json in run dir
audit-scripted-v3-seed3,m25_leaks,agents leaks,,,analytics.json,analytics.metrics.agents.leaks,no,UNMEASURABLE: no analytics.json in run dir
audit-scripted-v3-seed4,m01_motions,council motions tabled,,,analytics.json,analytics.metrics.council.motions,no,UNMEASURABLE: no analytics.json in run dir
audit-scripted-v3-seed4,m02_substantive,council substantive motions,,,analytics.json,analytics.metrics.council.substantive,no,UNMEASURABLE: no analytics.json in run dir
audit-scripted-v3-seed4,m03_votes_cast,negotiation votes held (denominator),,,analytics.json,analytics.metrics.negotiation.votes_cast,no,UNMEASURABLE: no analytics.json in run dir
audit-scripted-v3-seed4,m04_unanimous_votes,negotiation unanimous votes,,,analytics.json,analytics.metrics.negotiation.unanimous_votes,no,UNMEASURABLE: no analytics.json in run dir
audit-scripted-v3-seed4,m05_final_vote_unanimity,unanimous_votes / votes_cast,,,analytics.json,analytics.metrics.negotiation.final_vote_unanimity,no,UNMEASURABLE: no analytics.json in run dir
audit-scripted-v3-seed4,m06_class_INITIAL_CONSENSUS,unanimity class as stored,,,analytics.json,analytics.metrics.negotiation.unanimity_classes.INITIAL_CONSENSUS (as stored),no,UNMEASURABLE: no analytics.json in run dir
audit-scripted-v3-seed4,m07_class_NEGOTIATED_CONVERGENCE,unanimity class as stored,,,analytics.json,analytics.metrics.negotiation.unanimity_classes.NEGOTIATED_CONVERGENCE (as stored),no,UNMEASURABLE: no analytics.json in run dir
audit-scripted-v3-seed4,m08_class_CONDITIONAL_COMPROMISE,unanimity class as stored,,,analytics.json,analytics.metrics.negotiation.unanimity_classes.CONDITIONAL_COMPROMISE (as stored),no,UNMEASURABLE: no analytics.json in run dir
audit-scripted-v3-seed4,m09_class_DUPLICATE_CONSOLIDATION,unanimity class as stored,,,analytics.json,analytics.metrics.negotiation.unanimity_classes.DUPLICATE_CONSOLIDATION (as stored),no,UNMEASURABLE: no analytics.json in run dir
audit-scripted-v3-seed4,m10_class_UNKNOWN,unanimity class as stored,,,analytics.json,analytics.metrics.negotiation.unanimity_classes.UNKNOWN (as stored),no,UNMEASURABLE: no analytics.json in run dir
audit-scripted-v3-seed4,m11_position_changes,negotiation position changes,,,analytics.json,analytics.metrics.negotiation.position_changes,no,UNMEASURABLE: no analytics.json in run dir
audit-scripted-v3-seed4,m12_negotiated_convergence_count,negotiation converged count,,,analytics.json,analytics.metrics.negotiation.negotiated_convergence_count,no,UNMEASURABLE: no analytics.json in run dir
audit-scripted-v3-seed4,m13_minority_positions_maintained,minority votes maintained,,,analytics.json,analytics.metrics.negotiation.minority_positions_maintained,no,UNMEASURABLE: no analytics.json in run dir
audit-scripted-v3-seed4,m14_competing_alternatives,competing alternatives,,,analytics.json,analytics.metrics.negotiation.competing_alternatives,no,UNMEASURABLE: no analytics.json in run dir
audit-scripted-v3-seed4,m15_failed_votes,failed votes,,,analytics.json,analytics.metrics.negotiation.failed_votes,no,UNMEASURABLE: no analytics.json in run dir
audit-scripted-v3-seed4,m16_withdrawn_motions,withdrawn motions,,,analytics.json,analytics.metrics.negotiation.withdrawn_motions,no,UNMEASURABLE: no analytics.json in run dir
audit-scripted-v3-seed4,m17_motions_withdrawn_after_opposition,withdrawn after opposition,,,analytics.json,analytics.metrics.negotiation.motions_withdrawn_after_opposition,no,UNMEASURABLE: no analytics.json in run dir
audit-scripted-v3-seed4,m18_deferred_motions,deferred motions,,,analytics.json,analytics.metrics.negotiation.deferred_motions,no,UNMEASURABLE: no analytics.json in run dir
audit-scripted-v3-seed4,m19_conditional_rate,council conditional vote rate,,,analytics.json,analytics.metrics.council.conditional_rate,no,UNMEASURABLE: no analytics.json in run dir
audit-scripted-v3-seed4,m20_abstention_rate,council abstention rate,,,analytics.json,analytics.metrics.council.abstention_rate,no,UNMEASURABLE: no analytics.json in run dir
audit-scripted-v3-seed4,m21_promises_made,agents promises made,,,analytics.json,analytics.metrics.agents.promises_made,no,UNMEASURABLE: no analytics.json in run dir
audit-scripted-v3-seed4,m22_promises_kept,agents promises kept,,,analytics.json,analytics.metrics.agents.promises_kept,no,UNMEASURABLE: no analytics.json in run dir
audit-scripted-v3-seed4,m23_promises_broken,agents promises broken,,,analytics.json,analytics.metrics.agents.promises_broken,no,UNMEASURABLE: no analytics.json in run dir
audit-scripted-v3-seed4,m24_persuasion_events,agents persuasion events,,,analytics.json,analytics.metrics.agents.persuasion_events,no,UNMEASURABLE: no analytics.json in run dir
audit-scripted-v3-seed4,m25_leaks,agents leaks,,,analytics.json,analytics.metrics.agents.leaks,no,UNMEASURABLE: no analytics.json in run dir
audit-scripted-v3-seed5,m01_motions,council motions tabled,,,analytics.json,analytics.metrics.council.motions,no,UNMEASURABLE: no analytics.json in run dir
audit-scripted-v3-seed5,m02_substantive,council substantive motions,,,analytics.json,analytics.metrics.council.substantive,no,UNMEASURABLE: no analytics.json in run dir
audit-scripted-v3-seed5,m03_votes_cast,negotiation votes held (denominator),,,analytics.json,analytics.metrics.negotiation.votes_cast,no,UNMEASURABLE: no analytics.json in run dir
audit-scripted-v3-seed5,m04_unanimous_votes,negotiation unanimous votes,,,analytics.json,analytics.metrics.negotiation.unanimous_votes,no,UNMEASURABLE: no analytics.json in run dir
audit-scripted-v3-seed5,m05_final_vote_unanimity,unanimous_votes / votes_cast,,,analytics.json,analytics.metrics.negotiation.final_vote_unanimity,no,UNMEASURABLE: no analytics.json in run dir
audit-scripted-v3-seed5,m06_class_INITIAL_CONSENSUS,unanimity class as stored,,,analytics.json,analytics.metrics.negotiation.unanimity_classes.INITIAL_CONSENSUS (as stored),no,UNMEASURABLE: no analytics.json in run dir
audit-scripted-v3-seed5,m07_class_NEGOTIATED_CONVERGENCE,unanimity class as stored,,,analytics.json,analytics.metrics.negotiation.unanimity_classes.NEGOTIATED_CONVERGENCE (as stored),no,UNMEASURABLE: no analytics.json in run dir
audit-scripted-v3-seed5,m08_class_CONDITIONAL_COMPROMISE,unanimity class as stored,,,analytics.json,analytics.metrics.negotiation.unanimity_classes.CONDITIONAL_COMPROMISE (as stored),no,UNMEASURABLE: no analytics.json in run dir
audit-scripted-v3-seed5,m09_class_DUPLICATE_CONSOLIDATION,unanimity class as stored,,,analytics.json,analytics.metrics.negotiation.unanimity_classes.DUPLICATE_CONSOLIDATION (as stored),no,UNMEASURABLE: no analytics.json in run dir
audit-scripted-v3-seed5,m10_class_UNKNOWN,unanimity class as stored,,,analytics.json,analytics.metrics.negotiation.unanimity_classes.UNKNOWN (as stored),no,UNMEASURABLE: no analytics.json in run dir
audit-scripted-v3-seed5,m11_position_changes,negotiation position changes,,,analytics.json,analytics.metrics.negotiation.position_changes,no,UNMEASURABLE: no analytics.json in run dir
audit-scripted-v3-seed5,m12_negotiated_convergence_count,negotiation converged count,,,analytics.json,analytics.metrics.negotiation.negotiated_convergence_count,no,UNMEASURABLE: no analytics.json in run dir
audit-scripted-v3-seed5,m13_minority_positions_maintained,minority votes maintained,,,analytics.json,analytics.metrics.negotiation.minority_positions_maintained,no,UNMEASURABLE: no analytics.json in run dir
audit-scripted-v3-seed5,m14_competing_alternatives,competing alternatives,,,analytics.json,analytics.metrics.negotiation.competing_alternatives,no,UNMEASURABLE: no analytics.json in run dir
audit-scripted-v3-seed5,m15_failed_votes,failed votes,,,analytics.json,analytics.metrics.negotiation.failed_votes,no,UNMEASURABLE: no analytics.json in run dir
audit-scripted-v3-seed5,m16_withdrawn_motions,withdrawn motions,,,analytics.json,analytics.metrics.negotiation.withdrawn_motions,no,UNMEASURABLE: no analytics.json in run dir
audit-scripted-v3-seed5,m17_motions_withdrawn_after_opposition,withdrawn after opposition,,,analytics.json,analytics.metrics.negotiation.motions_withdrawn_after_opposition,no,UNMEASURABLE: no analytics.json in run dir
audit-scripted-v3-seed5,m18_deferred_motions,deferred motions,,,analytics.json,analytics.metrics.negotiation.deferred_motions,no,UNMEASURABLE: no analytics.json in run dir
audit-scripted-v3-seed5,m19_conditional_rate,council conditional vote rate,,,analytics.json,analytics.metrics.council.conditional_rate,no,UNMEASURABLE: no analytics.json in run dir
audit-scripted-v3-seed5,m20_abstention_rate,council abstention rate,,,analytics.json,analytics.metrics.council.abstention_rate,no,UNMEASURABLE: no analytics.json in run dir
audit-scripted-v3-seed5,m21_promises_made,agents promises made,,,analytics.json,analytics.metrics.agents.promises_made,no,UNMEASURABLE: no analytics.json in run dir
audit-scripted-v3-seed5,m22_promises_kept,agents promises kept,,,analytics.json,analytics.metrics.agents.promises_kept,no,UNMEASURABLE: no analytics.json in run dir
audit-scripted-v3-seed5,m23_promises_broken,agents promises broken,,,analytics.json,analytics.metrics.agents.promises_broken,no,UNMEASURABLE: no analytics.json in run dir
audit-scripted-v3-seed5,m24_persuasion_events,agents persuasion events,,,analytics.json,analytics.metrics.agents.persuasion_events,no,UNMEASURABLE: no analytics.json in run dir
audit-scripted-v3-seed5,m25_leaks,agents leaks,,,analytics.json,analytics.metrics.agents.leaks,no,UNMEASURABLE: no analytics.json in run dir
audit-scripted-v4-seed1,m01_motions,council motions tabled,,,analytics.json,analytics.metrics.council.motions,no,UNMEASURABLE: no analytics.json in run dir
audit-scripted-v4-seed1,m02_substantive,council substantive motions,,,analytics.json,analytics.metrics.council.substantive,no,UNMEASURABLE: no analytics.json in run dir
audit-scripted-v4-seed1,m03_votes_cast,negotiation votes held (denominator),,,analytics.json,analytics.metrics.negotiation.votes_cast,no,UNMEASURABLE: no analytics.json in run dir
audit-scripted-v4-seed1,m04_unanimous_votes,negotiation unanimous votes,,,analytics.json,analytics.metrics.negotiation.unanimous_votes,no,UNMEASURABLE: no analytics.json in run dir
audit-scripted-v4-seed1,m05_final_vote_unanimity,unanimous_votes / votes_cast,,,analytics.json,analytics.metrics.negotiation.final_vote_unanimity,no,UNMEASURABLE: no analytics.json in run dir
audit-scripted-v4-seed1,m06_class_INITIAL_CONSENSUS,unanimity class as stored,,,analytics.json,analytics.metrics.negotiation.unanimity_classes.INITIAL_CONSENSUS (as stored),no,UNMEASURABLE: no analytics.json in run dir
audit-scripted-v4-seed1,m07_class_NEGOTIATED_CONVERGENCE,unanimity class as stored,,,analytics.json,analytics.metrics.negotiation.unanimity_classes.NEGOTIATED_CONVERGENCE (as stored),no,UNMEASURABLE: no analytics.json in run dir
audit-scripted-v4-seed1,m08_class_CONDITIONAL_COMPROMISE,unanimity class as stored,,,analytics.json,analytics.metrics.negotiation.unanimity_classes.CONDITIONAL_COMPROMISE (as stored),no,UNMEASURABLE: no analytics.json in run dir
audit-scripted-v4-seed1,m09_class_DUPLICATE_CONSOLIDATION,unanimity class as stored,,,analytics.json,analytics.metrics.negotiation.unanimity_classes.DUPLICATE_CONSOLIDATION (as stored),no,UNMEASURABLE: no analytics.json in run dir
audit-scripted-v4-seed1,m10_class_UNKNOWN,unanimity class as stored,,,analytics.json,analytics.metrics.negotiation.unanimity_classes.UNKNOWN (as stored),no,UNMEASURABLE: no analytics.json in run dir
audit-scripted-v4-seed1,m11_position_changes,negotiation position changes,,,analytics.json,analytics.metrics.negotiation.position_changes,no,UNMEASURABLE: no analytics.json in run dir
audit-scripted-v4-seed1,m12_negotiated_convergence_count,negotiation converged count,,,analytics.json,analytics.metrics.negotiation.negotiated_convergence_count,no,UNMEASURABLE: no analytics.json in run dir
audit-scripted-v4-seed1,m13_minority_positions_maintained,minority votes maintained,,,analytics.json,analytics.metrics.negotiation.minority_positions_maintained,no,UNMEASURABLE: no analytics.json in run dir
audit-scripted-v4-seed1,m14_competing_alternatives,competing alternatives,,,analytics.json,analytics.metrics.negotiation.competing_alternatives,no,UNMEASURABLE: no analytics.json in run dir
audit-scripted-v4-seed1,m15_failed_votes,failed votes,,,analytics.json,analytics.metrics.negotiation.failed_votes,no,UNMEASURABLE: no analytics.json in run dir
audit-scripted-v4-seed1,m16_withdrawn_motions,withdrawn motions,,,analytics.json,analytics.metrics.negotiation.withdrawn_motions,no,UNMEASURABLE: no analytics.json in run dir
audit-scripted-v4-seed1,m17_motions_withdrawn_after_opposition,withdrawn after opposition,,,analytics.json,analytics.metrics.negotiation.motions_withdrawn_after_opposition,no,UNMEASURABLE: no analytics.json in run dir
audit-scripted-v4-seed1,m18_deferred_motions,deferred motions,,,analytics.json,analytics.metrics.negotiation.deferred_motions,no,UNMEASURABLE: no analytics.json in run dir
audit-scripted-v4-seed1,m19_conditional_rate,council conditional vote rate,,,analytics.json,analytics.metrics.council.conditional_rate,no,UNMEASURABLE: no analytics.json in run dir
audit-scripted-v4-seed1,m20_abstention_rate,council abstention rate,,,analytics.json,analytics.metrics.council.abstention_rate,no,UNMEASURABLE: no analytics.json in run dir
audit-scripted-v4-seed1,m21_promises_made,agents promises made,,,analytics.json,analytics.metrics.agents.promises_made,no,UNMEASURABLE: no analytics.json in run dir
audit-scripted-v4-seed1,m22_promises_kept,agents promises kept,,,analytics.json,analytics.metrics.agents.promises_kept,no,UNMEASURABLE: no analytics.json in run dir
audit-scripted-v4-seed1,m23_promises_broken,agents promises broken,,,analytics.json,analytics.metrics.agents.promises_broken,no,UNMEASURABLE: no analytics.json in run dir
audit-scripted-v4-seed1,m24_persuasion_events,agents persuasion events,,,analytics.json,analytics.metrics.agents.persuasion_events,no,UNMEASURABLE: no analytics.json in run dir
audit-scripted-v4-seed1,m25_leaks,agents leaks,,,analytics.json,analytics.metrics.agents.leaks,no,UNMEASURABLE: no analytics.json in run dir
audit-scripted-v4-seed2,m01_motions,council motions tabled,,,analytics.json,analytics.metrics.council.motions,no,UNMEASURABLE: no analytics.json in run dir
audit-scripted-v4-seed2,m02_substantive,council substantive motions,,,analytics.json,analytics.metrics.council.substantive,no,UNMEASURABLE: no analytics.json in run dir
audit-scripted-v4-seed2,m03_votes_cast,negotiation votes held (denominator),,,analytics.json,analytics.metrics.negotiation.votes_cast,no,UNMEASURABLE: no analytics.json in run dir
audit-scripted-v4-seed2,m04_unanimous_votes,negotiation unanimous votes,,,analytics.json,analytics.metrics.negotiation.unanimous_votes,no,UNMEASURABLE: no analytics.json in run dir
audit-scripted-v4-seed2,m05_final_vote_unanimity,unanimous_votes / votes_cast,,,analytics.json,analytics.metrics.negotiation.final_vote_unanimity,no,UNMEASURABLE: no analytics.json in run dir
audit-scripted-v4-seed2,m06_class_INITIAL_CONSENSUS,unanimity class as stored,,,analytics.json,analytics.metrics.negotiation.unanimity_classes.INITIAL_CONSENSUS (as stored),no,UNMEASURABLE: no analytics.json in run dir
audit-scripted-v4-seed2,m07_class_NEGOTIATED_CONVERGENCE,unanimity class as stored,,,analytics.json,analytics.metrics.negotiation.unanimity_classes.NEGOTIATED_CONVERGENCE (as stored),no,UNMEASURABLE: no analytics.json in run dir
audit-scripted-v4-seed2,m08_class_CONDITIONAL_COMPROMISE,unanimity class as stored,,,analytics.json,analytics.metrics.negotiation.unanimity_classes.CONDITIONAL_COMPROMISE (as stored),no,UNMEASURABLE: no analytics.json in run dir
audit-scripted-v4-seed2,m09_class_DUPLICATE_CONSOLIDATION,unanimity class as stored,,,analytics.json,analytics.metrics.negotiation.unanimity_classes.DUPLICATE_CONSOLIDATION (as stored),no,UNMEASURABLE: no analytics.json in run dir
audit-scripted-v4-seed2,m10_class_UNKNOWN,unanimity class as stored,,,analytics.json,analytics.metrics.negotiation.unanimity_classes.UNKNOWN (as stored),no,UNMEASURABLE: no analytics.json in run dir
audit-scripted-v4-seed2,m11_position_changes,negotiation position changes,,,analytics.json,analytics.metrics.negotiation.position_changes,no,UNMEASURABLE: no analytics.json in run dir
audit-scripted-v4-seed2,m12_negotiated_convergence_count,negotiation converged count,,,analytics.json,analytics.metrics.negotiation.negotiated_convergence_count,no,UNMEASURABLE: no analytics.json in run dir
audit-scripted-v4-seed2,m13_minority_positions_maintained,minority votes maintained,,,analytics.json,analytics.metrics.negotiation.minority_positions_maintained,no,UNMEASURABLE: no analytics.json in run dir
audit-scripted-v4-seed2,m14_competing_alternatives,competing alternatives,,,analytics.json,analytics.metrics.negotiation.competing_alternatives,no,UNMEASURABLE: no analytics.json in run dir
audit-scripted-v4-seed2,m15_failed_votes,failed votes,,,analytics.json,analytics.metrics.negotiation.failed_votes,no,UNMEASURABLE: no analytics.json in run dir
audit-scripted-v4-seed2,m16_withdrawn_motions,withdrawn motions,,,analytics.json,analytics.metrics.negotiation.withdrawn_motions,no,UNMEASURABLE: no analytics.json in run dir
audit-scripted-v4-seed2,m17_motions_withdrawn_after_opposition,withdrawn after opposition,,,analytics.json,analytics.metrics.negotiation.motions_withdrawn_after_opposition,no,UNMEASURABLE: no analytics.json in run dir
audit-scripted-v4-seed2,m18_deferred_motions,deferred motions,,,analytics.json,analytics.metrics.negotiation.deferred_motions,no,UNMEASURABLE: no analytics.json in run dir
audit-scripted-v4-seed2,m19_conditional_rate,council conditional vote rate,,,analytics.json,analytics.metrics.council.conditional_rate,no,UNMEASURABLE: no analytics.json in run dir
audit-scripted-v4-seed2,m20_abstention_rate,council abstention rate,,,analytics.json,analytics.metrics.council.abstention_rate,no,UNMEASURABLE: no analytics.json in run dir
audit-scripted-v4-seed2,m21_promises_made,agents promises made,,,analytics.json,analytics.metrics.agents.promises_made,no,UNMEASURABLE: no analytics.json in run dir
audit-scripted-v4-seed2,m22_promises_kept,agents promises kept,,,analytics.json,analytics.metrics.agents.promises_kept,no,UNMEASURABLE: no analytics.json in run dir
audit-scripted-v4-seed2,m23_promises_broken,agents promises broken,,,analytics.json,analytics.metrics.agents.promises_broken,no,UNMEASURABLE: no analytics.json in run dir
audit-scripted-v4-seed2,m24_persuasion_events,agents persuasion events,,,analytics.json,analytics.metrics.agents.persuasion_events,no,UNMEASURABLE: no analytics.json in run dir
audit-scripted-v4-seed2,m25_leaks,agents leaks,,,analytics.json,analytics.metrics.agents.leaks,no,UNMEASURABLE: no analytics.json in run dir
audit-scripted-v4-seed3,m01_motions,council motions tabled,,,analytics.json,analytics.metrics.council.motions,no,UNMEASURABLE: no analytics.json in run dir
audit-scripted-v4-seed3,m02_substantive,council substantive motions,,,analytics.json,analytics.metrics.council.substantive,no,UNMEASURABLE: no analytics.json in run dir
audit-scripted-v4-seed3,m03_votes_cast,negotiation votes held (denominator),,,analytics.json,analytics.metrics.negotiation.votes_cast,no,UNMEASURABLE: no analytics.json in run dir
audit-scripted-v4-seed3,m04_unanimous_votes,negotiation unanimous votes,,,analytics.json,analytics.metrics.negotiation.unanimous_votes,no,UNMEASURABLE: no analytics.json in run dir
audit-scripted-v4-seed3,m05_final_vote_unanimity,unanimous_votes / votes_cast,,,analytics.json,analytics.metrics.negotiation.final_vote_unanimity,no,UNMEASURABLE: no analytics.json in run dir
audit-scripted-v4-seed3,m06_class_INITIAL_CONSENSUS,unanimity class as stored,,,analytics.json,analytics.metrics.negotiation.unanimity_classes.INITIAL_CONSENSUS (as stored),no,UNMEASURABLE: no analytics.json in run dir
audit-scripted-v4-seed3,m07_class_NEGOTIATED_CONVERGENCE,unanimity class as stored,,,analytics.json,analytics.metrics.negotiation.unanimity_classes.NEGOTIATED_CONVERGENCE (as stored),no,UNMEASURABLE: no analytics.json in run dir
audit-scripted-v4-seed3,m08_class_CONDITIONAL_COMPROMISE,unanimity class as stored,,,analytics.json,analytics.metrics.negotiation.unanimity_classes.CONDITIONAL_COMPROMISE (as stored),no,UNMEASURABLE: no analytics.json in run dir
audit-scripted-v4-seed3,m09_class_DUPLICATE_CONSOLIDATION,unanimity class as stored,,,analytics.json,analytics.metrics.negotiation.unanimity_classes.DUPLICATE_CONSOLIDATION (as stored),no,UNMEASURABLE: no analytics.json in run dir
audit-scripted-v4-seed3,m10_class_UNKNOWN,unanimity class as stored,,,analytics.json,analytics.metrics.negotiation.unanimity_classes.UNKNOWN (as stored),no,UNMEASURABLE: no analytics.json in run dir
audit-scripted-v4-seed3,m11_position_changes,negotiation position changes,,,analytics.json,analytics.metrics.negotiation.position_changes,no,UNMEASURABLE: no analytics.json in run dir
audit-scripted-v4-seed3,m12_negotiated_convergence_count,negotiation converged count,,,analytics.json,analytics.metrics.negotiation.negotiated_convergence_count,no,UNMEASURABLE: no analytics.json in run dir
audit-scripted-v4-seed3,m13_minority_positions_maintained,minority votes maintained,,,analytics.json,analytics.metrics.negotiation.minority_positions_maintained,no,UNMEASURABLE: no analytics.json in run dir
audit-scripted-v4-seed3,m14_competing_alternatives,competing alternatives,,,analytics.json,analytics.metrics.negotiation.competing_alternatives,no,UNMEASURABLE: no analytics.json in run dir
audit-scripted-v4-seed3,m15_failed_votes,failed votes,,,analytics.json,analytics.metrics.negotiation.failed_votes,no,UNMEASURABLE: no analytics.json in run dir
audit-scripted-v4-seed3,m16_withdrawn_motions,withdrawn motions,,,analytics.json,analytics.metrics.negotiation.withdrawn_motions,no,UNMEASURABLE: no analytics.json in run dir
audit-scripted-v4-seed3,m17_motions_withdrawn_after_opposition,withdrawn after opposition,,,analytics.json,analytics.metrics.negotiation.motions_withdrawn_after_opposition,no,UNMEASURABLE: no analytics.json in run dir
audit-scripted-v4-seed3,m18_deferred_motions,deferred motions,,,analytics.json,analytics.metrics.negotiation.deferred_motions,no,UNMEASURABLE: no analytics.json in run dir
audit-scripted-v4-seed3,m19_conditional_rate,council conditional vote rate,,,analytics.json,analytics.metrics.council.conditional_rate,no,UNMEASURABLE: no analytics.json in run dir
audit-scripted-v4-seed3,m20_abstention_rate,council abstention rate,,,analytics.json,analytics.metrics.council.abstention_rate,no,UNMEASURABLE: no analytics.json in run dir
audit-scripted-v4-seed3,m21_promises_made,agents promises made,,,analytics.json,analytics.metrics.agents.promises_made,no,UNMEASURABLE: no analytics.json in run dir
audit-scripted-v4-seed3,m22_promises_kept,agents promises kept,,,analytics.json,analytics.metrics.agents.promises_kept,no,UNMEASURABLE: no analytics.json in run dir
audit-scripted-v4-seed3,m23_promises_broken,agents promises broken,,,analytics.json,analytics.metrics.agents.promises_broken,no,UNMEASURABLE: no analytics.json in run dir
audit-scripted-v4-seed3,m24_persuasion_events,agents persuasion events,,,analytics.json,analytics.metrics.agents.persuasion_events,no,UNMEASURABLE: no analytics.json in run dir
audit-scripted-v4-seed3,m25_leaks,agents leaks,,,analytics.json,analytics.metrics.agents.leaks,no,UNMEASURABLE: no analytics.json in run dir
audit-scripted-v4-seed4,m01_motions,council motions tabled,,,analytics.json,analytics.metrics.council.motions,no,UNMEASURABLE: no analytics.json in run dir
audit-scripted-v4-seed4,m02_substantive,council substantive motions,,,analytics.json,analytics.metrics.council.substantive,no,UNMEASURABLE: no analytics.json in run dir
audit-scripted-v4-seed4,m03_votes_cast,negotiation votes held (denominator),,,analytics.json,analytics.metrics.negotiation.votes_cast,no,UNMEASURABLE: no analytics.json in run dir
audit-scripted-v4-seed4,m04_unanimous_votes,negotiation unanimous votes,,,analytics.json,analytics.metrics.negotiation.unanimous_votes,no,UNMEASURABLE: no analytics.json in run dir
audit-scripted-v4-seed4,m05_final_vote_unanimity,unanimous_votes / votes_cast,,,analytics.json,analytics.metrics.negotiation.final_vote_unanimity,no,UNMEASURABLE: no analytics.json in run dir
audit-scripted-v4-seed4,m06_class_INITIAL_CONSENSUS,unanimity class as stored,,,analytics.json,analytics.metrics.negotiation.unanimity_classes.INITIAL_CONSENSUS (as stored),no,UNMEASURABLE: no analytics.json in run dir
audit-scripted-v4-seed4,m07_class_NEGOTIATED_CONVERGENCE,unanimity class as stored,,,analytics.json,analytics.metrics.negotiation.unanimity_classes.NEGOTIATED_CONVERGENCE (as stored),no,UNMEASURABLE: no analytics.json in run dir
audit-scripted-v4-seed4,m08_class_CONDITIONAL_COMPROMISE,unanimity class as stored,,,analytics.json,analytics.metrics.negotiation.unanimity_classes.CONDITIONAL_COMPROMISE (as stored),no,UNMEASURABLE: no analytics.json in run dir
audit-scripted-v4-seed4,m09_class_DUPLICATE_CONSOLIDATION,unanimity class as stored,,,analytics.json,analytics.metrics.negotiation.unanimity_classes.DUPLICATE_CONSOLIDATION (as stored),no,UNMEASURABLE: no analytics.json in run dir
audit-scripted-v4-seed4,m10_class_UNKNOWN,unanimity class as stored,,,analytics.json,analytics.metrics.negotiation.unanimity_classes.UNKNOWN (as stored),no,UNMEASURABLE: no analytics.json in run dir
audit-scripted-v4-seed4,m11_position_changes,negotiation position changes,,,analytics.json,analytics.metrics.negotiation.position_changes,no,UNMEASURABLE: no analytics.json in run dir
audit-scripted-v4-seed4,m12_negotiated_convergence_count,negotiation converged count,,,analytics.json,analytics.metrics.negotiation.negotiated_convergence_count,no,UNMEASURABLE: no analytics.json in run dir
audit-scripted-v4-seed4,m13_minority_positions_maintained,minority votes maintained,,,analytics.json,analytics.metrics.negotiation.minority_positions_maintained,no,UNMEASURABLE: no analytics.json in run dir
audit-scripted-v4-seed4,m14_competing_alternatives,competing alternatives,,,analytics.json,analytics.metrics.negotiation.competing_alternatives,no,UNMEASURABLE: no analytics.json in run dir
audit-scripted-v4-seed4,m15_failed_votes,failed votes,,,analytics.json,analytics.metrics.negotiation.failed_votes,no,UNMEASURABLE: no analytics.json in run dir
audit-scripted-v4-seed4,m16_withdrawn_motions,withdrawn motions,,,analytics.json,analytics.metrics.negotiation.withdrawn_motions,no,UNMEASURABLE: no analytics.json in run dir
audit-scripted-v4-seed4,m17_motions_withdrawn_after_opposition,withdrawn after opposition,,,analytics.json,analytics.metrics.negotiation.motions_withdrawn_after_opposition,no,UNMEASURABLE: no analytics.json in run dir
audit-scripted-v4-seed4,m18_deferred_motions,deferred motions,,,analytics.json,analytics.metrics.negotiation.deferred_motions,no,UNMEASURABLE: no analytics.json in run dir
audit-scripted-v4-seed4,m19_conditional_rate,council conditional vote rate,,,analytics.json,analytics.metrics.council.conditional_rate,no,UNMEASURABLE: no analytics.json in run dir
audit-scripted-v4-seed4,m20_abstention_rate,council abstention rate,,,analytics.json,analytics.metrics.council.abstention_rate,no,UNMEASURABLE: no analytics.json in run dir
audit-scripted-v4-seed4,m21_promises_made,agents promises made,,,analytics.json,analytics.metrics.agents.promises_made,no,UNMEASURABLE: no analytics.json in run dir
audit-scripted-v4-seed4,m22_promises_kept,agents promises kept,,,analytics.json,analytics.metrics.agents.promises_kept,no,UNMEASURABLE: no analytics.json in run dir
audit-scripted-v4-seed4,m23_promises_broken,agents promises broken,,,analytics.json,analytics.metrics.agents.promises_broken,no,UNMEASURABLE: no analytics.json in run dir
audit-scripted-v4-seed4,m24_persuasion_events,agents persuasion events,,,analytics.json,analytics.metrics.agents.persuasion_events,no,UNMEASURABLE: no analytics.json in run dir
audit-scripted-v4-seed4,m25_leaks,agents leaks,,,analytics.json,analytics.metrics.agents.leaks,no,UNMEASURABLE: no analytics.json in run dir
audit-scripted-v4-seed5,m01_motions,council motions tabled,,,analytics.json,analytics.metrics.council.motions,no,UNMEASURABLE: no analytics.json in run dir
audit-scripted-v4-seed5,m02_substantive,council substantive motions,,,analytics.json,analytics.metrics.council.substantive,no,UNMEASURABLE: no analytics.json in run dir
audit-scripted-v4-seed5,m03_votes_cast,negotiation votes held (denominator),,,analytics.json,analytics.metrics.negotiation.votes_cast,no,UNMEASURABLE: no analytics.json in run dir
audit-scripted-v4-seed5,m04_unanimous_votes,negotiation unanimous votes,,,analytics.json,analytics.metrics.negotiation.unanimous_votes,no,UNMEASURABLE: no analytics.json in run dir
audit-scripted-v4-seed5,m05_final_vote_unanimity,unanimous_votes / votes_cast,,,analytics.json,analytics.metrics.negotiation.final_vote_unanimity,no,UNMEASURABLE: no analytics.json in run dir
audit-scripted-v4-seed5,m06_class_INITIAL_CONSENSUS,unanimity class as stored,,,analytics.json,analytics.metrics.negotiation.unanimity_classes.INITIAL_CONSENSUS (as stored),no,UNMEASURABLE: no analytics.json in run dir
audit-scripted-v4-seed5,m07_class_NEGOTIATED_CONVERGENCE,unanimity class as stored,,,analytics.json,analytics.metrics.negotiation.unanimity_classes.NEGOTIATED_CONVERGENCE (as stored),no,UNMEASURABLE: no analytics.json in run dir
audit-scripted-v4-seed5,m08_class_CONDITIONAL_COMPROMISE,unanimity class as stored,,,analytics.json,analytics.metrics.negotiation.unanimity_classes.CONDITIONAL_COMPROMISE (as stored),no,UNMEASURABLE: no analytics.json in run dir
audit-scripted-v4-seed5,m09_class_DUPLICATE_CONSOLIDATION,unanimity class as stored,,,analytics.json,analytics.metrics.negotiation.unanimity_classes.DUPLICATE_CONSOLIDATION (as stored),no,UNMEASURABLE: no analytics.json in run dir
audit-scripted-v4-seed5,m10_class_UNKNOWN,unanimity class as stored,,,analytics.json,analytics.metrics.negotiation.unanimity_classes.UNKNOWN (as stored),no,UNMEASURABLE: no analytics.json in run dir
audit-scripted-v4-seed5,m11_position_changes,negotiation position changes,,,analytics.json,analytics.metrics.negotiation.position_changes,no,UNMEASURABLE: no analytics.json in run dir
audit-scripted-v4-seed5,m12_negotiated_convergence_count,negotiation converged count,,,analytics.json,analytics.metrics.negotiation.negotiated_convergence_count,no,UNMEASURABLE: no analytics.json in run dir
audit-scripted-v4-seed5,m13_minority_positions_maintained,minority votes maintained,,,analytics.json,analytics.metrics.negotiation.minority_positions_maintained,no,UNMEASURABLE: no analytics.json in run dir
audit-scripted-v4-seed5,m14_competing_alternatives,competing alternatives,,,analytics.json,analytics.metrics.negotiation.competing_alternatives,no,UNMEASURABLE: no analytics.json in run dir
audit-scripted-v4-seed5,m15_failed_votes,failed votes,,,analytics.json,analytics.metrics.negotiation.failed_votes,no,UNMEASURABLE: no analytics.json in run dir
audit-scripted-v4-seed5,m16_withdrawn_motions,withdrawn motions,,,analytics.json,analytics.metrics.negotiation.withdrawn_motions,no,UNMEASURABLE: no analytics.json in run dir
audit-scripted-v4-seed5,m17_motions_withdrawn_after_opposition,withdrawn after opposition,,,analytics.json,analytics.metrics.negotiation.motions_withdrawn_after_opposition,no,UNMEASURABLE: no analytics.json in run dir
audit-scripted-v4-seed5,m18_deferred_motions,deferred motions,,,analytics.json,analytics.metrics.negotiation.deferred_motions,no,UNMEASURABLE: no analytics.json in run dir
audit-scripted-v4-seed5,m19_conditional_rate,council conditional vote rate,,,analytics.json,analytics.metrics.council.conditional_rate,no,UNMEASURABLE: no analytics.json in run dir
audit-scripted-v4-seed5,m20_abstention_rate,council abstention rate,,,analytics.json,analytics.metrics.council.abstention_rate,no,UNMEASURABLE: no analytics.json in run dir
audit-scripted-v4-seed5,m21_promises_made,agents promises made,,,analytics.json,analytics.metrics.agents.promises_made,no,UNMEASURABLE: no analytics.json in run dir
audit-scripted-v4-seed5,m22_promises_kept,agents promises kept,,,analytics.json,analytics.metrics.agents.promises_kept,no,UNMEASURABLE: no analytics.json in run dir
audit-scripted-v4-seed5,m23_promises_broken,agents promises broken,,,analytics.json,analytics.metrics.agents.promises_broken,no,UNMEASURABLE: no analytics.json in run dir
audit-scripted-v4-seed5,m24_persuasion_events,agents persuasion events,,,analytics.json,analytics.metrics.agents.persuasion_events,no,UNMEASURABLE: no analytics.json in run dir
audit-scripted-v4-seed5,m25_leaks,agents leaks,,,analytics.json,analytics.metrics.agents.leaks,no,UNMEASURABLE: no analytics.json in run dir
audit-v2-postfix-seed1,m01_motions,council motions tabled,9,,analytics.json,analytics.metrics.council.motions,yes,
audit-v2-postfix-seed1,m02_substantive,council substantive motions,9,,analytics.json,analytics.metrics.council.substantive,yes,
audit-v2-postfix-seed1,m03_votes_cast,negotiation votes held (denominator),,,analytics.json,analytics.metrics.negotiation.votes_cast,no,"UNMEASURABLE: section absent in analytics metrics (older schema: council/agents only, no negotiation)"
audit-v2-postfix-seed1,m04_unanimous_votes,negotiation unanimous votes,,,analytics.json,analytics.metrics.negotiation.unanimous_votes,no,"UNMEASURABLE: section absent in analytics metrics (older schema: council/agents only, no negotiation)"
audit-v2-postfix-seed1,m05_final_vote_unanimity,unanimous_votes / votes_cast,,,analytics.json,analytics.metrics.negotiation.final_vote_unanimity,no,"UNMEASURABLE: section absent in analytics metrics (older schema: council/agents only, no negotiation)"
audit-v2-postfix-seed1,m06_class_INITIAL_CONSENSUS,unanimity class as stored,,,analytics.json,analytics.metrics.negotiation.unanimity_classes.INITIAL_CONSENSUS (as stored),no,"UNMEASURABLE: section absent in analytics metrics (older schema: council/agents only, no negotiation)"
audit-v2-postfix-seed1,m07_class_NEGOTIATED_CONVERGENCE,unanimity class as stored,,,analytics.json,analytics.metrics.negotiation.unanimity_classes.NEGOTIATED_CONVERGENCE (as stored),no,"UNMEASURABLE: section absent in analytics metrics (older schema: council/agents only, no negotiation)"
audit-v2-postfix-seed1,m08_class_CONDITIONAL_COMPROMISE,unanimity class as stored,,,analytics.json,analytics.metrics.negotiation.unanimity_classes.CONDITIONAL_COMPROMISE (as stored),no,"UNMEASURABLE: section absent in analytics metrics (older schema: council/agents only, no negotiation)"
audit-v2-postfix-seed1,m09_class_DUPLICATE_CONSOLIDATION,unanimity class as stored,,,analytics.json,analytics.metrics.negotiation.unanimity_classes.DUPLICATE_CONSOLIDATION (as stored),no,"UNMEASURABLE: section absent in analytics metrics (older schema: council/agents only, no negotiation)"
audit-v2-postfix-seed1,m10_class_UNKNOWN,unanimity class as stored,,,analytics.json,analytics.metrics.negotiation.unanimity_classes.UNKNOWN (as stored),no,"UNMEASURABLE: section absent in analytics metrics (older schema: council/agents only, no negotiation)"
audit-v2-postfix-seed1,m11_position_changes,negotiation position changes,,,analytics.json,analytics.metrics.negotiation.position_changes,no,"UNMEASURABLE: section absent in analytics metrics (older schema: council/agents only, no negotiation)"
audit-v2-postfix-seed1,m12_negotiated_convergence_count,negotiation converged count,,,analytics.json,analytics.metrics.negotiation.negotiated_convergence_count,no,"UNMEASURABLE: section absent in analytics metrics (older schema: council/agents only, no negotiation)"
audit-v2-postfix-seed1,m13_minority_positions_maintained,minority votes maintained,,,analytics.json,analytics.metrics.negotiation.minority_positions_maintained,no,"UNMEASURABLE: section absent in analytics metrics (older schema: council/agents only, no negotiation)"
audit-v2-postfix-seed1,m14_competing_alternatives,competing alternatives,,,analytics.json,analytics.metrics.negotiation.competing_alternatives,no,"UNMEASURABLE: section absent in analytics metrics (older schema: council/agents only, no negotiation)"
audit-v2-postfix-seed1,m15_failed_votes,failed votes,,,analytics.json,analytics.metrics.negotiation.failed_votes,no,"UNMEASURABLE: section absent in analytics metrics (older schema: council/agents only, no negotiation)"
audit-v2-postfix-seed1,m16_withdrawn_motions,withdrawn motions,,,analytics.json,analytics.metrics.negotiation.withdrawn_motions,no,"UNMEASURABLE: section absent in analytics metrics (older schema: council/agents only, no negotiation)"
audit-v2-postfix-seed1,m17_motions_withdrawn_after_opposition,withdrawn after opposition,,,analytics.json,analytics.metrics.negotiation.motions_withdrawn_after_opposition,no,"UNMEASURABLE: section absent in analytics metrics (older schema: council/agents only, no negotiation)"
audit-v2-postfix-seed1,m18_deferred_motions,deferred motions,,,analytics.json,analytics.metrics.negotiation.deferred_motions,no,"UNMEASURABLE: section absent in analytics metrics (older schema: council/agents only, no negotiation)"
audit-v2-postfix-seed1,m19_conditional_rate,council conditional vote rate,0.0,,analytics.json,analytics.metrics.council.conditional_rate,yes,
audit-v2-postfix-seed1,m20_abstention_rate,council abstention rate,0.0,,analytics.json,analytics.metrics.council.abstention_rate,yes,
audit-v2-postfix-seed1,m21_promises_made,agents promises made,5,,analytics.json,analytics.metrics.agents.promises_made,yes,
audit-v2-postfix-seed1,m22_promises_kept,agents promises kept,0,5,analytics.json,analytics.metrics.agents.promises_kept,yes,
audit-v2-postfix-seed1,m23_promises_broken,agents promises broken,1,5,analytics.json,analytics.metrics.agents.promises_broken,yes,
audit-v2-postfix-seed1,m24_persuasion_events,agents persuasion events,0,,analytics.json,analytics.metrics.agents.persuasion_events,yes,
audit-v2-postfix-seed1,m25_leaks,agents leaks,0,,analytics.json,analytics.metrics.agents.leaks,yes,
audit-v2-postfix-seed2,m01_motions,council motions tabled,10,,analytics.json,analytics.metrics.council.motions,yes,
audit-v2-postfix-seed2,m02_substantive,council substantive motions,10,,analytics.json,analytics.metrics.council.substantive,yes,
audit-v2-postfix-seed2,m03_votes_cast,negotiation votes held (denominator),,,analytics.json,analytics.metrics.negotiation.votes_cast,no,"UNMEASURABLE: section absent in analytics metrics (older schema: council/agents only, no negotiation)"
audit-v2-postfix-seed2,m04_unanimous_votes,negotiation unanimous votes,,,analytics.json,analytics.metrics.negotiation.unanimous_votes,no,"UNMEASURABLE: section absent in analytics metrics (older schema: council/agents only, no negotiation)"
audit-v2-postfix-seed2,m05_final_vote_unanimity,unanimous_votes / votes_cast,,,analytics.json,analytics.metrics.negotiation.final_vote_unanimity,no,"UNMEASURABLE: section absent in analytics metrics (older schema: council/agents only, no negotiation)"
audit-v2-postfix-seed2,m06_class_INITIAL_CONSENSUS,unanimity class as stored,,,analytics.json,analytics.metrics.negotiation.unanimity_classes.INITIAL_CONSENSUS (as stored),no,"UNMEASURABLE: section absent in analytics metrics (older schema: council/agents only, no negotiation)"
audit-v2-postfix-seed2,m07_class_NEGOTIATED_CONVERGENCE,unanimity class as stored,,,analytics.json,analytics.metrics.negotiation.unanimity_classes.NEGOTIATED_CONVERGENCE (as stored),no,"UNMEASURABLE: section absent in analytics metrics (older schema: council/agents only, no negotiation)"
audit-v2-postfix-seed2,m08_class_CONDITIONAL_COMPROMISE,unanimity class as stored,,,analytics.json,analytics.metrics.negotiation.unanimity_classes.CONDITIONAL_COMPROMISE (as stored),no,"UNMEASURABLE: section absent in analytics metrics (older schema: council/agents only, no negotiation)"
audit-v2-postfix-seed2,m09_class_DUPLICATE_CONSOLIDATION,unanimity class as stored,,,analytics.json,analytics.metrics.negotiation.unanimity_classes.DUPLICATE_CONSOLIDATION (as stored),no,"UNMEASURABLE: section absent in analytics metrics (older schema: council/agents only, no negotiation)"
audit-v2-postfix-seed2,m10_class_UNKNOWN,unanimity class as stored,,,analytics.json,analytics.metrics.negotiation.unanimity_classes.UNKNOWN (as stored),no,"UNMEASURABLE: section absent in analytics metrics (older schema: council/agents only, no negotiation)"
audit-v2-postfix-seed2,m11_position_changes,negotiation position changes,,,analytics.json,analytics.metrics.negotiation.position_changes,no,"UNMEASURABLE: section absent in analytics metrics (older schema: council/agents only, no negotiation)"
audit-v2-postfix-seed2,m12_negotiated_convergence_count,negotiation converged count,,,analytics.json,analytics.metrics.negotiation.negotiated_convergence_count,no,"UNMEASURABLE: section absent in analytics metrics (older schema: council/agents only, no negotiation)"
audit-v2-postfix-seed2,m13_minority_positions_maintained,minority votes maintained,,,analytics.json,analytics.metrics.negotiation.minority_positions_maintained,no,"UNMEASURABLE: section absent in analytics metrics (older schema: council/agents only, no negotiation)"
audit-v2-postfix-seed2,m14_competing_alternatives,competing alternatives,,,analytics.json,analytics.metrics.negotiation.competing_alternatives,no,"UNMEASURABLE: section absent in analytics metrics (older schema: council/agents only, no negotiation)"
audit-v2-postfix-seed2,m15_failed_votes,failed votes,,,analytics.json,analytics.metrics.negotiation.failed_votes,no,"UNMEASURABLE: section absent in analytics metrics (older schema: council/agents only, no negotiation)"
audit-v2-postfix-seed2,m16_withdrawn_motions,withdrawn motions,,,analytics.json,analytics.metrics.negotiation.withdrawn_motions,no,"UNMEASURABLE: section absent in analytics metrics (older schema: council/agents only, no negotiation)"
audit-v2-postfix-seed2,m17_motions_withdrawn_after_opposition,withdrawn after opposition,,,analytics.json,analytics.metrics.negotiation.motions_withdrawn_after_opposition,no,"UNMEASURABLE: section absent in analytics metrics (older schema: council/agents only, no negotiation)"
audit-v2-postfix-seed2,m18_deferred_motions,deferred motions,,,analytics.json,analytics.metrics.negotiation.deferred_motions,no,"UNMEASURABLE: section absent in analytics metrics (older schema: council/agents only, no negotiation)"
audit-v2-postfix-seed2,m19_conditional_rate,council conditional vote rate,0.0,,analytics.json,analytics.metrics.council.conditional_rate,yes,
audit-v2-postfix-seed2,m20_abstention_rate,council abstention rate,0.0,,analytics.json,analytics.metrics.council.abstention_rate,yes,
audit-v2-postfix-seed2,m21_promises_made,agents promises made,5,,analytics.json,analytics.metrics.agents.promises_made,yes,
audit-v2-postfix-seed2,m22_promises_kept,agents promises kept,0,5,analytics.json,analytics.metrics.agents.promises_kept,yes,
audit-v2-postfix-seed2,m23_promises_broken,agents promises broken,0,5,analytics.json,analytics.metrics.agents.promises_broken,yes,
audit-v2-postfix-seed2,m24_persuasion_events,agents persuasion events,0,,analytics.json,analytics.metrics.agents.persuasion_events,yes,
audit-v2-postfix-seed2,m25_leaks,agents leaks,0,,analytics.json,analytics.metrics.agents.leaks,yes,
audit-v2-postfix-seed3,m01_motions,council motions tabled,9,,analytics.json,analytics.metrics.council.motions,yes,
audit-v2-postfix-seed3,m02_substantive,council substantive motions,9,,analytics.json,analytics.metrics.council.substantive,yes,
audit-v2-postfix-seed3,m03_votes_cast,negotiation votes held (denominator),,,analytics.json,analytics.metrics.negotiation.votes_cast,no,"UNMEASURABLE: section absent in analytics metrics (older schema: council/agents only, no negotiation)"
audit-v2-postfix-seed3,m04_unanimous_votes,negotiation unanimous votes,,,analytics.json,analytics.metrics.negotiation.unanimous_votes,no,"UNMEASURABLE: section absent in analytics metrics (older schema: council/agents only, no negotiation)"
audit-v2-postfix-seed3,m05_final_vote_unanimity,unanimous_votes / votes_cast,,,analytics.json,analytics.metrics.negotiation.final_vote_unanimity,no,"UNMEASURABLE: section absent in analytics metrics (older schema: council/agents only, no negotiation)"
audit-v2-postfix-seed3,m06_class_INITIAL_CONSENSUS,unanimity class as stored,,,analytics.json,analytics.metrics.negotiation.unanimity_classes.INITIAL_CONSENSUS (as stored),no,"UNMEASURABLE: section absent in analytics metrics (older schema: council/agents only, no negotiation)"
audit-v2-postfix-seed3,m07_class_NEGOTIATED_CONVERGENCE,unanimity class as stored,,,analytics.json,analytics.metrics.negotiation.unanimity_classes.NEGOTIATED_CONVERGENCE (as stored),no,"UNMEASURABLE: section absent in analytics metrics (older schema: council/agents only, no negotiation)"
audit-v2-postfix-seed3,m08_class_CONDITIONAL_COMPROMISE,unanimity class as stored,,,analytics.json,analytics.metrics.negotiation.unanimity_classes.CONDITIONAL_COMPROMISE (as stored),no,"UNMEASURABLE: section absent in analytics metrics (older schema: council/agents only, no negotiation)"
audit-v2-postfix-seed3,m09_class_DUPLICATE_CONSOLIDATION,unanimity class as stored,,,analytics.json,analytics.metrics.negotiation.unanimity_classes.DUPLICATE_CONSOLIDATION (as stored),no,"UNMEASURABLE: section absent in analytics metrics (older schema: council/agents only, no negotiation)"
audit-v2-postfix-seed3,m10_class_UNKNOWN,unanimity class as stored,,,analytics.json,analytics.metrics.negotiation.unanimity_classes.UNKNOWN (as stored),no,"UNMEASURABLE: section absent in analytics metrics (older schema: council/agents only, no negotiation)"
audit-v2-postfix-seed3,m11_position_changes,negotiation position changes,,,analytics.json,analytics.metrics.negotiation.position_changes,no,"UNMEASURABLE: section absent in analytics metrics (older schema: council/agents only, no negotiation)"
audit-v2-postfix-seed3,m12_negotiated_convergence_count,negotiation converged count,,,analytics.json,analytics.metrics.negotiation.negotiated_convergence_count,no,"UNMEASURABLE: section absent in analytics metrics (older schema: council/agents only, no negotiation)"
audit-v2-postfix-seed3,m13_minority_positions_maintained,minority votes maintained,,,analytics.json,analytics.metrics.negotiation.minority_positions_maintained,no,"UNMEASURABLE: section absent in analytics metrics (older schema: council/agents only, no negotiation)"
audit-v2-postfix-seed3,m14_competing_alternatives,competing alternatives,,,analytics.json,analytics.metrics.negotiation.competing_alternatives,no,"UNMEASURABLE: section absent in analytics metrics (older schema: council/agents only, no negotiation)"
audit-v2-postfix-seed3,m15_failed_votes,failed votes,,,analytics.json,analytics.metrics.negotiation.failed_votes,no,"UNMEASURABLE: section absent in analytics metrics (older schema: council/agents only, no negotiation)"
audit-v2-postfix-seed3,m16_withdrawn_motions,withdrawn motions,,,analytics.json,analytics.metrics.negotiation.withdrawn_motions,no,"UNMEASURABLE: section absent in analytics metrics (older schema: council/agents only, no negotiation)"
audit-v2-postfix-seed3,m17_motions_withdrawn_after_opposition,withdrawn after opposition,,,analytics.json,analytics.metrics.negotiation.motions_withdrawn_after_opposition,no,"UNMEASURABLE: section absent in analytics metrics (older schema: council/agents only, no negotiation)"
audit-v2-postfix-seed3,m18_deferred_motions,deferred motions,,,analytics.json,analytics.metrics.negotiation.deferred_motions,no,"UNMEASURABLE: section absent in analytics metrics (older schema: council/agents only, no negotiation)"
audit-v2-postfix-seed3,m19_conditional_rate,council conditional vote rate,0.0,,analytics.json,analytics.metrics.council.conditional_rate,yes,
audit-v2-postfix-seed3,m20_abstention_rate,council abstention rate,0.0,,analytics.json,analytics.metrics.council.abstention_rate,yes,
audit-v2-postfix-seed3,m21_promises_made,agents promises made,5,,analytics.json,analytics.metrics.agents.promises_made,yes,
audit-v2-postfix-seed3,m22_promises_kept,agents promises kept,0,5,analytics.json,analytics.metrics.agents.promises_kept,yes,
audit-v2-postfix-seed3,m23_promises_broken,agents promises broken,0,5,analytics.json,analytics.metrics.agents.promises_broken,yes,
audit-v2-postfix-seed3,m24_persuasion_events,agents persuasion events,0,,analytics.json,analytics.metrics.agents.persuasion_events,yes,
audit-v2-postfix-seed3,m25_leaks,agents leaks,0,,analytics.json,analytics.metrics.agents.leaks,yes,
audit-v2-postfix-seed4,m01_motions,council motions tabled,9,,analytics.json,analytics.metrics.council.motions,yes,
audit-v2-postfix-seed4,m02_substantive,council substantive motions,9,,analytics.json,analytics.metrics.council.substantive,yes,
audit-v2-postfix-seed4,m03_votes_cast,negotiation votes held (denominator),,,analytics.json,analytics.metrics.negotiation.votes_cast,no,"UNMEASURABLE: section absent in analytics metrics (older schema: council/agents only, no negotiation)"
audit-v2-postfix-seed4,m04_unanimous_votes,negotiation unanimous votes,,,analytics.json,analytics.metrics.negotiation.unanimous_votes,no,"UNMEASURABLE: section absent in analytics metrics (older schema: council/agents only, no negotiation)"
audit-v2-postfix-seed4,m05_final_vote_unanimity,unanimous_votes / votes_cast,,,analytics.json,analytics.metrics.negotiation.final_vote_unanimity,no,"UNMEASURABLE: section absent in analytics metrics (older schema: council/agents only, no negotiation)"
audit-v2-postfix-seed4,m06_class_INITIAL_CONSENSUS,unanimity class as stored,,,analytics.json,analytics.metrics.negotiation.unanimity_classes.INITIAL_CONSENSUS (as stored),no,"UNMEASURABLE: section absent in analytics metrics (older schema: council/agents only, no negotiation)"
audit-v2-postfix-seed4,m07_class_NEGOTIATED_CONVERGENCE,unanimity class as stored,,,analytics.json,analytics.metrics.negotiation.unanimity_classes.NEGOTIATED_CONVERGENCE (as stored),no,"UNMEASURABLE: section absent in analytics metrics (older schema: council/agents only, no negotiation)"
audit-v2-postfix-seed4,m08_class_CONDITIONAL_COMPROMISE,unanimity class as stored,,,analytics.json,analytics.metrics.negotiation.unanimity_classes.CONDITIONAL_COMPROMISE (as stored),no,"UNMEASURABLE: section absent in analytics metrics (older schema: council/agents only, no negotiation)"
audit-v2-postfix-seed4,m09_class_DUPLICATE_CONSOLIDATION,unanimity class as stored,,,analytics.json,analytics.metrics.negotiation.unanimity_classes.DUPLICATE_CONSOLIDATION (as stored),no,"UNMEASURABLE: section absent in analytics metrics (older schema: council/agents only, no negotiation)"
audit-v2-postfix-seed4,m10_class_UNKNOWN,unanimity class as stored,,,analytics.json,analytics.metrics.negotiation.unanimity_classes.UNKNOWN (as stored),no,"UNMEASURABLE: section absent in analytics metrics (older schema: council/agents only, no negotiation)"
audit-v2-postfix-seed4,m11_position_changes,negotiation position changes,,,analytics.json,analytics.metrics.negotiation.position_changes,no,"UNMEASURABLE: section absent in analytics metrics (older schema: council/agents only, no negotiation)"
audit-v2-postfix-seed4,m12_negotiated_convergence_count,negotiation converged count,,,analytics.json,analytics.metrics.negotiation.negotiated_convergence_count,no,"UNMEASURABLE: section absent in analytics metrics (older schema: council/agents only, no negotiation)"
audit-v2-postfix-seed4,m13_minority_positions_maintained,minority votes maintained,,,analytics.json,analytics.metrics.negotiation.minority_positions_maintained,no,"UNMEASURABLE: section absent in analytics metrics (older schema: council/agents only, no negotiation)"
audit-v2-postfix-seed4,m14_competing_alternatives,competing alternatives,,,analytics.json,analytics.metrics.negotiation.competing_alternatives,no,"UNMEASURABLE: section absent in analytics metrics (older schema: council/agents only, no negotiation)"
audit-v2-postfix-seed4,m15_failed_votes,failed votes,,,analytics.json,analytics.metrics.negotiation.failed_votes,no,"UNMEASURABLE: section absent in analytics metrics (older schema: council/agents only, no negotiation)"
audit-v2-postfix-seed4,m16_withdrawn_motions,withdrawn motions,,,analytics.json,analytics.metrics.negotiation.withdrawn_motions,no,"UNMEASURABLE: section absent in analytics metrics (older schema: council/agents only, no negotiation)"
audit-v2-postfix-seed4,m17_motions_withdrawn_after_opposition,withdrawn after opposition,,,analytics.json,analytics.metrics.negotiation.motions_withdrawn_after_opposition,no,"UNMEASURABLE: section absent in analytics metrics (older schema: council/agents only, no negotiation)"
audit-v2-postfix-seed4,m18_deferred_motions,deferred motions,,,analytics.json,analytics.metrics.negotiation.deferred_motions,no,"UNMEASURABLE: section absent in analytics metrics (older schema: council/agents only, no negotiation)"
audit-v2-postfix-seed4,m19_conditional_rate,council conditional vote rate,0.0,,analytics.json,analytics.metrics.council.conditional_rate,yes,
audit-v2-postfix-seed4,m20_abstention_rate,council abstention rate,0.0,,analytics.json,analytics.metrics.council.abstention_rate,yes,
audit-v2-postfix-seed4,m21_promises_made,agents promises made,5,,analytics.json,analytics.metrics.agents.promises_made,yes,
audit-v2-postfix-seed4,m22_promises_kept,agents promises kept,0,5,analytics.json,analytics.metrics.agents.promises_kept,yes,
audit-v2-postfix-seed4,m23_promises_broken,agents promises broken,0,5,analytics.json,analytics.metrics.agents.promises_broken,yes,
audit-v2-postfix-seed4,m24_persuasion_events,agents persuasion events,0,,analytics.json,analytics.metrics.agents.persuasion_events,yes,
audit-v2-postfix-seed4,m25_leaks,agents leaks,0,,analytics.json,analytics.metrics.agents.leaks,yes,
audit-v2-postfix-seed5,m01_motions,council motions tabled,9,,analytics.json,analytics.metrics.council.motions,yes,
audit-v2-postfix-seed5,m02_substantive,council substantive motions,9,,analytics.json,analytics.metrics.council.substantive,yes,
audit-v2-postfix-seed5,m03_votes_cast,negotiation votes held (denominator),,,analytics.json,analytics.metrics.negotiation.votes_cast,no,"UNMEASURABLE: section absent in analytics metrics (older schema: council/agents only, no negotiation)"
audit-v2-postfix-seed5,m04_unanimous_votes,negotiation unanimous votes,,,analytics.json,analytics.metrics.negotiation.unanimous_votes,no,"UNMEASURABLE: section absent in analytics metrics (older schema: council/agents only, no negotiation)"
audit-v2-postfix-seed5,m05_final_vote_unanimity,unanimous_votes / votes_cast,,,analytics.json,analytics.metrics.negotiation.final_vote_unanimity,no,"UNMEASURABLE: section absent in analytics metrics (older schema: council/agents only, no negotiation)"
audit-v2-postfix-seed5,m06_class_INITIAL_CONSENSUS,unanimity class as stored,,,analytics.json,analytics.metrics.negotiation.unanimity_classes.INITIAL_CONSENSUS (as stored),no,"UNMEASURABLE: section absent in analytics metrics (older schema: council/agents only, no negotiation)"
audit-v2-postfix-seed5,m07_class_NEGOTIATED_CONVERGENCE,unanimity class as stored,,,analytics.json,analytics.metrics.negotiation.unanimity_classes.NEGOTIATED_CONVERGENCE (as stored),no,"UNMEASURABLE: section absent in analytics metrics (older schema: council/agents only, no negotiation)"
audit-v2-postfix-seed5,m08_class_CONDITIONAL_COMPROMISE,unanimity class as stored,,,analytics.json,analytics.metrics.negotiation.unanimity_classes.CONDITIONAL_COMPROMISE (as stored),no,"UNMEASURABLE: section absent in analytics metrics (older schema: council/agents only, no negotiation)"
audit-v2-postfix-seed5,m09_class_DUPLICATE_CONSOLIDATION,unanimity class as stored,,,analytics.json,analytics.metrics.negotiation.unanimity_classes.DUPLICATE_CONSOLIDATION (as stored),no,"UNMEASURABLE: section absent in analytics metrics (older schema: council/agents only, no negotiation)"
audit-v2-postfix-seed5,m10_class_UNKNOWN,unanimity class as stored,,,analytics.json,analytics.metrics.negotiation.unanimity_classes.UNKNOWN (as stored),no,"UNMEASURABLE: section absent in analytics metrics (older schema: council/agents only, no negotiation)"
audit-v2-postfix-seed5,m11_position_changes,negotiation position changes,,,analytics.json,analytics.metrics.negotiation.position_changes,no,"UNMEASURABLE: section absent in analytics metrics (older schema: council/agents only, no negotiation)"
audit-v2-postfix-seed5,m12_negotiated_convergence_count,negotiation converged count,,,analytics.json,analytics.metrics.negotiation.negotiated_convergence_count,no,"UNMEASURABLE: section absent in analytics metrics (older schema: council/agents only, no negotiation)"
audit-v2-postfix-seed5,m13_minority_positions_maintained,minority votes maintained,,,analytics.json,analytics.metrics.negotiation.minority_positions_maintained,no,"UNMEASURABLE: section absent in analytics metrics (older schema: council/agents only, no negotiation)"
audit-v2-postfix-seed5,m14_competing_alternatives,competing alternatives,,,analytics.json,analytics.metrics.negotiation.competing_alternatives,no,"UNMEASURABLE: section absent in analytics metrics (older schema: council/agents only, no negotiation)"
audit-v2-postfix-seed5,m15_failed_votes,failed votes,,,analytics.json,analytics.metrics.negotiation.failed_votes,no,"UNMEASURABLE: section absent in analytics metrics (older schema: council/agents only, no negotiation)"
audit-v2-postfix-seed5,m16_withdrawn_motions,withdrawn motions,,,analytics.json,analytics.metrics.negotiation.withdrawn_motions,no,"UNMEASURABLE: section absent in analytics metrics (older schema: council/agents only, no negotiation)"
audit-v2-postfix-seed5,m17_motions_withdrawn_after_opposition,withdrawn after opposition,,,analytics.json,analytics.metrics.negotiation.motions_withdrawn_after_opposition,no,"UNMEASURABLE: section absent in analytics metrics (older schema: council/agents only, no negotiation)"
audit-v2-postfix-seed5,m18_deferred_motions,deferred motions,,,analytics.json,analytics.metrics.negotiation.deferred_motions,no,"UNMEASURABLE: section absent in analytics metrics (older schema: council/agents only, no negotiation)"
audit-v2-postfix-seed5,m19_conditional_rate,council conditional vote rate,0.0,,analytics.json,analytics.metrics.council.conditional_rate,yes,
audit-v2-postfix-seed5,m20_abstention_rate,council abstention rate,0.0,,analytics.json,analytics.metrics.council.abstention_rate,yes,
audit-v2-postfix-seed5,m21_promises_made,agents promises made,5,,analytics.json,analytics.metrics.agents.promises_made,yes,
audit-v2-postfix-seed5,m22_promises_kept,agents promises kept,0,5,analytics.json,analytics.metrics.agents.promises_kept,yes,
audit-v2-postfix-seed5,m23_promises_broken,agents promises broken,1,5,analytics.json,analytics.metrics.agents.promises_broken,yes,
audit-v2-postfix-seed5,m24_persuasion_events,agents persuasion events,0,,analytics.json,analytics.metrics.agents.persuasion_events,yes,
audit-v2-postfix-seed5,m25_leaks,agents leaks,0,,analytics.json,analytics.metrics.agents.leaks,yes,
final-A-seed1,m01_motions,council motions tabled,9,,analytics.json,analytics.metrics.council.motions,yes,
final-A-seed1,m02_substantive,council substantive motions,9,,analytics.json,analytics.metrics.council.substantive,yes,
final-A-seed1,m03_votes_cast,negotiation votes held (denominator),9,,analytics.json,analytics.metrics.negotiation.votes_cast,yes,
final-A-seed1,m04_unanimous_votes,negotiation unanimous votes,4,9,analytics.json,analytics.metrics.negotiation.unanimous_votes,yes,
final-A-seed1,m05_final_vote_unanimity,unanimous_votes / votes_cast,0.444,9,analytics.json,analytics.metrics.negotiation.final_vote_unanimity,yes,
final-A-seed1,m06_class_INITIAL_CONSENSUS,unanimity class as stored,,9,analytics.json,analytics.metrics.negotiation.unanimity_classes.INITIAL_CONSENSUS (as stored),no,"UNMEASURABLE: section absent in analytics metrics (older schema: council/agents only, no negotiation)"
final-A-seed1,m07_class_NEGOTIATED_CONVERGENCE,unanimity class as stored,,9,analytics.json,analytics.metrics.negotiation.unanimity_classes.NEGOTIATED_CONVERGENCE (as stored),no,"UNMEASURABLE: section absent in analytics metrics (older schema: council/agents only, no negotiation)"
final-A-seed1,m08_class_CONDITIONAL_COMPROMISE,unanimity class as stored,,9,analytics.json,analytics.metrics.negotiation.unanimity_classes.CONDITIONAL_COMPROMISE (as stored),no,"UNMEASURABLE: section absent in analytics metrics (older schema: council/agents only, no negotiation)"
final-A-seed1,m09_class_DUPLICATE_CONSOLIDATION,unanimity class as stored,,9,analytics.json,analytics.metrics.negotiation.unanimity_classes.DUPLICATE_CONSOLIDATION (as stored),no,"UNMEASURABLE: section absent in analytics metrics (older schema: council/agents only, no negotiation)"
final-A-seed1,m10_class_UNKNOWN,unanimity class as stored,4,9,analytics.json,analytics.metrics.negotiation.unanimity_classes.UNKNOWN (as stored),yes,
final-A-seed1,m11_position_changes,negotiation position changes,2,,analytics.json,analytics.metrics.negotiation.position_changes,yes,
final-A-seed1,m12_negotiated_convergence_count,negotiation converged count,0,,analytics.json,analytics.metrics.negotiation.negotiated_convergence_count,yes,
final-A-seed1,m13_minority_positions_maintained,minority votes maintained,6,,analytics.json,analytics.metrics.negotiation.minority_positions_maintained,yes,
final-A-seed1,m14_competing_alternatives,competing alternatives,0,,analytics.json,analytics.metrics.negotiation.competing_alternatives,yes,
final-A-seed1,m15_failed_votes,failed votes,1,9,analytics.json,analytics.metrics.negotiation.failed_votes,yes,
final-A-seed1,m16_withdrawn_motions,withdrawn motions,0,,analytics.json,analytics.metrics.negotiation.withdrawn_motions,yes,
final-A-seed1,m17_motions_withdrawn_after_opposition,withdrawn after opposition,0,,analytics.json,analytics.metrics.negotiation.motions_withdrawn_after_opposition,yes,
final-A-seed1,m18_deferred_motions,deferred motions,0,,analytics.json,analytics.metrics.negotiation.deferred_motions,yes,
final-A-seed1,m19_conditional_rate,council conditional vote rate,0.0,,analytics.json,analytics.metrics.council.conditional_rate,yes,
final-A-seed1,m20_abstention_rate,council abstention rate,0.0,,analytics.json,analytics.metrics.council.abstention_rate,yes,
final-A-seed1,m21_promises_made,agents promises made,5,,analytics.json,analytics.metrics.agents.promises_made,yes,
final-A-seed1,m22_promises_kept,agents promises kept,0,5,analytics.json,analytics.metrics.agents.promises_kept,yes,
final-A-seed1,m23_promises_broken,agents promises broken,1,5,analytics.json,analytics.metrics.agents.promises_broken,yes,
final-A-seed1,m24_persuasion_events,agents persuasion events,0,,analytics.json,analytics.metrics.agents.persuasion_events,yes,
final-A-seed1,m25_leaks,agents leaks,0,,analytics.json,analytics.metrics.agents.leaks,yes,
final-C-seed1,m01_motions,council motions tabled,8,,analytics.json,analytics.metrics.council.motions,yes,
final-C-seed1,m02_substantive,council substantive motions,8,,analytics.json,analytics.metrics.council.substantive,yes,
final-C-seed1,m03_votes_cast,negotiation votes held (denominator),8,,analytics.json,analytics.metrics.negotiation.votes_cast,yes,
final-C-seed1,m04_unanimous_votes,negotiation unanimous votes,3,8,analytics.json,analytics.metrics.negotiation.unanimous_votes,yes,
final-C-seed1,m05_final_vote_unanimity,unanimous_votes / votes_cast,0.375,8,analytics.json,analytics.metrics.negotiation.final_vote_unanimity,yes,
final-C-seed1,m06_class_INITIAL_CONSENSUS,unanimity class as stored,,8,analytics.json,analytics.metrics.negotiation.unanimity_classes.INITIAL_CONSENSUS (as stored),no,"UNMEASURABLE: section absent in analytics metrics (older schema: council/agents only, no negotiation)"
final-C-seed1,m07_class_NEGOTIATED_CONVERGENCE,unanimity class as stored,,8,analytics.json,analytics.metrics.negotiation.unanimity_classes.NEGOTIATED_CONVERGENCE (as stored),no,"UNMEASURABLE: section absent in analytics metrics (older schema: council/agents only, no negotiation)"
final-C-seed1,m08_class_CONDITIONAL_COMPROMISE,unanimity class as stored,,8,analytics.json,analytics.metrics.negotiation.unanimity_classes.CONDITIONAL_COMPROMISE (as stored),no,"UNMEASURABLE: section absent in analytics metrics (older schema: council/agents only, no negotiation)"
final-C-seed1,m09_class_DUPLICATE_CONSOLIDATION,unanimity class as stored,,8,analytics.json,analytics.metrics.negotiation.unanimity_classes.DUPLICATE_CONSOLIDATION (as stored),no,"UNMEASURABLE: section absent in analytics metrics (older schema: council/agents only, no negotiation)"
final-C-seed1,m10_class_UNKNOWN,unanimity class as stored,3,8,analytics.json,analytics.metrics.negotiation.unanimity_classes.UNKNOWN (as stored),yes,
final-C-seed1,m11_position_changes,negotiation position changes,2,,analytics.json,analytics.metrics.negotiation.position_changes,yes,
final-C-seed1,m12_negotiated_convergence_count,negotiation converged count,0,,analytics.json,analytics.metrics.negotiation.negotiated_convergence_count,yes,
final-C-seed1,m13_minority_positions_maintained,minority votes maintained,6,,analytics.json,analytics.metrics.negotiation.minority_positions_maintained,yes,
final-C-seed1,m14_competing_alternatives,competing alternatives,0,,analytics.json,analytics.metrics.negotiation.competing_alternatives,yes,
final-C-seed1,m15_failed_votes,failed votes,1,8,analytics.json,analytics.metrics.negotiation.failed_votes,yes,
final-C-seed1,m16_withdrawn_motions,withdrawn motions,0,,analytics.json,analytics.metrics.negotiation.withdrawn_motions,yes,
final-C-seed1,m17_motions_withdrawn_after_opposition,withdrawn after opposition,0,,analytics.json,analytics.metrics.negotiation.motions_withdrawn_after_opposition,yes,
final-C-seed1,m18_deferred_motions,deferred motions,0,,analytics.json,analytics.metrics.negotiation.deferred_motions,yes,
final-C-seed1,m19_conditional_rate,council conditional vote rate,0.0,,analytics.json,analytics.metrics.council.conditional_rate,yes,
final-C-seed1,m20_abstention_rate,council abstention rate,0.0,,analytics.json,analytics.metrics.council.abstention_rate,yes,
final-C-seed1,m21_promises_made,agents promises made,5,,analytics.json,analytics.metrics.agents.promises_made,yes,
final-C-seed1,m22_promises_kept,agents promises kept,0,5,analytics.json,analytics.metrics.agents.promises_kept,yes,
final-C-seed1,m23_promises_broken,agents promises broken,1,5,analytics.json,analytics.metrics.agents.promises_broken,yes,
final-C-seed1,m24_persuasion_events,agents persuasion events,0,,analytics.json,analytics.metrics.agents.persuasion_events,yes,
final-C-seed1,m25_leaks,agents leaks,0,,analytics.json,analytics.metrics.agents.leaks,yes,
final-E-seed1,m01_motions,council motions tabled,1,,analytics.json,analytics.metrics.council.motions,yes,
final-E-seed1,m02_substantive,council substantive motions,1,,analytics.json,analytics.metrics.council.substantive,yes,
final-E-seed1,m03_votes_cast,negotiation votes held (denominator),1,,analytics.json,analytics.metrics.negotiation.votes_cast,yes,
final-E-seed1,m04_unanimous_votes,negotiation unanimous votes,1,1,analytics.json,analytics.metrics.negotiation.unanimous_votes,yes,
final-E-seed1,m05_final_vote_unanimity,unanimous_votes / votes_cast,1.0,1,analytics.json,analytics.metrics.negotiation.final_vote_unanimity,yes,
final-E-seed1,m06_class_INITIAL_CONSENSUS,unanimity class as stored,,1,analytics.json,analytics.metrics.negotiation.unanimity_classes.INITIAL_CONSENSUS (as stored),no,"UNMEASURABLE: section absent in analytics metrics (older schema: council/agents only, no negotiation)"
final-E-seed1,m07_class_NEGOTIATED_CONVERGENCE,unanimity class as stored,,1,analytics.json,analytics.metrics.negotiation.unanimity_classes.NEGOTIATED_CONVERGENCE (as stored),no,"UNMEASURABLE: section absent in analytics metrics (older schema: council/agents only, no negotiation)"
final-E-seed1,m08_class_CONDITIONAL_COMPROMISE,unanimity class as stored,,1,analytics.json,analytics.metrics.negotiation.unanimity_classes.CONDITIONAL_COMPROMISE (as stored),no,"UNMEASURABLE: section absent in analytics metrics (older schema: council/agents only, no negotiation)"
final-E-seed1,m09_class_DUPLICATE_CONSOLIDATION,unanimity class as stored,,1,analytics.json,analytics.metrics.negotiation.unanimity_classes.DUPLICATE_CONSOLIDATION (as stored),no,"UNMEASURABLE: section absent in analytics metrics (older schema: council/agents only, no negotiation)"
final-E-seed1,m10_class_UNKNOWN,unanimity class as stored,1,1,analytics.json,analytics.metrics.negotiation.unanimity_classes.UNKNOWN (as stored),yes,
final-E-seed1,m11_position_changes,negotiation position changes,0,,analytics.json,analytics.metrics.negotiation.position_changes,yes,
final-E-seed1,m12_negotiated_convergence_count,negotiation converged count,0,,analytics.json,analytics.metrics.negotiation.negotiated_convergence_count,yes,
final-E-seed1,m13_minority_positions_maintained,minority votes maintained,0,,analytics.json,analytics.metrics.negotiation.minority_positions_maintained,yes,
final-E-seed1,m14_competing_alternatives,competing alternatives,0,,analytics.json,analytics.metrics.negotiation.competing_alternatives,yes,
final-E-seed1,m15_failed_votes,failed votes,0,1,analytics.json,analytics.metrics.negotiation.failed_votes,yes,
final-E-seed1,m16_withdrawn_motions,withdrawn motions,0,,analytics.json,analytics.metrics.negotiation.withdrawn_motions,yes,
final-E-seed1,m17_motions_withdrawn_after_opposition,withdrawn after opposition,0,,analytics.json,analytics.metrics.negotiation.motions_withdrawn_after_opposition,yes,
final-E-seed1,m18_deferred_motions,deferred motions,0,,analytics.json,analytics.metrics.negotiation.deferred_motions,yes,
final-E-seed1,m19_conditional_rate,council conditional vote rate,0.0,,analytics.json,analytics.metrics.council.conditional_rate,yes,
final-E-seed1,m20_abstention_rate,council abstention rate,0.0,,analytics.json,analytics.metrics.council.abstention_rate,yes,
final-E-seed1,m21_promises_made,agents promises made,8,,analytics.json,analytics.metrics.agents.promises_made,yes,
final-E-seed1,m22_promises_kept,agents promises kept,0,8,analytics.json,analytics.metrics.agents.promises_kept,yes,
final-E-seed1,m23_promises_broken,agents promises broken,1,8,analytics.json,analytics.metrics.agents.promises_broken,yes,
final-E-seed1,m24_persuasion_events,agents persuasion events,0,,analytics.json,analytics.metrics.agents.persuasion_events,yes,
final-E-seed1,m25_leaks,agents leaks,0,,analytics.json,analytics.metrics.agents.leaks,yes,
final-gov-seed1,m01_motions,council motions tabled,15,,analytics.json,analytics.metrics.council.motions,yes,
final-gov-seed1,m02_substantive,council substantive motions,14,,analytics.json,analytics.metrics.council.substantive,yes,
final-gov-seed1,m03_votes_cast,negotiation votes held (denominator),14,,analytics.json,analytics.metrics.negotiation.votes_cast,yes,
final-gov-seed1,m04_unanimous_votes,negotiation unanimous votes,5,14,analytics.json,analytics.metrics.negotiation.unanimous_votes,yes,
final-gov-seed1,m05_final_vote_unanimity,unanimous_votes / votes_cast,0.357,14,analytics.json,analytics.metrics.negotiation.final_vote_unanimity,yes,
final-gov-seed1,m06_class_INITIAL_CONSENSUS,unanimity class as stored,,14,analytics.json,analytics.metrics.negotiation.unanimity_classes.INITIAL_CONSENSUS (as stored),no,"UNMEASURABLE: section absent in analytics metrics (older schema: council/agents only, no negotiation)"
final-gov-seed1,m07_class_NEGOTIATED_CONVERGENCE,unanimity class as stored,,14,analytics.json,analytics.metrics.negotiation.unanimity_classes.NEGOTIATED_CONVERGENCE (as stored),no,"UNMEASURABLE: section absent in analytics metrics (older schema: council/agents only, no negotiation)"
final-gov-seed1,m08_class_CONDITIONAL_COMPROMISE,unanimity class as stored,,14,analytics.json,analytics.metrics.negotiation.unanimity_classes.CONDITIONAL_COMPROMISE (as stored),no,"UNMEASURABLE: section absent in analytics metrics (older schema: council/agents only, no negotiation)"
final-gov-seed1,m09_class_DUPLICATE_CONSOLIDATION,unanimity class as stored,,14,analytics.json,analytics.metrics.negotiation.unanimity_classes.DUPLICATE_CONSOLIDATION (as stored),no,"UNMEASURABLE: section absent in analytics metrics (older schema: council/agents only, no negotiation)"
final-gov-seed1,m10_class_UNKNOWN,unanimity class as stored,5,14,analytics.json,analytics.metrics.negotiation.unanimity_classes.UNKNOWN (as stored),yes,
final-gov-seed1,m11_position_changes,negotiation position changes,5,,analytics.json,analytics.metrics.negotiation.position_changes,yes,
final-gov-seed1,m12_negotiated_convergence_count,negotiation converged count,0,,analytics.json,analytics.metrics.negotiation.negotiated_convergence_count,yes,
final-gov-seed1,m13_minority_positions_maintained,minority votes maintained,10,,analytics.json,analytics.metrics.negotiation.minority_positions_maintained,yes,
final-gov-seed1,m14_competing_alternatives,competing alternatives,2,,analytics.json,analytics.metrics.negotiation.competing_alternatives,yes,
final-gov-seed1,m15_failed_votes,failed votes,2,14,analytics.json,analytics.metrics.negotiation.failed_votes,yes,
final-gov-seed1,m16_withdrawn_motions,withdrawn motions,0,,analytics.json,analytics.metrics.negotiation.withdrawn_motions,yes,
final-gov-seed1,m17_motions_withdrawn_after_opposition,withdrawn after opposition,0,,analytics.json,analytics.metrics.negotiation.motions_withdrawn_after_opposition,yes,
final-gov-seed1,m18_deferred_motions,deferred motions,0,,analytics.json,analytics.metrics.negotiation.deferred_motions,yes,
final-gov-seed1,m19_conditional_rate,council conditional vote rate,0.0,,analytics.json,analytics.metrics.council.conditional_rate,yes,
final-gov-seed1,m20_abstention_rate,council abstention rate,0.015,,analytics.json,analytics.metrics.council.abstention_rate,yes,
final-gov-seed1,m21_promises_made,agents promises made,9,,analytics.json,analytics.metrics.agents.promises_made,yes,
final-gov-seed1,m22_promises_kept,agents promises kept,0,9,analytics.json,analytics.metrics.agents.promises_kept,yes,
final-gov-seed1,m23_promises_broken,agents promises broken,1,9,analytics.json,analytics.metrics.agents.promises_broken,yes,
final-gov-seed1,m24_persuasion_events,agents persuasion events,0,,analytics.json,analytics.metrics.agents.persuasion_events,yes,
final-gov-seed1,m25_leaks,agents leaks,0,,analytics.json,analytics.metrics.agents.leaks,yes,
final-gov-seed2,m01_motions,council motions tabled,15,,analytics.json,analytics.metrics.council.motions,yes,
final-gov-seed2,m02_substantive,council substantive motions,14,,analytics.json,analytics.metrics.council.substantive,yes,
final-gov-seed2,m03_votes_cast,negotiation votes held (denominator),14,,analytics.json,analytics.metrics.negotiation.votes_cast,yes,
final-gov-seed2,m04_unanimous_votes,negotiation unanimous votes,4,14,analytics.json,analytics.metrics.negotiation.unanimous_votes,yes,
final-gov-seed2,m05_final_vote_unanimity,unanimous_votes / votes_cast,0.286,14,analytics.json,analytics.metrics.negotiation.final_vote_unanimity,yes,
final-gov-seed2,m06_class_INITIAL_CONSENSUS,unanimity class as stored,,14,analytics.json,analytics.metrics.negotiation.unanimity_classes.INITIAL_CONSENSUS (as stored),no,"UNMEASURABLE: section absent in analytics metrics (older schema: council/agents only, no negotiation)"
final-gov-seed2,m07_class_NEGOTIATED_CONVERGENCE,unanimity class as stored,,14,analytics.json,analytics.metrics.negotiation.unanimity_classes.NEGOTIATED_CONVERGENCE (as stored),no,"UNMEASURABLE: section absent in analytics metrics (older schema: council/agents only, no negotiation)"
final-gov-seed2,m08_class_CONDITIONAL_COMPROMISE,unanimity class as stored,,14,analytics.json,analytics.metrics.negotiation.unanimity_classes.CONDITIONAL_COMPROMISE (as stored),no,"UNMEASURABLE: section absent in analytics metrics (older schema: council/agents only, no negotiation)"
final-gov-seed2,m09_class_DUPLICATE_CONSOLIDATION,unanimity class as stored,,14,analytics.json,analytics.metrics.negotiation.unanimity_classes.DUPLICATE_CONSOLIDATION (as stored),no,"UNMEASURABLE: section absent in analytics metrics (older schema: council/agents only, no negotiation)"
final-gov-seed2,m10_class_UNKNOWN,unanimity class as stored,4,14,analytics.json,analytics.metrics.negotiation.unanimity_classes.UNKNOWN (as stored),yes,
final-gov-seed2,m11_position_changes,negotiation position changes,5,,analytics.json,analytics.metrics.negotiation.position_changes,yes,
final-gov-seed2,m12_negotiated_convergence_count,negotiation converged count,0,,analytics.json,analytics.metrics.negotiation.negotiated_convergence_count,yes,
final-gov-seed2,m13_minority_positions_maintained,minority votes maintained,11,,analytics.json,analytics.metrics.negotiation.minority_positions_maintained,yes,
final-gov-seed2,m14_competing_alternatives,competing alternatives,2,,analytics.json,analytics.metrics.negotiation.competing_alternatives,yes,
final-gov-seed2,m15_failed_votes,failed votes,2,14,analytics.json,analytics.metrics.negotiation.failed_votes,yes,
final-gov-seed2,m16_withdrawn_motions,withdrawn motions,0,,analytics.json,analytics.metrics.negotiation.withdrawn_motions,yes,
final-gov-seed2,m17_motions_withdrawn_after_opposition,withdrawn after opposition,0,,analytics.json,analytics.metrics.negotiation.motions_withdrawn_after_opposition,yes,
final-gov-seed2,m18_deferred_motions,deferred motions,0,,analytics.json,analytics.metrics.negotiation.deferred_motions,yes,
final-gov-seed2,m19_conditional_rate,council conditional vote rate,0.0,,analytics.json,analytics.metrics.council.conditional_rate,yes,
final-gov-seed2,m20_abstention_rate,council abstention rate,0.015,,analytics.json,analytics.metrics.council.abstention_rate,yes,
final-gov-seed2,m21_promises_made,agents promises made,9,,analytics.json,analytics.metrics.agents.promises_made,yes,
final-gov-seed2,m22_promises_kept,agents promises kept,0,9,analytics.json,analytics.metrics.agents.promises_kept,yes,
final-gov-seed2,m23_promises_broken,agents promises broken,0,9,analytics.json,analytics.metrics.agents.promises_broken,yes,
final-gov-seed2,m24_persuasion_events,agents persuasion events,0,,analytics.json,analytics.metrics.agents.persuasion_events,yes,
final-gov-seed2,m25_leaks,agents leaks,0,,analytics.json,analytics.metrics.agents.leaks,yes,
map-demo,m01_motions,council motions tabled,,,analytics.json,analytics.metrics.council.motions,no,UNMEASURABLE: no analytics.json in run dir
map-demo,m02_substantive,council substantive motions,,,analytics.json,analytics.metrics.council.substantive,no,UNMEASURABLE: no analytics.json in run dir
map-demo,m03_votes_cast,negotiation votes held (denominator),,,analytics.json,analytics.metrics.negotiation.votes_cast,no,UNMEASURABLE: no analytics.json in run dir
map-demo,m04_unanimous_votes,negotiation unanimous votes,,,analytics.json,analytics.metrics.negotiation.unanimous_votes,no,UNMEASURABLE: no analytics.json in run dir
map-demo,m05_final_vote_unanimity,unanimous_votes / votes_cast,,,analytics.json,analytics.metrics.negotiation.final_vote_unanimity,no,UNMEASURABLE: no analytics.json in run dir
map-demo,m06_class_INITIAL_CONSENSUS,unanimity class as stored,,,analytics.json,analytics.metrics.negotiation.unanimity_classes.INITIAL_CONSENSUS (as stored),no,UNMEASURABLE: no analytics.json in run dir
map-demo,m07_class_NEGOTIATED_CONVERGENCE,unanimity class as stored,,,analytics.json,analytics.metrics.negotiation.unanimity_classes.NEGOTIATED_CONVERGENCE (as stored),no,UNMEASURABLE: no analytics.json in run dir
map-demo,m08_class_CONDITIONAL_COMPROMISE,unanimity class as stored,,,analytics.json,analytics.metrics.negotiation.unanimity_classes.CONDITIONAL_COMPROMISE (as stored),no,UNMEASURABLE: no analytics.json in run dir
map-demo,m09_class_DUPLICATE_CONSOLIDATION,unanimity class as stored,,,analytics.json,analytics.metrics.negotiation.unanimity_classes.DUPLICATE_CONSOLIDATION (as stored),no,UNMEASURABLE: no analytics.json in run dir
map-demo,m10_class_UNKNOWN,unanimity class as stored,,,analytics.json,analytics.metrics.negotiation.unanimity_classes.UNKNOWN (as stored),no,UNMEASURABLE: no analytics.json in run dir
map-demo,m11_position_changes,negotiation position changes,,,analytics.json,analytics.metrics.negotiation.position_changes,no,UNMEASURABLE: no analytics.json in run dir
map-demo,m12_negotiated_convergence_count,negotiation converged count,,,analytics.json,analytics.metrics.negotiation.negotiated_convergence_count,no,UNMEASURABLE: no analytics.json in run dir
map-demo,m13_minority_positions_maintained,minority votes maintained,,,analytics.json,analytics.metrics.negotiation.minority_positions_maintained,no,UNMEASURABLE: no analytics.json in run dir
map-demo,m14_competing_alternatives,competing alternatives,,,analytics.json,analytics.metrics.negotiation.competing_alternatives,no,UNMEASURABLE: no analytics.json in run dir
map-demo,m15_failed_votes,failed votes,,,analytics.json,analytics.metrics.negotiation.failed_votes,no,UNMEASURABLE: no analytics.json in run dir
map-demo,m16_withdrawn_motions,withdrawn motions,,,analytics.json,analytics.metrics.negotiation.withdrawn_motions,no,UNMEASURABLE: no analytics.json in run dir
map-demo,m17_motions_withdrawn_after_opposition,withdrawn after opposition,,,analytics.json,analytics.metrics.negotiation.motions_withdrawn_after_opposition,no,UNMEASURABLE: no analytics.json in run dir
map-demo,m18_deferred_motions,deferred motions,,,analytics.json,analytics.metrics.negotiation.deferred_motions,no,UNMEASURABLE: no analytics.json in run dir
map-demo,m19_conditional_rate,council conditional vote rate,,,analytics.json,analytics.metrics.council.conditional_rate,no,UNMEASURABLE: no analytics.json in run dir
map-demo,m20_abstention_rate,council abstention rate,,,analytics.json,analytics.metrics.council.abstention_rate,no,UNMEASURABLE: no analytics.json in run dir
map-demo,m21_promises_made,agents promises made,,,analytics.json,analytics.metrics.agents.promises_made,no,UNMEASURABLE: no analytics.json in run dir
map-demo,m22_promises_kept,agents promises kept,,,analytics.json,analytics.metrics.agents.promises_kept,no,UNMEASURABLE: no analytics.json in run dir
map-demo,m23_promises_broken,agents promises broken,,,analytics.json,analytics.metrics.agents.promises_broken,no,UNMEASURABLE: no analytics.json in run dir
map-demo,m24_persuasion_events,agents persuasion events,,,analytics.json,analytics.metrics.agents.persuasion_events,no,UNMEASURABLE: no analytics.json in run dir
map-demo,m25_leaks,agents leaks,,,analytics.json,analytics.metrics.agents.leaks,no,UNMEASURABLE: no analytics.json in run dir
overnight-smoke-seed1,m01_motions,council motions tabled,5,,analytics.json,analytics.metrics.council.motions,yes,
overnight-smoke-seed1,m02_substantive,council substantive motions,5,,analytics.json,analytics.metrics.council.substantive,yes,
overnight-smoke-seed1,m03_votes_cast,negotiation votes held (denominator),5,,analytics.json,analytics.metrics.negotiation.votes_cast,yes,
overnight-smoke-seed1,m04_unanimous_votes,negotiation unanimous votes,2,5,analytics.json,analytics.metrics.negotiation.unanimous_votes,yes,
overnight-smoke-seed1,m05_final_vote_unanimity,unanimous_votes / votes_cast,0.4,5,analytics.json,analytics.metrics.negotiation.final_vote_unanimity,yes,
overnight-smoke-seed1,m06_class_INITIAL_CONSENSUS,unanimity class as stored,,5,analytics.json,analytics.metrics.negotiation.unanimity_classes.INITIAL_CONSENSUS (as stored),no,"UNMEASURABLE: section absent in analytics metrics (older schema: council/agents only, no negotiation)"
overnight-smoke-seed1,m07_class_NEGOTIATED_CONVERGENCE,unanimity class as stored,,5,analytics.json,analytics.metrics.negotiation.unanimity_classes.NEGOTIATED_CONVERGENCE (as stored),no,"UNMEASURABLE: section absent in analytics metrics (older schema: council/agents only, no negotiation)"
overnight-smoke-seed1,m08_class_CONDITIONAL_COMPROMISE,unanimity class as stored,,5,analytics.json,analytics.metrics.negotiation.unanimity_classes.CONDITIONAL_COMPROMISE (as stored),no,"UNMEASURABLE: section absent in analytics metrics (older schema: council/agents only, no negotiation)"
overnight-smoke-seed1,m09_class_DUPLICATE_CONSOLIDATION,unanimity class as stored,,5,analytics.json,analytics.metrics.negotiation.unanimity_classes.DUPLICATE_CONSOLIDATION (as stored),no,"UNMEASURABLE: section absent in analytics metrics (older schema: council/agents only, no negotiation)"
overnight-smoke-seed1,m10_class_UNKNOWN,unanimity class as stored,2,5,analytics.json,analytics.metrics.negotiation.unanimity_classes.UNKNOWN (as stored),yes,
overnight-smoke-seed1,m11_position_changes,negotiation position changes,1,,analytics.json,analytics.metrics.negotiation.position_changes,yes,
overnight-smoke-seed1,m12_negotiated_convergence_count,negotiation converged count,0,,analytics.json,analytics.metrics.negotiation.negotiated_convergence_count,yes,
overnight-smoke-seed1,m13_minority_positions_maintained,minority votes maintained,4,,analytics.json,analytics.metrics.negotiation.minority_positions_maintained,yes,
overnight-smoke-seed1,m14_competing_alternatives,competing alternatives,0,,analytics.json,analytics.metrics.negotiation.competing_alternatives,yes,
overnight-smoke-seed1,m15_failed_votes,failed votes,1,5,analytics.json,analytics.metrics.negotiation.failed_votes,yes,
overnight-smoke-seed1,m16_withdrawn_motions,withdrawn motions,0,,analytics.json,analytics.metrics.negotiation.withdrawn_motions,yes,
overnight-smoke-seed1,m17_motions_withdrawn_after_opposition,withdrawn after opposition,0,,analytics.json,analytics.metrics.negotiation.motions_withdrawn_after_opposition,yes,
overnight-smoke-seed1,m18_deferred_motions,deferred motions,0,,analytics.json,analytics.metrics.negotiation.deferred_motions,yes,
overnight-smoke-seed1,m19_conditional_rate,council conditional vote rate,0.0,,analytics.json,analytics.metrics.council.conditional_rate,yes,
overnight-smoke-seed1,m20_abstention_rate,council abstention rate,0.0,,analytics.json,analytics.metrics.council.abstention_rate,yes,
overnight-smoke-seed1,m21_promises_made,agents promises made,4,,analytics.json,analytics.metrics.agents.promises_made,yes,
overnight-smoke-seed1,m22_promises_kept,agents promises kept,0,4,analytics.json,analytics.metrics.agents.promises_kept,yes,
overnight-smoke-seed1,m23_promises_broken,agents promises broken,1,4,analytics.json,analytics.metrics.agents.promises_broken,yes,
overnight-smoke-seed1,m24_persuasion_events,agents persuasion events,0,,analytics.json,analytics.metrics.agents.persuasion_events,yes,
overnight-smoke-seed1,m25_leaks,agents leaks,0,,analytics.json,analytics.metrics.agents.leaks,yes,
overnight-smoke-seed2,m01_motions,council motions tabled,5,,analytics.json,analytics.metrics.council.motions,yes,
overnight-smoke-seed2,m02_substantive,council substantive motions,5,,analytics.json,analytics.metrics.council.substantive,yes,
overnight-smoke-seed2,m03_votes_cast,negotiation votes held (denominator),5,,analytics.json,analytics.metrics.negotiation.votes_cast,yes,
overnight-smoke-seed2,m04_unanimous_votes,negotiation unanimous votes,1,5,analytics.json,analytics.metrics.negotiation.unanimous_votes,yes,
overnight-smoke-seed2,m05_final_vote_unanimity,unanimous_votes / votes_cast,0.2,5,analytics.json,analytics.metrics.negotiation.final_vote_unanimity,yes,
overnight-smoke-seed2,m06_class_INITIAL_CONSENSUS,unanimity class as stored,,5,analytics.json,analytics.metrics.negotiation.unanimity_classes.INITIAL_CONSENSUS (as stored),no,"UNMEASURABLE: section absent in analytics metrics (older schema: council/agents only, no negotiation)"
overnight-smoke-seed2,m07_class_NEGOTIATED_CONVERGENCE,unanimity class as stored,,5,analytics.json,analytics.metrics.negotiation.unanimity_classes.NEGOTIATED_CONVERGENCE (as stored),no,"UNMEASURABLE: section absent in analytics metrics (older schema: council/agents only, no negotiation)"
overnight-smoke-seed2,m08_class_CONDITIONAL_COMPROMISE,unanimity class as stored,,5,analytics.json,analytics.metrics.negotiation.unanimity_classes.CONDITIONAL_COMPROMISE (as stored),no,"UNMEASURABLE: section absent in analytics metrics (older schema: council/agents only, no negotiation)"
overnight-smoke-seed2,m09_class_DUPLICATE_CONSOLIDATION,unanimity class as stored,,5,analytics.json,analytics.metrics.negotiation.unanimity_classes.DUPLICATE_CONSOLIDATION (as stored),no,"UNMEASURABLE: section absent in analytics metrics (older schema: council/agents only, no negotiation)"
overnight-smoke-seed2,m10_class_UNKNOWN,unanimity class as stored,1,5,analytics.json,analytics.metrics.negotiation.unanimity_classes.UNKNOWN (as stored),yes,
overnight-smoke-seed2,m11_position_changes,negotiation position changes,1,,analytics.json,analytics.metrics.negotiation.position_changes,yes,
overnight-smoke-seed2,m12_negotiated_convergence_count,negotiation converged count,0,,analytics.json,analytics.metrics.negotiation.negotiated_convergence_count,yes,
overnight-smoke-seed2,m13_minority_positions_maintained,minority votes maintained,5,,analytics.json,analytics.metrics.negotiation.minority_positions_maintained,yes,
overnight-smoke-seed2,m14_competing_alternatives,competing alternatives,0,,analytics.json,analytics.metrics.negotiation.competing_alternatives,yes,
overnight-smoke-seed2,m15_failed_votes,failed votes,1,5,analytics.json,analytics.metrics.negotiation.failed_votes,yes,
overnight-smoke-seed2,m16_withdrawn_motions,withdrawn motions,0,,analytics.json,analytics.metrics.negotiation.withdrawn_motions,yes,
overnight-smoke-seed2,m17_motions_withdrawn_after_opposition,withdrawn after opposition,0,,analytics.json,analytics.metrics.negotiation.motions_withdrawn_after_opposition,yes,
overnight-smoke-seed2,m18_deferred_motions,deferred motions,0,,analytics.json,analytics.metrics.negotiation.deferred_motions,yes,
overnight-smoke-seed2,m19_conditional_rate,council conditional vote rate,0.0,,analytics.json,analytics.metrics.council.conditional_rate,yes,
overnight-smoke-seed2,m20_abstention_rate,council abstention rate,0.0,,analytics.json,analytics.metrics.council.abstention_rate,yes,
overnight-smoke-seed2,m21_promises_made,agents promises made,4,,analytics.json,analytics.metrics.agents.promises_made,yes,
overnight-smoke-seed2,m22_promises_kept,agents promises kept,0,4,analytics.json,analytics.metrics.agents.promises_kept,yes,
overnight-smoke-seed2,m23_promises_broken,agents promises broken,0,4,analytics.json,analytics.metrics.agents.promises_broken,yes,
overnight-smoke-seed2,m24_persuasion_events,agents persuasion events,0,,analytics.json,analytics.metrics.agents.persuasion_events,yes,
overnight-smoke-seed2,m25_leaks,agents leaks,0,,analytics.json,analytics.metrics.agents.leaks,yes,
overnight-stress-A-seed1,m01_motions,council motions tabled,8,,analytics.json,analytics.metrics.council.motions,yes,
overnight-stress-A-seed1,m02_substantive,council substantive motions,8,,analytics.json,analytics.metrics.council.substantive,yes,
overnight-stress-A-seed1,m03_votes_cast,negotiation votes held (denominator),8,,analytics.json,analytics.metrics.negotiation.votes_cast,yes,
overnight-stress-A-seed1,m04_unanimous_votes,negotiation unanimous votes,4,8,analytics.json,analytics.metrics.negotiation.unanimous_votes,yes,
overnight-stress-A-seed1,m05_final_vote_unanimity,unanimous_votes / votes_cast,0.5,8,analytics.json,analytics.metrics.negotiation.final_vote_unanimity,yes,
overnight-stress-A-seed1,m06_class_INITIAL_CONSENSUS,unanimity class as stored,,8,analytics.json,analytics.metrics.negotiation.unanimity_classes.INITIAL_CONSENSUS (as stored),no,"UNMEASURABLE: section absent in analytics metrics (older schema: council/agents only, no negotiation)"
overnight-stress-A-seed1,m07_class_NEGOTIATED_CONVERGENCE,unanimity class as stored,,8,analytics.json,analytics.metrics.negotiation.unanimity_classes.NEGOTIATED_CONVERGENCE (as stored),no,"UNMEASURABLE: section absent in analytics metrics (older schema: council/agents only, no negotiation)"
overnight-stress-A-seed1,m08_class_CONDITIONAL_COMPROMISE,unanimity class as stored,,8,analytics.json,analytics.metrics.negotiation.unanimity_classes.CONDITIONAL_COMPROMISE (as stored),no,"UNMEASURABLE: section absent in analytics metrics (older schema: council/agents only, no negotiation)"
overnight-stress-A-seed1,m09_class_DUPLICATE_CONSOLIDATION,unanimity class as stored,,8,analytics.json,analytics.metrics.negotiation.unanimity_classes.DUPLICATE_CONSOLIDATION (as stored),no,"UNMEASURABLE: section absent in analytics metrics (older schema: council/agents only, no negotiation)"
overnight-stress-A-seed1,m10_class_UNKNOWN,unanimity class as stored,4,8,analytics.json,analytics.metrics.negotiation.unanimity_classes.UNKNOWN (as stored),yes,
overnight-stress-A-seed1,m11_position_changes,negotiation position changes,1,,analytics.json,analytics.metrics.negotiation.position_changes,yes,
overnight-stress-A-seed1,m12_negotiated_convergence_count,negotiation converged count,0,,analytics.json,analytics.metrics.negotiation.negotiated_convergence_count,yes,
overnight-stress-A-seed1,m13_minority_positions_maintained,minority votes maintained,5,,analytics.json,analytics.metrics.negotiation.minority_positions_maintained,yes,
overnight-stress-A-seed1,m14_competing_alternatives,competing alternatives,0,,analytics.json,analytics.metrics.negotiation.competing_alternatives,yes,
overnight-stress-A-seed1,m15_failed_votes,failed votes,1,8,analytics.json,analytics.metrics.negotiation.failed_votes,yes,
overnight-stress-A-seed1,m16_withdrawn_motions,withdrawn motions,0,,analytics.json,analytics.metrics.negotiation.withdrawn_motions,yes,
overnight-stress-A-seed1,m17_motions_withdrawn_after_opposition,withdrawn after opposition,0,,analytics.json,analytics.metrics.negotiation.motions_withdrawn_after_opposition,yes,
overnight-stress-A-seed1,m18_deferred_motions,deferred motions,0,,analytics.json,analytics.metrics.negotiation.deferred_motions,yes,
overnight-stress-A-seed1,m19_conditional_rate,council conditional vote rate,0.0,,analytics.json,analytics.metrics.council.conditional_rate,yes,
overnight-stress-A-seed1,m20_abstention_rate,council abstention rate,0.0,,analytics.json,analytics.metrics.council.abstention_rate,yes,
overnight-stress-A-seed1,m21_promises_made,agents promises made,4,,analytics.json,analytics.metrics.agents.promises_made,yes,
overnight-stress-A-seed1,m22_promises_kept,agents promises kept,0,4,analytics.json,analytics.metrics.agents.promises_kept,yes,
overnight-stress-A-seed1,m23_promises_broken,agents promises broken,1,4,analytics.json,analytics.metrics.agents.promises_broken,yes,
overnight-stress-A-seed1,m24_persuasion_events,agents persuasion events,0,,analytics.json,analytics.metrics.agents.persuasion_events,yes,
overnight-stress-A-seed1,m25_leaks,agents leaks,0,,analytics.json,analytics.metrics.agents.leaks,yes,
overnight-stress-B-seed1,m01_motions,council motions tabled,5,,analytics.json,analytics.metrics.council.motions,yes,
overnight-stress-B-seed1,m02_substantive,council substantive motions,4,,analytics.json,analytics.metrics.council.substantive,yes,
overnight-stress-B-seed1,m03_votes_cast,negotiation votes held (denominator),4,,analytics.json,analytics.metrics.negotiation.votes_cast,yes,
overnight-stress-B-seed1,m04_unanimous_votes,negotiation unanimous votes,2,4,analytics.json,analytics.metrics.negotiation.unanimous_votes,yes,
overnight-stress-B-seed1,m05_final_vote_unanimity,unanimous_votes / votes_cast,0.5,4,analytics.json,analytics.metrics.negotiation.final_vote_unanimity,yes,
overnight-stress-B-seed1,m06_class_INITIAL_CONSENSUS,unanimity class as stored,,4,analytics.json,analytics.metrics.negotiation.unanimity_classes.INITIAL_CONSENSUS (as stored),no,"UNMEASURABLE: section absent in analytics metrics (older schema: council/agents only, no negotiation)"
overnight-stress-B-seed1,m07_class_NEGOTIATED_CONVERGENCE,unanimity class as stored,,4,analytics.json,analytics.metrics.negotiation.unanimity_classes.NEGOTIATED_CONVERGENCE (as stored),no,"UNMEASURABLE: section absent in analytics metrics (older schema: council/agents only, no negotiation)"
overnight-stress-B-seed1,m08_class_CONDITIONAL_COMPROMISE,unanimity class as stored,,4,analytics.json,analytics.metrics.negotiation.unanimity_classes.CONDITIONAL_COMPROMISE (as stored),no,"UNMEASURABLE: section absent in analytics metrics (older schema: council/agents only, no negotiation)"
overnight-stress-B-seed1,m09_class_DUPLICATE_CONSOLIDATION,unanimity class as stored,,4,analytics.json,analytics.metrics.negotiation.unanimity_classes.DUPLICATE_CONSOLIDATION (as stored),no,"UNMEASURABLE: section absent in analytics metrics (older schema: council/agents only, no negotiation)"
overnight-stress-B-seed1,m10_class_UNKNOWN,unanimity class as stored,2,4,analytics.json,analytics.metrics.negotiation.unanimity_classes.UNKNOWN (as stored),yes,
overnight-stress-B-seed1,m11_position_changes,negotiation position changes,1,,analytics.json,analytics.metrics.negotiation.position_changes,yes,
overnight-stress-B-seed1,m12_negotiated_convergence_count,negotiation converged count,0,,analytics.json,analytics.metrics.negotiation.negotiated_convergence_count,yes,
overnight-stress-B-seed1,m13_minority_positions_maintained,minority votes maintained,3,,analytics.json,analytics.metrics.negotiation.minority_positions_maintained,yes,
overnight-stress-B-seed1,m14_competing_alternatives,competing alternatives,0,,analytics.json,analytics.metrics.negotiation.competing_alternatives,yes,
overnight-stress-B-seed1,m15_failed_votes,failed votes,1,4,analytics.json,analytics.metrics.negotiation.failed_votes,yes,
overnight-stress-B-seed1,m16_withdrawn_motions,withdrawn motions,0,,analytics.json,analytics.metrics.negotiation.withdrawn_motions,yes,
overnight-stress-B-seed1,m17_motions_withdrawn_after_opposition,withdrawn after opposition,0,,analytics.json,analytics.metrics.negotiation.motions_withdrawn_after_opposition,yes,
overnight-stress-B-seed1,m18_deferred_motions,deferred motions,0,,analytics.json,analytics.metrics.negotiation.deferred_motions,yes,
overnight-stress-B-seed1,m19_conditional_rate,council conditional vote rate,0.0,,analytics.json,analytics.metrics.council.conditional_rate,yes,
overnight-stress-B-seed1,m20_abstention_rate,council abstention rate,0.0,,analytics.json,analytics.metrics.council.abstention_rate,yes,
overnight-stress-B-seed1,m21_promises_made,agents promises made,5,,analytics.json,analytics.metrics.agents.promises_made,yes,
overnight-stress-B-seed1,m22_promises_kept,agents promises kept,0,5,analytics.json,analytics.metrics.agents.promises_kept,yes,
overnight-stress-B-seed1,m23_promises_broken,agents promises broken,1,5,analytics.json,analytics.metrics.agents.promises_broken,yes,
overnight-stress-B-seed1,m24_persuasion_events,agents persuasion events,0,,analytics.json,analytics.metrics.agents.persuasion_events,yes,
overnight-stress-B-seed1,m25_leaks,agents leaks,0,,analytics.json,analytics.metrics.agents.leaks,yes,
overnight-stress-C-seed1,m01_motions,council motions tabled,7,,analytics.json,analytics.metrics.council.motions,yes,
overnight-stress-C-seed1,m02_substantive,council substantive motions,7,,analytics.json,analytics.metrics.council.substantive,yes,
overnight-stress-C-seed1,m03_votes_cast,negotiation votes held (denominator),7,,analytics.json,analytics.metrics.negotiation.votes_cast,yes,
overnight-stress-C-seed1,m04_unanimous_votes,negotiation unanimous votes,3,7,analytics.json,analytics.metrics.negotiation.unanimous_votes,yes,
overnight-stress-C-seed1,m05_final_vote_unanimity,unanimous_votes / votes_cast,0.429,7,analytics.json,analytics.metrics.negotiation.final_vote_unanimity,yes,
overnight-stress-C-seed1,m06_class_INITIAL_CONSENSUS,unanimity class as stored,,7,analytics.json,analytics.metrics.negotiation.unanimity_classes.INITIAL_CONSENSUS (as stored),no,"UNMEASURABLE: section absent in analytics metrics (older schema: council/agents only, no negotiation)"
overnight-stress-C-seed1,m07_class_NEGOTIATED_CONVERGENCE,unanimity class as stored,,7,analytics.json,analytics.metrics.negotiation.unanimity_classes.NEGOTIATED_CONVERGENCE (as stored),no,"UNMEASURABLE: section absent in analytics metrics (older schema: council/agents only, no negotiation)"
overnight-stress-C-seed1,m08_class_CONDITIONAL_COMPROMISE,unanimity class as stored,,7,analytics.json,analytics.metrics.negotiation.unanimity_classes.CONDITIONAL_COMPROMISE (as stored),no,"UNMEASURABLE: section absent in analytics metrics (older schema: council/agents only, no negotiation)"
overnight-stress-C-seed1,m09_class_DUPLICATE_CONSOLIDATION,unanimity class as stored,,7,analytics.json,analytics.metrics.negotiation.unanimity_classes.DUPLICATE_CONSOLIDATION (as stored),no,"UNMEASURABLE: section absent in analytics metrics (older schema: council/agents only, no negotiation)"
overnight-stress-C-seed1,m10_class_UNKNOWN,unanimity class as stored,3,7,analytics.json,analytics.metrics.negotiation.unanimity_classes.UNKNOWN (as stored),yes,
overnight-stress-C-seed1,m11_position_changes,negotiation position changes,1,,analytics.json,analytics.metrics.negotiation.position_changes,yes,
overnight-stress-C-seed1,m12_negotiated_convergence_count,negotiation converged count,0,,analytics.json,analytics.metrics.negotiation.negotiated_convergence_count,yes,
overnight-stress-C-seed1,m13_minority_positions_maintained,minority votes maintained,5,,analytics.json,analytics.metrics.negotiation.minority_positions_maintained,yes,
overnight-stress-C-seed1,m14_competing_alternatives,competing alternatives,0,,analytics.json,analytics.metrics.negotiation.competing_alternatives,yes,
overnight-stress-C-seed1,m15_failed_votes,failed votes,1,7,analytics.json,analytics.metrics.negotiation.failed_votes,yes,
overnight-stress-C-seed1,m16_withdrawn_motions,withdrawn motions,0,,analytics.json,analytics.metrics.negotiation.withdrawn_motions,yes,
overnight-stress-C-seed1,m17_motions_withdrawn_after_opposition,withdrawn after opposition,0,,analytics.json,analytics.metrics.negotiation.motions_withdrawn_after_opposition,yes,
overnight-stress-C-seed1,m18_deferred_motions,deferred motions,0,,analytics.json,analytics.metrics.negotiation.deferred_motions,yes,
overnight-stress-C-seed1,m19_conditional_rate,council conditional vote rate,0.0,,analytics.json,analytics.metrics.council.conditional_rate,yes,
overnight-stress-C-seed1,m20_abstention_rate,council abstention rate,0.0,,analytics.json,analytics.metrics.council.abstention_rate,yes,
overnight-stress-C-seed1,m21_promises_made,agents promises made,4,,analytics.json,analytics.metrics.agents.promises_made,yes,
overnight-stress-C-seed1,m22_promises_kept,agents promises kept,0,4,analytics.json,analytics.metrics.agents.promises_kept,yes,
overnight-stress-C-seed1,m23_promises_broken,agents promises broken,1,4,analytics.json,analytics.metrics.agents.promises_broken,yes,
overnight-stress-C-seed1,m24_persuasion_events,agents persuasion events,0,,analytics.json,analytics.metrics.agents.persuasion_events,yes,
overnight-stress-C-seed1,m25_leaks,agents leaks,0,,analytics.json,analytics.metrics.agents.leaks,yes,
overnight-stress-D-seed1,m01_motions,council motions tabled,7,,analytics.json,analytics.metrics.council.motions,yes,
overnight-stress-D-seed1,m02_substantive,council substantive motions,7,,analytics.json,analytics.metrics.council.substantive,yes,
overnight-stress-D-seed1,m03_votes_cast,negotiation votes held (denominator),7,,analytics.json,analytics.metrics.negotiation.votes_cast,yes,
overnight-stress-D-seed1,m04_unanimous_votes,negotiation unanimous votes,3,7,analytics.json,analytics.metrics.negotiation.unanimous_votes,yes,
overnight-stress-D-seed1,m05_final_vote_unanimity,unanimous_votes / votes_cast,0.429,7,analytics.json,analytics.metrics.negotiation.final_vote_unanimity,yes,
overnight-stress-D-seed1,m06_class_INITIAL_CONSENSUS,unanimity class as stored,,7,analytics.json,analytics.metrics.negotiation.unanimity_classes.INITIAL_CONSENSUS (as stored),no,"UNMEASURABLE: section absent in analytics metrics (older schema: council/agents only, no negotiation)"
overnight-stress-D-seed1,m07_class_NEGOTIATED_CONVERGENCE,unanimity class as stored,,7,analytics.json,analytics.metrics.negotiation.unanimity_classes.NEGOTIATED_CONVERGENCE (as stored),no,"UNMEASURABLE: section absent in analytics metrics (older schema: council/agents only, no negotiation)"
overnight-stress-D-seed1,m08_class_CONDITIONAL_COMPROMISE,unanimity class as stored,,7,analytics.json,analytics.metrics.negotiation.unanimity_classes.CONDITIONAL_COMPROMISE (as stored),no,"UNMEASURABLE: section absent in analytics metrics (older schema: council/agents only, no negotiation)"
overnight-stress-D-seed1,m09_class_DUPLICATE_CONSOLIDATION,unanimity class as stored,,7,analytics.json,analytics.metrics.negotiation.unanimity_classes.DUPLICATE_CONSOLIDATION (as stored),no,"UNMEASURABLE: section absent in analytics metrics (older schema: council/agents only, no negotiation)"
overnight-stress-D-seed1,m10_class_UNKNOWN,unanimity class as stored,3,7,analytics.json,analytics.metrics.negotiation.unanimity_classes.UNKNOWN (as stored),yes,
overnight-stress-D-seed1,m11_position_changes,negotiation position changes,1,,analytics.json,analytics.metrics.negotiation.position_changes,yes,
overnight-stress-D-seed1,m12_negotiated_convergence_count,negotiation converged count,0,,analytics.json,analytics.metrics.negotiation.negotiated_convergence_count,yes,
overnight-stress-D-seed1,m13_minority_positions_maintained,minority votes maintained,5,,analytics.json,analytics.metrics.negotiation.minority_positions_maintained,yes,
overnight-stress-D-seed1,m14_competing_alternatives,competing alternatives,0,,analytics.json,analytics.metrics.negotiation.competing_alternatives,yes,
overnight-stress-D-seed1,m15_failed_votes,failed votes,1,7,analytics.json,analytics.metrics.negotiation.failed_votes,yes,
overnight-stress-D-seed1,m16_withdrawn_motions,withdrawn motions,0,,analytics.json,analytics.metrics.negotiation.withdrawn_motions,yes,
overnight-stress-D-seed1,m17_motions_withdrawn_after_opposition,withdrawn after opposition,0,,analytics.json,analytics.metrics.negotiation.motions_withdrawn_after_opposition,yes,
overnight-stress-D-seed1,m18_deferred_motions,deferred motions,0,,analytics.json,analytics.metrics.negotiation.deferred_motions,yes,
overnight-stress-D-seed1,m19_conditional_rate,council conditional vote rate,0.0,,analytics.json,analytics.metrics.council.conditional_rate,yes,
overnight-stress-D-seed1,m20_abstention_rate,council abstention rate,0.0,,analytics.json,analytics.metrics.council.abstention_rate,yes,
overnight-stress-D-seed1,m21_promises_made,agents promises made,5,,analytics.json,analytics.metrics.agents.promises_made,yes,
overnight-stress-D-seed1,m22_promises_kept,agents promises kept,0,5,analytics.json,analytics.metrics.agents.promises_kept,yes,
overnight-stress-D-seed1,m23_promises_broken,agents promises broken,1,5,analytics.json,analytics.metrics.agents.promises_broken,yes,
overnight-stress-D-seed1,m24_persuasion_events,agents persuasion events,0,,analytics.json,analytics.metrics.agents.persuasion_events,yes,
overnight-stress-D-seed1,m25_leaks,agents leaks,0,,analytics.json,analytics.metrics.agents.leaks,yes,
overnight-stress-E-seed1,m01_motions,council motions tabled,1,,analytics.json,analytics.metrics.council.motions,yes,
overnight-stress-E-seed1,m02_substantive,council substantive motions,1,,analytics.json,analytics.metrics.council.substantive,yes,
overnight-stress-E-seed1,m03_votes_cast,negotiation votes held (denominator),1,,analytics.json,analytics.metrics.negotiation.votes_cast,yes,
overnight-stress-E-seed1,m04_unanimous_votes,negotiation unanimous votes,1,1,analytics.json,analytics.metrics.negotiation.unanimous_votes,yes,
overnight-stress-E-seed1,m05_final_vote_unanimity,unanimous_votes / votes_cast,1.0,1,analytics.json,analytics.metrics.negotiation.final_vote_unanimity,yes,
overnight-stress-E-seed1,m06_class_INITIAL_CONSENSUS,unanimity class as stored,,1,analytics.json,analytics.metrics.negotiation.unanimity_classes.INITIAL_CONSENSUS (as stored),no,"UNMEASURABLE: section absent in analytics metrics (older schema: council/agents only, no negotiation)"
overnight-stress-E-seed1,m07_class_NEGOTIATED_CONVERGENCE,unanimity class as stored,,1,analytics.json,analytics.metrics.negotiation.unanimity_classes.NEGOTIATED_CONVERGENCE (as stored),no,"UNMEASURABLE: section absent in analytics metrics (older schema: council/agents only, no negotiation)"
overnight-stress-E-seed1,m08_class_CONDITIONAL_COMPROMISE,unanimity class as stored,,1,analytics.json,analytics.metrics.negotiation.unanimity_classes.CONDITIONAL_COMPROMISE (as stored),no,"UNMEASURABLE: section absent in analytics metrics (older schema: council/agents only, no negotiation)"
overnight-stress-E-seed1,m09_class_DUPLICATE_CONSOLIDATION,unanimity class as stored,,1,analytics.json,analytics.metrics.negotiation.unanimity_classes.DUPLICATE_CONSOLIDATION (as stored),no,"UNMEASURABLE: section absent in analytics metrics (older schema: council/agents only, no negotiation)"
overnight-stress-E-seed1,m10_class_UNKNOWN,unanimity class as stored,1,1,analytics.json,analytics.metrics.negotiation.unanimity_classes.UNKNOWN (as stored),yes,
overnight-stress-E-seed1,m11_position_changes,negotiation position changes,0,,analytics.json,analytics.metrics.negotiation.position_changes,yes,
overnight-stress-E-seed1,m12_negotiated_convergence_count,negotiation converged count,0,,analytics.json,analytics.metrics.negotiation.negotiated_convergence_count,yes,
overnight-stress-E-seed1,m13_minority_positions_maintained,minority votes maintained,0,,analytics.json,analytics.metrics.negotiation.minority_positions_maintained,yes,
overnight-stress-E-seed1,m14_competing_alternatives,competing alternatives,0,,analytics.json,analytics.metrics.negotiation.competing_alternatives,yes,
overnight-stress-E-seed1,m15_failed_votes,failed votes,0,1,analytics.json,analytics.metrics.negotiation.failed_votes,yes,
overnight-stress-E-seed1,m16_withdrawn_motions,withdrawn motions,0,,analytics.json,analytics.metrics.negotiation.withdrawn_motions,yes,
overnight-stress-E-seed1,m17_motions_withdrawn_after_opposition,withdrawn after opposition,0,,analytics.json,analytics.metrics.negotiation.motions_withdrawn_after_opposition,yes,
overnight-stress-E-seed1,m18_deferred_motions,deferred motions,0,,analytics.json,analytics.metrics.negotiation.deferred_motions,yes,
overnight-stress-E-seed1,m19_conditional_rate,council conditional vote rate,0.0,,analytics.json,analytics.metrics.council.conditional_rate,yes,
overnight-stress-E-seed1,m20_abstention_rate,council abstention rate,0.0,,analytics.json,analytics.metrics.council.abstention_rate,yes,
overnight-stress-E-seed1,m21_promises_made,agents promises made,8,,analytics.json,analytics.metrics.agents.promises_made,yes,
overnight-stress-E-seed1,m22_promises_kept,agents promises kept,0,8,analytics.json,analytics.metrics.agents.promises_kept,yes,
overnight-stress-E-seed1,m23_promises_broken,agents promises broken,1,8,analytics.json,analytics.metrics.agents.promises_broken,yes,
overnight-stress-E-seed1,m24_persuasion_events,agents persuasion events,0,,analytics.json,analytics.metrics.agents.persuasion_events,yes,
overnight-stress-E-seed1,m25_leaks,agents leaks,0,,analytics.json,analytics.metrics.agents.leaks,yes,
post-lever-seed1,m01_motions,council motions tabled,7,,analytics.json,analytics.metrics.council.motions,yes,
post-lever-seed1,m02_substantive,council substantive motions,7,,analytics.json,analytics.metrics.council.substantive,yes,
post-lever-seed1,m03_votes_cast,negotiation votes held (denominator),7,,analytics.json,analytics.metrics.negotiation.votes_cast,yes,
post-lever-seed1,m04_unanimous_votes,negotiation unanimous votes,3,7,analytics.json,analytics.metrics.negotiation.unanimous_votes,yes,
post-lever-seed1,m05_final_vote_unanimity,unanimous_votes / votes_cast,0.429,7,analytics.json,analytics.metrics.negotiation.final_vote_unanimity,yes,
post-lever-seed1,m06_class_INITIAL_CONSENSUS,unanimity class as stored,,7,analytics.json,analytics.metrics.negotiation.unanimity_classes.INITIAL_CONSENSUS (as stored),no,"UNMEASURABLE: section absent in analytics metrics (older schema: council/agents only, no negotiation)"
post-lever-seed1,m07_class_NEGOTIATED_CONVERGENCE,unanimity class as stored,,7,analytics.json,analytics.metrics.negotiation.unanimity_classes.NEGOTIATED_CONVERGENCE (as stored),no,"UNMEASURABLE: section absent in analytics metrics (older schema: council/agents only, no negotiation)"
post-lever-seed1,m08_class_CONDITIONAL_COMPROMISE,unanimity class as stored,,7,analytics.json,analytics.metrics.negotiation.unanimity_classes.CONDITIONAL_COMPROMISE (as stored),no,"UNMEASURABLE: section absent in analytics metrics (older schema: council/agents only, no negotiation)"
post-lever-seed1,m09_class_DUPLICATE_CONSOLIDATION,unanimity class as stored,,7,analytics.json,analytics.metrics.negotiation.unanimity_classes.DUPLICATE_CONSOLIDATION (as stored),no,"UNMEASURABLE: section absent in analytics metrics (older schema: council/agents only, no negotiation)"
post-lever-seed1,m10_class_UNKNOWN,unanimity class as stored,3,7,analytics.json,analytics.metrics.negotiation.unanimity_classes.UNKNOWN (as stored),yes,
post-lever-seed1,m11_position_changes,negotiation position changes,1,,analytics.json,analytics.metrics.negotiation.position_changes,yes,
post-lever-seed1,m12_negotiated_convergence_count,negotiation converged count,0,,analytics.json,analytics.metrics.negotiation.negotiated_convergence_count,yes,
post-lever-seed1,m13_minority_positions_maintained,minority votes maintained,5,,analytics.json,analytics.metrics.negotiation.minority_positions_maintained,yes,
post-lever-seed1,m14_competing_alternatives,competing alternatives,0,,analytics.json,analytics.metrics.negotiation.competing_alternatives,yes,
post-lever-seed1,m15_failed_votes,failed votes,1,7,analytics.json,analytics.metrics.negotiation.failed_votes,yes,
post-lever-seed1,m16_withdrawn_motions,withdrawn motions,0,,analytics.json,analytics.metrics.negotiation.withdrawn_motions,yes,
post-lever-seed1,m17_motions_withdrawn_after_opposition,withdrawn after opposition,0,,analytics.json,analytics.metrics.negotiation.motions_withdrawn_after_opposition,yes,
post-lever-seed1,m18_deferred_motions,deferred motions,0,,analytics.json,analytics.metrics.negotiation.deferred_motions,yes,
post-lever-seed1,m19_conditional_rate,council conditional vote rate,0.0,,analytics.json,analytics.metrics.council.conditional_rate,yes,
post-lever-seed1,m20_abstention_rate,council abstention rate,0.0,,analytics.json,analytics.metrics.council.abstention_rate,yes,
post-lever-seed1,m21_promises_made,agents promises made,4,,analytics.json,analytics.metrics.agents.promises_made,yes,
post-lever-seed1,m22_promises_kept,agents promises kept,0,4,analytics.json,analytics.metrics.agents.promises_kept,yes,
post-lever-seed1,m23_promises_broken,agents promises broken,1,4,analytics.json,analytics.metrics.agents.promises_broken,yes,
post-lever-seed1,m24_persuasion_events,agents persuasion events,0,,analytics.json,analytics.metrics.agents.persuasion_events,yes,
post-lever-seed1,m25_leaks,agents leaks,0,,analytics.json,analytics.metrics.agents.leaks,yes,
post-lever-seed2,m01_motions,council motions tabled,7,,analytics.json,analytics.metrics.council.motions,yes,
post-lever-seed2,m02_substantive,council substantive motions,7,,analytics.json,analytics.metrics.council.substantive,yes,
post-lever-seed2,m03_votes_cast,negotiation votes held (denominator),7,,analytics.json,analytics.metrics.negotiation.votes_cast,yes,
post-lever-seed2,m04_unanimous_votes,negotiation unanimous votes,2,7,analytics.json,analytics.metrics.negotiation.unanimous_votes,yes,
post-lever-seed2,m05_final_vote_unanimity,unanimous_votes / votes_cast,0.286,7,analytics.json,analytics.metrics.negotiation.final_vote_unanimity,yes,
post-lever-seed2,m06_class_INITIAL_CONSENSUS,unanimity class as stored,,7,analytics.json,analytics.metrics.negotiation.unanimity_classes.INITIAL_CONSENSUS (as stored),no,"UNMEASURABLE: section absent in analytics metrics (older schema: council/agents only, no negotiation)"
post-lever-seed2,m07_class_NEGOTIATED_CONVERGENCE,unanimity class as stored,,7,analytics.json,analytics.metrics.negotiation.unanimity_classes.NEGOTIATED_CONVERGENCE (as stored),no,"UNMEASURABLE: section absent in analytics metrics (older schema: council/agents only, no negotiation)"
post-lever-seed2,m08_class_CONDITIONAL_COMPROMISE,unanimity class as stored,,7,analytics.json,analytics.metrics.negotiation.unanimity_classes.CONDITIONAL_COMPROMISE (as stored),no,"UNMEASURABLE: section absent in analytics metrics (older schema: council/agents only, no negotiation)"
post-lever-seed2,m09_class_DUPLICATE_CONSOLIDATION,unanimity class as stored,,7,analytics.json,analytics.metrics.negotiation.unanimity_classes.DUPLICATE_CONSOLIDATION (as stored),no,"UNMEASURABLE: section absent in analytics metrics (older schema: council/agents only, no negotiation)"
post-lever-seed2,m10_class_UNKNOWN,unanimity class as stored,2,7,analytics.json,analytics.metrics.negotiation.unanimity_classes.UNKNOWN (as stored),yes,
post-lever-seed2,m11_position_changes,negotiation position changes,1,,analytics.json,analytics.metrics.negotiation.position_changes,yes,
post-lever-seed2,m12_negotiated_convergence_count,negotiation converged count,0,,analytics.json,analytics.metrics.negotiation.negotiated_convergence_count,yes,
post-lever-seed2,m13_minority_positions_maintained,minority votes maintained,6,,analytics.json,analytics.metrics.negotiation.minority_positions_maintained,yes,
post-lever-seed2,m14_competing_alternatives,competing alternatives,0,,analytics.json,analytics.metrics.negotiation.competing_alternatives,yes,
post-lever-seed2,m15_failed_votes,failed votes,1,7,analytics.json,analytics.metrics.negotiation.failed_votes,yes,
post-lever-seed2,m16_withdrawn_motions,withdrawn motions,0,,analytics.json,analytics.metrics.negotiation.withdrawn_motions,yes,
post-lever-seed2,m17_motions_withdrawn_after_opposition,withdrawn after opposition,0,,analytics.json,analytics.metrics.negotiation.motions_withdrawn_after_opposition,yes,
post-lever-seed2,m18_deferred_motions,deferred motions,0,,analytics.json,analytics.metrics.negotiation.deferred_motions,yes,
post-lever-seed2,m19_conditional_rate,council conditional vote rate,0.0,,analytics.json,analytics.metrics.council.conditional_rate,yes,
post-lever-seed2,m20_abstention_rate,council abstention rate,0.0,,analytics.json,analytics.metrics.council.abstention_rate,yes,
post-lever-seed2,m21_promises_made,agents promises made,4,,analytics.json,analytics.metrics.agents.promises_made,yes,
post-lever-seed2,m22_promises_kept,agents promises kept,0,4,analytics.json,analytics.metrics.agents.promises_kept,yes,
post-lever-seed2,m23_promises_broken,agents promises broken,0,4,analytics.json,analytics.metrics.agents.promises_broken,yes,
post-lever-seed2,m24_persuasion_events,agents persuasion events,0,,analytics.json,analytics.metrics.agents.persuasion_events,yes,
post-lever-seed2,m25_leaks,agents leaks,0,,analytics.json,analytics.metrics.agents.leaks,yes,
shift2-A-seed1,m01_motions,council motions tabled,9,,analytics.json,analytics.metrics.council.motions,yes,
shift2-A-seed1,m02_substantive,council substantive motions,9,,analytics.json,analytics.metrics.council.substantive,yes,
shift2-A-seed1,m03_votes_cast,negotiation votes held (denominator),9,,analytics.json,analytics.metrics.negotiation.votes_cast,yes,
shift2-A-seed1,m04_unanimous_votes,negotiation unanimous votes,4,9,analytics.json,analytics.metrics.negotiation.unanimous_votes,yes,
shift2-A-seed1,m05_final_vote_unanimity,unanimous_votes / votes_cast,0.444,9,analytics.json,analytics.metrics.negotiation.final_vote_unanimity,yes,
shift2-A-seed1,m06_class_INITIAL_CONSENSUS,unanimity class as stored,,9,analytics.json,analytics.metrics.negotiation.unanimity_classes.INITIAL_CONSENSUS (as stored),no,"UNMEASURABLE: section absent in analytics metrics (older schema: council/agents only, no negotiation)"
shift2-A-seed1,m07_class_NEGOTIATED_CONVERGENCE,unanimity class as stored,,9,analytics.json,analytics.metrics.negotiation.unanimity_classes.NEGOTIATED_CONVERGENCE (as stored),no,"UNMEASURABLE: section absent in analytics metrics (older schema: council/agents only, no negotiation)"
shift2-A-seed1,m08_class_CONDITIONAL_COMPROMISE,unanimity class as stored,,9,analytics.json,analytics.metrics.negotiation.unanimity_classes.CONDITIONAL_COMPROMISE (as stored),no,"UNMEASURABLE: section absent in analytics metrics (older schema: council/agents only, no negotiation)"
shift2-A-seed1,m09_class_DUPLICATE_CONSOLIDATION,unanimity class as stored,,9,analytics.json,analytics.metrics.negotiation.unanimity_classes.DUPLICATE_CONSOLIDATION (as stored),no,"UNMEASURABLE: section absent in analytics metrics (older schema: council/agents only, no negotiation)"
shift2-A-seed1,m10_class_UNKNOWN,unanimity class as stored,4,9,analytics.json,analytics.metrics.negotiation.unanimity_classes.UNKNOWN (as stored),yes,
shift2-A-seed1,m11_position_changes,negotiation position changes,2,,analytics.json,analytics.metrics.negotiation.position_changes,yes,
shift2-A-seed1,m12_negotiated_convergence_count,negotiation converged count,0,,analytics.json,analytics.metrics.negotiation.negotiated_convergence_count,yes,
shift2-A-seed1,m13_minority_positions_maintained,minority votes maintained,6,,analytics.json,analytics.metrics.negotiation.minority_positions_maintained,yes,
shift2-A-seed1,m14_competing_alternatives,competing alternatives,0,,analytics.json,analytics.metrics.negotiation.competing_alternatives,yes,
shift2-A-seed1,m15_failed_votes,failed votes,1,9,analytics.json,analytics.metrics.negotiation.failed_votes,yes,
shift2-A-seed1,m16_withdrawn_motions,withdrawn motions,0,,analytics.json,analytics.metrics.negotiation.withdrawn_motions,yes,
shift2-A-seed1,m17_motions_withdrawn_after_opposition,withdrawn after opposition,0,,analytics.json,analytics.metrics.negotiation.motions_withdrawn_after_opposition,yes,
shift2-A-seed1,m18_deferred_motions,deferred motions,0,,analytics.json,analytics.metrics.negotiation.deferred_motions,yes,
shift2-A-seed1,m19_conditional_rate,council conditional vote rate,0.0,,analytics.json,analytics.metrics.council.conditional_rate,yes,
shift2-A-seed1,m20_abstention_rate,council abstention rate,0.0,,analytics.json,analytics.metrics.council.abstention_rate,yes,
shift2-A-seed1,m21_promises_made,agents promises made,5,,analytics.json,analytics.metrics.agents.promises_made,yes,
shift2-A-seed1,m22_promises_kept,agents promises kept,0,5,analytics.json,analytics.metrics.agents.promises_kept,yes,
shift2-A-seed1,m23_promises_broken,agents promises broken,1,5,analytics.json,analytics.metrics.agents.promises_broken,yes,
shift2-A-seed1,m24_persuasion_events,agents persuasion events,0,,analytics.json,analytics.metrics.agents.persuasion_events,yes,
shift2-A-seed1,m25_leaks,agents leaks,0,,analytics.json,analytics.metrics.agents.leaks,yes,
shift2-C-seed1,m01_motions,council motions tabled,8,,analytics.json,analytics.metrics.council.motions,yes,
shift2-C-seed1,m02_substantive,council substantive motions,8,,analytics.json,analytics.metrics.council.substantive,yes,
shift2-C-seed1,m03_votes_cast,negotiation votes held (denominator),8,,analytics.json,analytics.metrics.negotiation.votes_cast,yes,
shift2-C-seed1,m04_unanimous_votes,negotiation unanimous votes,3,8,analytics.json,analytics.metrics.negotiation.unanimous_votes,yes,
shift2-C-seed1,m05_final_vote_unanimity,unanimous_votes / votes_cast,0.375,8,analytics.json,analytics.metrics.negotiation.final_vote_unanimity,yes,
shift2-C-seed1,m06_class_INITIAL_CONSENSUS,unanimity class as stored,,8,analytics.json,analytics.metrics.negotiation.unanimity_classes.INITIAL_CONSENSUS (as stored),no,"UNMEASURABLE: section absent in analytics metrics (older schema: council/agents only, no negotiation)"
shift2-C-seed1,m07_class_NEGOTIATED_CONVERGENCE,unanimity class as stored,,8,analytics.json,analytics.metrics.negotiation.unanimity_classes.NEGOTIATED_CONVERGENCE (as stored),no,"UNMEASURABLE: section absent in analytics metrics (older schema: council/agents only, no negotiation)"
shift2-C-seed1,m08_class_CONDITIONAL_COMPROMISE,unanimity class as stored,,8,analytics.json,analytics.metrics.negotiation.unanimity_classes.CONDITIONAL_COMPROMISE (as stored),no,"UNMEASURABLE: section absent in analytics metrics (older schema: council/agents only, no negotiation)"
shift2-C-seed1,m09_class_DUPLICATE_CONSOLIDATION,unanimity class as stored,,8,analytics.json,analytics.metrics.negotiation.unanimity_classes.DUPLICATE_CONSOLIDATION (as stored),no,"UNMEASURABLE: section absent in analytics metrics (older schema: council/agents only, no negotiation)"
shift2-C-seed1,m10_class_UNKNOWN,unanimity class as stored,3,8,analytics.json,analytics.metrics.negotiation.unanimity_classes.UNKNOWN (as stored),yes,
shift2-C-seed1,m11_position_changes,negotiation position changes,2,,analytics.json,analytics.metrics.negotiation.position_changes,yes,
shift2-C-seed1,m12_negotiated_convergence_count,negotiation converged count,0,,analytics.json,analytics.metrics.negotiation.negotiated_convergence_count,yes,
shift2-C-seed1,m13_minority_positions_maintained,minority votes maintained,6,,analytics.json,analytics.metrics.negotiation.minority_positions_maintained,yes,
shift2-C-seed1,m14_competing_alternatives,competing alternatives,0,,analytics.json,analytics.metrics.negotiation.competing_alternatives,yes,
shift2-C-seed1,m15_failed_votes,failed votes,1,8,analytics.json,analytics.metrics.negotiation.failed_votes,yes,
shift2-C-seed1,m16_withdrawn_motions,withdrawn motions,0,,analytics.json,analytics.metrics.negotiation.withdrawn_motions,yes,
shift2-C-seed1,m17_motions_withdrawn_after_opposition,withdrawn after opposition,0,,analytics.json,analytics.metrics.negotiation.motions_withdrawn_after_opposition,yes,
shift2-C-seed1,m18_deferred_motions,deferred motions,0,,analytics.json,analytics.metrics.negotiation.deferred_motions,yes,
shift2-C-seed1,m19_conditional_rate,council conditional vote rate,0.0,,analytics.json,analytics.metrics.council.conditional_rate,yes,
shift2-C-seed1,m20_abstention_rate,council abstention rate,0.0,,analytics.json,analytics.metrics.council.abstention_rate,yes,
shift2-C-seed1,m21_promises_made,agents promises made,5,,analytics.json,analytics.metrics.agents.promises_made,yes,
shift2-C-seed1,m22_promises_kept,agents promises kept,0,5,analytics.json,analytics.metrics.agents.promises_kept,yes,
shift2-C-seed1,m23_promises_broken,agents promises broken,1,5,analytics.json,analytics.metrics.agents.promises_broken,yes,
shift2-C-seed1,m24_persuasion_events,agents persuasion events,0,,analytics.json,analytics.metrics.agents.persuasion_events,yes,
shift2-C-seed1,m25_leaks,agents leaks,0,,analytics.json,analytics.metrics.agents.leaks,yes,
shift2-E-seed1,m01_motions,council motions tabled,1,,analytics.json,analytics.metrics.council.motions,yes,
shift2-E-seed1,m02_substantive,council substantive motions,1,,analytics.json,analytics.metrics.council.substantive,yes,
shift2-E-seed1,m03_votes_cast,negotiation votes held (denominator),1,,analytics.json,analytics.metrics.negotiation.votes_cast,yes,
shift2-E-seed1,m04_unanimous_votes,negotiation unanimous votes,1,1,analytics.json,analytics.metrics.negotiation.unanimous_votes,yes,
shift2-E-seed1,m05_final_vote_unanimity,unanimous_votes / votes_cast,1.0,1,analytics.json,analytics.metrics.negotiation.final_vote_unanimity,yes,
shift2-E-seed1,m06_class_INITIAL_CONSENSUS,unanimity class as stored,,1,analytics.json,analytics.metrics.negotiation.unanimity_classes.INITIAL_CONSENSUS (as stored),no,"UNMEASURABLE: section absent in analytics metrics (older schema: council/agents only, no negotiation)"
shift2-E-seed1,m07_class_NEGOTIATED_CONVERGENCE,unanimity class as stored,,1,analytics.json,analytics.metrics.negotiation.unanimity_classes.NEGOTIATED_CONVERGENCE (as stored),no,"UNMEASURABLE: section absent in analytics metrics (older schema: council/agents only, no negotiation)"
shift2-E-seed1,m08_class_CONDITIONAL_COMPROMISE,unanimity class as stored,,1,analytics.json,analytics.metrics.negotiation.unanimity_classes.CONDITIONAL_COMPROMISE (as stored),no,"UNMEASURABLE: section absent in analytics metrics (older schema: council/agents only, no negotiation)"
shift2-E-seed1,m09_class_DUPLICATE_CONSOLIDATION,unanimity class as stored,,1,analytics.json,analytics.metrics.negotiation.unanimity_classes.DUPLICATE_CONSOLIDATION (as stored),no,"UNMEASURABLE: section absent in analytics metrics (older schema: council/agents only, no negotiation)"
shift2-E-seed1,m10_class_UNKNOWN,unanimity class as stored,1,1,analytics.json,analytics.metrics.negotiation.unanimity_classes.UNKNOWN (as stored),yes,
shift2-E-seed1,m11_position_changes,negotiation position changes,0,,analytics.json,analytics.metrics.negotiation.position_changes,yes,
shift2-E-seed1,m12_negotiated_convergence_count,negotiation converged count,0,,analytics.json,analytics.metrics.negotiation.negotiated_convergence_count,yes,
shift2-E-seed1,m13_minority_positions_maintained,minority votes maintained,0,,analytics.json,analytics.metrics.negotiation.minority_positions_maintained,yes,
shift2-E-seed1,m14_competing_alternatives,competing alternatives,0,,analytics.json,analytics.metrics.negotiation.competing_alternatives,yes,
shift2-E-seed1,m15_failed_votes,failed votes,0,1,analytics.json,analytics.metrics.negotiation.failed_votes,yes,
shift2-E-seed1,m16_withdrawn_motions,withdrawn motions,0,,analytics.json,analytics.metrics.negotiation.withdrawn_motions,yes,
shift2-E-seed1,m17_motions_withdrawn_after_opposition,withdrawn after opposition,0,,analytics.json,analytics.metrics.negotiation.motions_withdrawn_after_opposition,yes,
shift2-E-seed1,m18_deferred_motions,deferred motions,0,,analytics.json,analytics.metrics.negotiation.deferred_motions,yes,
shift2-E-seed1,m19_conditional_rate,council conditional vote rate,0.0,,analytics.json,analytics.metrics.council.conditional_rate,yes,
shift2-E-seed1,m20_abstention_rate,council abstention rate,0.0,,analytics.json,analytics.metrics.council.abstention_rate,yes,
shift2-E-seed1,m21_promises_made,agents promises made,8,,analytics.json,analytics.metrics.agents.promises_made,yes,
shift2-E-seed1,m22_promises_kept,agents promises kept,0,8,analytics.json,analytics.metrics.agents.promises_kept,yes,
shift2-E-seed1,m23_promises_broken,agents promises broken,1,8,analytics.json,analytics.metrics.agents.promises_broken,yes,
shift2-E-seed1,m24_persuasion_events,agents persuasion events,0,,analytics.json,analytics.metrics.agents.persuasion_events,yes,
shift2-E-seed1,m25_leaks,agents leaks,0,,analytics.json,analytics.metrics.agents.leaks,yes,
shift2-fc-seed1,m01_motions,council motions tabled,13,,analytics.json,analytics.metrics.council.motions,yes,
shift2-fc-seed1,m02_substantive,council substantive motions,13,,analytics.json,analytics.metrics.council.substantive,yes,
shift2-fc-seed1,m03_votes_cast,negotiation votes held (denominator),13,,analytics.json,analytics.metrics.negotiation.votes_cast,yes,
shift2-fc-seed1,m04_unanimous_votes,negotiation unanimous votes,4,13,analytics.json,analytics.metrics.negotiation.unanimous_votes,yes,
shift2-fc-seed1,m05_final_vote_unanimity,unanimous_votes / votes_cast,0.308,13,analytics.json,analytics.metrics.negotiation.final_vote_unanimity,yes,
shift2-fc-seed1,m06_class_INITIAL_CONSENSUS,unanimity class as stored,,13,analytics.json,analytics.metrics.negotiation.unanimity_classes.INITIAL_CONSENSUS (as stored),no,"UNMEASURABLE: section absent in analytics metrics (older schema: council/agents only, no negotiation)"
shift2-fc-seed1,m07_class_NEGOTIATED_CONVERGENCE,unanimity class as stored,,13,analytics.json,analytics.metrics.negotiation.unanimity_classes.NEGOTIATED_CONVERGENCE (as stored),no,"UNMEASURABLE: section absent in analytics metrics (older schema: council/agents only, no negotiation)"
shift2-fc-seed1,m08_class_CONDITIONAL_COMPROMISE,unanimity class as stored,,13,analytics.json,analytics.metrics.negotiation.unanimity_classes.CONDITIONAL_COMPROMISE (as stored),no,"UNMEASURABLE: section absent in analytics metrics (older schema: council/agents only, no negotiation)"
shift2-fc-seed1,m09_class_DUPLICATE_CONSOLIDATION,unanimity class as stored,,13,analytics.json,analytics.metrics.negotiation.unanimity_classes.DUPLICATE_CONSOLIDATION (as stored),no,"UNMEASURABLE: section absent in analytics metrics (older schema: council/agents only, no negotiation)"
shift2-fc-seed1,m10_class_UNKNOWN,unanimity class as stored,4,13,analytics.json,analytics.metrics.negotiation.unanimity_classes.UNKNOWN (as stored),yes,
shift2-fc-seed1,m11_position_changes,negotiation position changes,5,,analytics.json,analytics.metrics.negotiation.position_changes,yes,
shift2-fc-seed1,m12_negotiated_convergence_count,negotiation converged count,0,,analytics.json,analytics.metrics.negotiation.negotiated_convergence_count,yes,
shift2-fc-seed1,m13_minority_positions_maintained,minority votes maintained,10,,analytics.json,analytics.metrics.negotiation.minority_positions_maintained,yes,
shift2-fc-seed1,m14_competing_alternatives,competing alternatives,2,,analytics.json,analytics.metrics.negotiation.competing_alternatives,yes,
shift2-fc-seed1,m15_failed_votes,failed votes,2,13,analytics.json,analytics.metrics.negotiation.failed_votes,yes,
shift2-fc-seed1,m16_withdrawn_motions,withdrawn motions,0,,analytics.json,analytics.metrics.negotiation.withdrawn_motions,yes,
shift2-fc-seed1,m17_motions_withdrawn_after_opposition,withdrawn after opposition,0,,analytics.json,analytics.metrics.negotiation.motions_withdrawn_after_opposition,yes,
shift2-fc-seed1,m18_deferred_motions,deferred motions,0,,analytics.json,analytics.metrics.negotiation.deferred_motions,yes,
shift2-fc-seed1,m19_conditional_rate,council conditional vote rate,0.0,,analytics.json,analytics.metrics.council.conditional_rate,yes,
shift2-fc-seed1,m20_abstention_rate,council abstention rate,0.015,,analytics.json,analytics.metrics.council.abstention_rate,yes,
shift2-fc-seed1,m21_promises_made,agents promises made,7,,analytics.json,analytics.metrics.agents.promises_made,yes,
shift2-fc-seed1,m22_promises_kept,agents promises kept,0,7,analytics.json,analytics.metrics.agents.promises_kept,yes,
shift2-fc-seed1,m23_promises_broken,agents promises broken,1,7,analytics.json,analytics.metrics.agents.promises_broken,yes,
shift2-fc-seed1,m24_persuasion_events,agents persuasion events,0,,analytics.json,analytics.metrics.agents.persuasion_events,yes,
shift2-fc-seed1,m25_leaks,agents leaks,0,,analytics.json,analytics.metrics.agents.leaks,yes,
shift2-fc-seed2,m01_motions,council motions tabled,13,,analytics.json,analytics.metrics.council.motions,yes,
shift2-fc-seed2,m02_substantive,council substantive motions,13,,analytics.json,analytics.metrics.council.substantive,yes,
shift2-fc-seed2,m03_votes_cast,negotiation votes held (denominator),13,,analytics.json,analytics.metrics.negotiation.votes_cast,yes,
shift2-fc-seed2,m04_unanimous_votes,negotiation unanimous votes,3,13,analytics.json,analytics.metrics.negotiation.unanimous_votes,yes,
shift2-fc-seed2,m05_final_vote_unanimity,unanimous_votes / votes_cast,0.231,13,analytics.json,analytics.metrics.negotiation.final_vote_unanimity,yes,
shift2-fc-seed2,m06_class_INITIAL_CONSENSUS,unanimity class as stored,,13,analytics.json,analytics.metrics.negotiation.unanimity_classes.INITIAL_CONSENSUS (as stored),no,"UNMEASURABLE: section absent in analytics metrics (older schema: council/agents only, no negotiation)"
shift2-fc-seed2,m07_class_NEGOTIATED_CONVERGENCE,unanimity class as stored,,13,analytics.json,analytics.metrics.negotiation.unanimity_classes.NEGOTIATED_CONVERGENCE (as stored),no,"UNMEASURABLE: section absent in analytics metrics (older schema: council/agents only, no negotiation)"
shift2-fc-seed2,m08_class_CONDITIONAL_COMPROMISE,unanimity class as stored,,13,analytics.json,analytics.metrics.negotiation.unanimity_classes.CONDITIONAL_COMPROMISE (as stored),no,"UNMEASURABLE: section absent in analytics metrics (older schema: council/agents only, no negotiation)"
shift2-fc-seed2,m09_class_DUPLICATE_CONSOLIDATION,unanimity class as stored,,13,analytics.json,analytics.metrics.negotiation.unanimity_classes.DUPLICATE_CONSOLIDATION (as stored),no,"UNMEASURABLE: section absent in analytics metrics (older schema: council/agents only, no negotiation)"
shift2-fc-seed2,m10_class_UNKNOWN,unanimity class as stored,3,13,analytics.json,analytics.metrics.negotiation.unanimity_classes.UNKNOWN (as stored),yes,
shift2-fc-seed2,m11_position_changes,negotiation position changes,5,,analytics.json,analytics.metrics.negotiation.position_changes,yes,
shift2-fc-seed2,m12_negotiated_convergence_count,negotiation converged count,0,,analytics.json,analytics.metrics.negotiation.negotiated_convergence_count,yes,
shift2-fc-seed2,m13_minority_positions_maintained,minority votes maintained,11,,analytics.json,analytics.metrics.negotiation.minority_positions_maintained,yes,
shift2-fc-seed2,m14_competing_alternatives,competing alternatives,2,,analytics.json,analytics.metrics.negotiation.competing_alternatives,yes,
shift2-fc-seed2,m15_failed_votes,failed votes,2,13,analytics.json,analytics.metrics.negotiation.failed_votes,yes,
shift2-fc-seed2,m16_withdrawn_motions,withdrawn motions,0,,analytics.json,analytics.metrics.negotiation.withdrawn_motions,yes,
shift2-fc-seed2,m17_motions_withdrawn_after_opposition,withdrawn after opposition,0,,analytics.json,analytics.metrics.negotiation.motions_withdrawn_after_opposition,yes,
shift2-fc-seed2,m18_deferred_motions,deferred motions,0,,analytics.json,analytics.metrics.negotiation.deferred_motions,yes,
shift2-fc-seed2,m19_conditional_rate,council conditional vote rate,0.0,,analytics.json,analytics.metrics.council.conditional_rate,yes,
shift2-fc-seed2,m20_abstention_rate,council abstention rate,0.015,,analytics.json,analytics.metrics.council.abstention_rate,yes,
shift2-fc-seed2,m21_promises_made,agents promises made,7,,analytics.json,analytics.metrics.agents.promises_made,yes,
shift2-fc-seed2,m22_promises_kept,agents promises kept,0,7,analytics.json,analytics.metrics.agents.promises_kept,yes,
shift2-fc-seed2,m23_promises_broken,agents promises broken,0,7,analytics.json,analytics.metrics.agents.promises_broken,yes,
shift2-fc-seed2,m24_persuasion_events,agents persuasion events,0,,analytics.json,analytics.metrics.agents.persuasion_events,yes,
shift2-fc-seed2,m25_leaks,agents leaks,0,,analytics.json,analytics.metrics.agents.leaks,yes,
shift2-fc2-seed1,m01_motions,council motions tabled,13,,analytics.json,analytics.metrics.council.motions,yes,
shift2-fc2-seed1,m02_substantive,council substantive motions,13,,analytics.json,analytics.metrics.council.substantive,yes,
shift2-fc2-seed1,m03_votes_cast,negotiation votes held (denominator),13,,analytics.json,analytics.metrics.negotiation.votes_cast,yes,
shift2-fc2-seed1,m04_unanimous_votes,negotiation unanimous votes,4,13,analytics.json,analytics.metrics.negotiation.unanimous_votes,yes,
shift2-fc2-seed1,m05_final_vote_unanimity,unanimous_votes / votes_cast,0.308,13,analytics.json,analytics.metrics.negotiation.final_vote_unanimity,yes,
shift2-fc2-seed1,m06_class_INITIAL_CONSENSUS,unanimity class as stored,,13,analytics.json,analytics.metrics.negotiation.unanimity_classes.INITIAL_CONSENSUS (as stored),no,"UNMEASURABLE: section absent in analytics metrics (older schema: council/agents only, no negotiation)"
shift2-fc2-seed1,m07_class_NEGOTIATED_CONVERGENCE,unanimity class as stored,,13,analytics.json,analytics.metrics.negotiation.unanimity_classes.NEGOTIATED_CONVERGENCE (as stored),no,"UNMEASURABLE: section absent in analytics metrics (older schema: council/agents only, no negotiation)"
shift2-fc2-seed1,m08_class_CONDITIONAL_COMPROMISE,unanimity class as stored,,13,analytics.json,analytics.metrics.negotiation.unanimity_classes.CONDITIONAL_COMPROMISE (as stored),no,"UNMEASURABLE: section absent in analytics metrics (older schema: council/agents only, no negotiation)"
shift2-fc2-seed1,m09_class_DUPLICATE_CONSOLIDATION,unanimity class as stored,,13,analytics.json,analytics.metrics.negotiation.unanimity_classes.DUPLICATE_CONSOLIDATION (as stored),no,"UNMEASURABLE: section absent in analytics metrics (older schema: council/agents only, no negotiation)"
shift2-fc2-seed1,m10_class_UNKNOWN,unanimity class as stored,4,13,analytics.json,analytics.metrics.negotiation.unanimity_classes.UNKNOWN (as stored),yes,
shift2-fc2-seed1,m11_position_changes,negotiation position changes,5,,analytics.json,analytics.metrics.negotiation.position_changes,yes,
shift2-fc2-seed1,m12_negotiated_convergence_count,negotiation converged count,0,,analytics.json,analytics.metrics.negotiation.negotiated_convergence_count,yes,
shift2-fc2-seed1,m13_minority_positions_maintained,minority votes maintained,10,,analytics.json,analytics.metrics.negotiation.minority_positions_maintained,yes,
shift2-fc2-seed1,m14_competing_alternatives,competing alternatives,2,,analytics.json,analytics.metrics.negotiation.competing_alternatives,yes,
shift2-fc2-seed1,m15_failed_votes,failed votes,2,13,analytics.json,analytics.metrics.negotiation.failed_votes,yes,
shift2-fc2-seed1,m16_withdrawn_motions,withdrawn motions,0,,analytics.json,analytics.metrics.negotiation.withdrawn_motions,yes,
shift2-fc2-seed1,m17_motions_withdrawn_after_opposition,withdrawn after opposition,0,,analytics.json,analytics.metrics.negotiation.motions_withdrawn_after_opposition,yes,
shift2-fc2-seed1,m18_deferred_motions,deferred motions,0,,analytics.json,analytics.metrics.negotiation.deferred_motions,yes,
shift2-fc2-seed1,m19_conditional_rate,council conditional vote rate,0.0,,analytics.json,analytics.metrics.council.conditional_rate,yes,
shift2-fc2-seed1,m20_abstention_rate,council abstention rate,0.015,,analytics.json,analytics.metrics.council.abstention_rate,yes,
shift2-fc2-seed1,m21_promises_made,agents promises made,7,,analytics.json,analytics.metrics.agents.promises_made,yes,
shift2-fc2-seed1,m22_promises_kept,agents promises kept,0,7,analytics.json,analytics.metrics.agents.promises_kept,yes,
shift2-fc2-seed1,m23_promises_broken,agents promises broken,1,7,analytics.json,analytics.metrics.agents.promises_broken,yes,
shift2-fc2-seed1,m24_persuasion_events,agents persuasion events,0,,analytics.json,analytics.metrics.agents.persuasion_events,yes,
shift2-fc2-seed1,m25_leaks,agents leaks,0,,analytics.json,analytics.metrics.agents.leaks,yes,
shift2-fc2-seed2,m01_motions,council motions tabled,13,,analytics.json,analytics.metrics.council.motions,yes,
shift2-fc2-seed2,m02_substantive,council substantive motions,13,,analytics.json,analytics.metrics.council.substantive,yes,
shift2-fc2-seed2,m03_votes_cast,negotiation votes held (denominator),13,,analytics.json,analytics.metrics.negotiation.votes_cast,yes,
shift2-fc2-seed2,m04_unanimous_votes,negotiation unanimous votes,3,13,analytics.json,analytics.metrics.negotiation.unanimous_votes,yes,
shift2-fc2-seed2,m05_final_vote_unanimity,unanimous_votes / votes_cast,0.231,13,analytics.json,analytics.metrics.negotiation.final_vote_unanimity,yes,
shift2-fc2-seed2,m06_class_INITIAL_CONSENSUS,unanimity class as stored,,13,analytics.json,analytics.metrics.negotiation.unanimity_classes.INITIAL_CONSENSUS (as stored),no,"UNMEASURABLE: section absent in analytics metrics (older schema: council/agents only, no negotiation)"
shift2-fc2-seed2,m07_class_NEGOTIATED_CONVERGENCE,unanimity class as stored,,13,analytics.json,analytics.metrics.negotiation.unanimity_classes.NEGOTIATED_CONVERGENCE (as stored),no,"UNMEASURABLE: section absent in analytics metrics (older schema: council/agents only, no negotiation)"
shift2-fc2-seed2,m08_class_CONDITIONAL_COMPROMISE,unanimity class as stored,,13,analytics.json,analytics.metrics.negotiation.unanimity_classes.CONDITIONAL_COMPROMISE (as stored),no,"UNMEASURABLE: section absent in analytics metrics (older schema: council/agents only, no negotiation)"
shift2-fc2-seed2,m09_class_DUPLICATE_CONSOLIDATION,unanimity class as stored,,13,analytics.json,analytics.metrics.negotiation.unanimity_classes.DUPLICATE_CONSOLIDATION (as stored),no,"UNMEASURABLE: section absent in analytics metrics (older schema: council/agents only, no negotiation)"
shift2-fc2-seed2,m10_class_UNKNOWN,unanimity class as stored,3,13,analytics.json,analytics.metrics.negotiation.unanimity_classes.UNKNOWN (as stored),yes,
shift2-fc2-seed2,m11_position_changes,negotiation position changes,5,,analytics.json,analytics.metrics.negotiation.position_changes,yes,
shift2-fc2-seed2,m12_negotiated_convergence_count,negotiation converged count,0,,analytics.json,analytics.metrics.negotiation.negotiated_convergence_count,yes,
shift2-fc2-seed2,m13_minority_positions_maintained,minority votes maintained,11,,analytics.json,analytics.metrics.negotiation.minority_positions_maintained,yes,
shift2-fc2-seed2,m14_competing_alternatives,competing alternatives,2,,analytics.json,analytics.metrics.negotiation.competing_alternatives,yes,
shift2-fc2-seed2,m15_failed_votes,failed votes,2,13,analytics.json,analytics.metrics.negotiation.failed_votes,yes,
shift2-fc2-seed2,m16_withdrawn_motions,withdrawn motions,0,,analytics.json,analytics.metrics.negotiation.withdrawn_motions,yes,
shift2-fc2-seed2,m17_motions_withdrawn_after_opposition,withdrawn after opposition,0,,analytics.json,analytics.metrics.negotiation.motions_withdrawn_after_opposition,yes,
shift2-fc2-seed2,m18_deferred_motions,deferred motions,0,,analytics.json,analytics.metrics.negotiation.deferred_motions,yes,
shift2-fc2-seed2,m19_conditional_rate,council conditional vote rate,0.0,,analytics.json,analytics.metrics.council.conditional_rate,yes,
shift2-fc2-seed2,m20_abstention_rate,council abstention rate,0.015,,analytics.json,analytics.metrics.council.abstention_rate,yes,
shift2-fc2-seed2,m21_promises_made,agents promises made,7,,analytics.json,analytics.metrics.agents.promises_made,yes,
shift2-fc2-seed2,m22_promises_kept,agents promises kept,0,7,analytics.json,analytics.metrics.agents.promises_kept,yes,
shift2-fc2-seed2,m23_promises_broken,agents promises broken,0,7,analytics.json,analytics.metrics.agents.promises_broken,yes,
shift2-fc2-seed2,m24_persuasion_events,agents persuasion events,0,,analytics.json,analytics.metrics.agents.persuasion_events,yes,
shift2-fc2-seed2,m25_leaks,agents leaks,0,,analytics.json,analytics.metrics.agents.leaks,yes,
shift2-learn-seed1,m01_motions,council motions tabled,15,,analytics.json,analytics.metrics.council.motions,yes,
shift2-learn-seed1,m02_substantive,council substantive motions,14,,analytics.json,analytics.metrics.council.substantive,yes,
shift2-learn-seed1,m03_votes_cast,negotiation votes held (denominator),14,,analytics.json,analytics.metrics.negotiation.votes_cast,yes,
shift2-learn-seed1,m04_unanimous_votes,negotiation unanimous votes,5,14,analytics.json,analytics.metrics.negotiation.unanimous_votes,yes,
shift2-learn-seed1,m05_final_vote_unanimity,unanimous_votes / votes_cast,0.357,14,analytics.json,analytics.metrics.negotiation.final_vote_unanimity,yes,
shift2-learn-seed1,m06_class_INITIAL_CONSENSUS,unanimity class as stored,,14,analytics.json,analytics.metrics.negotiation.unanimity_classes.INITIAL_CONSENSUS (as stored),no,"UNMEASURABLE: section absent in analytics metrics (older schema: council/agents only, no negotiation)"
shift2-learn-seed1,m07_class_NEGOTIATED_CONVERGENCE,unanimity class as stored,,14,analytics.json,analytics.metrics.negotiation.unanimity_classes.NEGOTIATED_CONVERGENCE (as stored),no,"UNMEASURABLE: section absent in analytics metrics (older schema: council/agents only, no negotiation)"
shift2-learn-seed1,m08_class_CONDITIONAL_COMPROMISE,unanimity class as stored,,14,analytics.json,analytics.metrics.negotiation.unanimity_classes.CONDITIONAL_COMPROMISE (as stored),no,"UNMEASURABLE: section absent in analytics metrics (older schema: council/agents only, no negotiation)"
shift2-learn-seed1,m09_class_DUPLICATE_CONSOLIDATION,unanimity class as stored,,14,analytics.json,analytics.metrics.negotiation.unanimity_classes.DUPLICATE_CONSOLIDATION (as stored),no,"UNMEASURABLE: section absent in analytics metrics (older schema: council/agents only, no negotiation)"
shift2-learn-seed1,m10_class_UNKNOWN,unanimity class as stored,5,14,analytics.json,analytics.metrics.negotiation.unanimity_classes.UNKNOWN (as stored),yes,
shift2-learn-seed1,m11_position_changes,negotiation position changes,5,,analytics.json,analytics.metrics.negotiation.position_changes,yes,
shift2-learn-seed1,m12_negotiated_convergence_count,negotiation converged count,0,,analytics.json,analytics.metrics.negotiation.negotiated_convergence_count,yes,
shift2-learn-seed1,m13_minority_positions_maintained,minority votes maintained,10,,analytics.json,analytics.metrics.negotiation.minority_positions_maintained,yes,
shift2-learn-seed1,m14_competing_alternatives,competing alternatives,2,,analytics.json,analytics.metrics.negotiation.competing_alternatives,yes,
shift2-learn-seed1,m15_failed_votes,failed votes,2,14,analytics.json,analytics.metrics.negotiation.failed_votes,yes,
shift2-learn-seed1,m16_withdrawn_motions,withdrawn motions,0,,analytics.json,analytics.metrics.negotiation.withdrawn_motions,yes,
shift2-learn-seed1,m17_motions_withdrawn_after_opposition,withdrawn after opposition,0,,analytics.json,analytics.metrics.negotiation.motions_withdrawn_after_opposition,yes,
shift2-learn-seed1,m18_deferred_motions,deferred motions,0,,analytics.json,analytics.metrics.negotiation.deferred_motions,yes,
shift2-learn-seed1,m19_conditional_rate,council conditional vote rate,0.0,,analytics.json,analytics.metrics.council.conditional_rate,yes,
shift2-learn-seed1,m20_abstention_rate,council abstention rate,0.015,,analytics.json,analytics.metrics.council.abstention_rate,yes,
shift2-learn-seed1,m21_promises_made,agents promises made,9,,analytics.json,analytics.metrics.agents.promises_made,yes,
shift2-learn-seed1,m22_promises_kept,agents promises kept,0,9,analytics.json,analytics.metrics.agents.promises_kept,yes,
shift2-learn-seed1,m23_promises_broken,agents promises broken,1,9,analytics.json,analytics.metrics.agents.promises_broken,yes,
shift2-learn-seed1,m24_persuasion_events,agents persuasion events,0,,analytics.json,analytics.metrics.agents.persuasion_events,yes,
shift2-learn-seed1,m25_leaks,agents leaks,0,,analytics.json,analytics.metrics.agents.leaks,yes,
shift2-long-seed1,m01_motions,council motions tabled,14,,analytics.json,analytics.metrics.council.motions,yes,
shift2-long-seed1,m02_substantive,council substantive motions,14,,analytics.json,analytics.metrics.council.substantive,yes,
shift2-long-seed1,m03_votes_cast,negotiation votes held (denominator),14,,analytics.json,analytics.metrics.negotiation.votes_cast,yes,
shift2-long-seed1,m04_unanimous_votes,negotiation unanimous votes,5,14,analytics.json,analytics.metrics.negotiation.unanimous_votes,yes,
shift2-long-seed1,m05_final_vote_unanimity,unanimous_votes / votes_cast,0.357,14,analytics.json,analytics.metrics.negotiation.final_vote_unanimity,yes,
shift2-long-seed1,m06_class_INITIAL_CONSENSUS,unanimity class as stored,,14,analytics.json,analytics.metrics.negotiation.unanimity_classes.INITIAL_CONSENSUS (as stored),no,"UNMEASURABLE: section absent in analytics metrics (older schema: council/agents only, no negotiation)"
shift2-long-seed1,m07_class_NEGOTIATED_CONVERGENCE,unanimity class as stored,1,14,analytics.json,analytics.metrics.negotiation.unanimity_classes.NEGOTIATED_CONVERGENCE (as stored),yes,
shift2-long-seed1,m08_class_CONDITIONAL_COMPROMISE,unanimity class as stored,,14,analytics.json,analytics.metrics.negotiation.unanimity_classes.CONDITIONAL_COMPROMISE (as stored),no,"UNMEASURABLE: section absent in analytics metrics (older schema: council/agents only, no negotiation)"
shift2-long-seed1,m09_class_DUPLICATE_CONSOLIDATION,unanimity class as stored,,14,analytics.json,analytics.metrics.negotiation.unanimity_classes.DUPLICATE_CONSOLIDATION (as stored),no,"UNMEASURABLE: section absent in analytics metrics (older schema: council/agents only, no negotiation)"
shift2-long-seed1,m10_class_UNKNOWN,unanimity class as stored,4,14,analytics.json,analytics.metrics.negotiation.unanimity_classes.UNKNOWN (as stored),yes,
shift2-long-seed1,m11_position_changes,negotiation position changes,5,,analytics.json,analytics.metrics.negotiation.position_changes,yes,
shift2-long-seed1,m12_negotiated_convergence_count,negotiation converged count,1,,analytics.json,analytics.metrics.negotiation.negotiated_convergence_count,yes,
shift2-long-seed1,m13_minority_positions_maintained,minority votes maintained,10,,analytics.json,analytics.metrics.negotiation.minority_positions_maintained,yes,
shift2-long-seed1,m14_competing_alternatives,competing alternatives,2,,analytics.json,analytics.metrics.negotiation.competing_alternatives,yes,
shift2-long-seed1,m15_failed_votes,failed votes,2,14,analytics.json,analytics.metrics.negotiation.failed_votes,yes,
shift2-long-seed1,m16_withdrawn_motions,withdrawn motions,0,,analytics.json,analytics.metrics.negotiation.withdrawn_motions,yes,
shift2-long-seed1,m17_motions_withdrawn_after_opposition,withdrawn after opposition,0,,analytics.json,analytics.metrics.negotiation.motions_withdrawn_after_opposition,yes,
shift2-long-seed1,m18_deferred_motions,deferred motions,0,,analytics.json,analytics.metrics.negotiation.deferred_motions,yes,
shift2-long-seed1,m19_conditional_rate,council conditional vote rate,0.0,,analytics.json,analytics.metrics.council.conditional_rate,yes,
shift2-long-seed1,m20_abstention_rate,council abstention rate,0.015,,analytics.json,analytics.metrics.council.abstention_rate,yes,
shift2-long-seed1,m21_promises_made,agents promises made,8,,analytics.json,analytics.metrics.agents.promises_made,yes,
shift2-long-seed1,m22_promises_kept,agents promises kept,0,8,analytics.json,analytics.metrics.agents.promises_kept,yes,
shift2-long-seed1,m23_promises_broken,agents promises broken,1,8,analytics.json,analytics.metrics.agents.promises_broken,yes,
shift2-long-seed1,m24_persuasion_events,agents persuasion events,0,,analytics.json,analytics.metrics.agents.persuasion_events,yes,
shift2-long-seed1,m25_leaks,agents leaks,0,,analytics.json,analytics.metrics.agents.leaks,yes,
shift2-long-seed2,m01_motions,council motions tabled,15,,analytics.json,analytics.metrics.council.motions,yes,
shift2-long-seed2,m02_substantive,council substantive motions,14,,analytics.json,analytics.metrics.council.substantive,yes,
shift2-long-seed2,m03_votes_cast,negotiation votes held (denominator),14,,analytics.json,analytics.metrics.negotiation.votes_cast,yes,
shift2-long-seed2,m04_unanimous_votes,negotiation unanimous votes,4,14,analytics.json,analytics.metrics.negotiation.unanimous_votes,yes,
shift2-long-seed2,m05_final_vote_unanimity,unanimous_votes / votes_cast,0.286,14,analytics.json,analytics.metrics.negotiation.final_vote_unanimity,yes,
shift2-long-seed2,m06_class_INITIAL_CONSENSUS,unanimity class as stored,,14,analytics.json,analytics.metrics.negotiation.unanimity_classes.INITIAL_CONSENSUS (as stored),no,"UNMEASURABLE: section absent in analytics metrics (older schema: council/agents only, no negotiation)"
shift2-long-seed2,m07_class_NEGOTIATED_CONVERGENCE,unanimity class as stored,,14,analytics.json,analytics.metrics.negotiation.unanimity_classes.NEGOTIATED_CONVERGENCE (as stored),no,"UNMEASURABLE: section absent in analytics metrics (older schema: council/agents only, no negotiation)"
shift2-long-seed2,m08_class_CONDITIONAL_COMPROMISE,unanimity class as stored,,14,analytics.json,analytics.metrics.negotiation.unanimity_classes.CONDITIONAL_COMPROMISE (as stored),no,"UNMEASURABLE: section absent in analytics metrics (older schema: council/agents only, no negotiation)"
shift2-long-seed2,m09_class_DUPLICATE_CONSOLIDATION,unanimity class as stored,,14,analytics.json,analytics.metrics.negotiation.unanimity_classes.DUPLICATE_CONSOLIDATION (as stored),no,"UNMEASURABLE: section absent in analytics metrics (older schema: council/agents only, no negotiation)"
shift2-long-seed2,m10_class_UNKNOWN,unanimity class as stored,4,14,analytics.json,analytics.metrics.negotiation.unanimity_classes.UNKNOWN (as stored),yes,
shift2-long-seed2,m11_position_changes,negotiation position changes,5,,analytics.json,analytics.metrics.negotiation.position_changes,yes,
shift2-long-seed2,m12_negotiated_convergence_count,negotiation converged count,0,,analytics.json,analytics.metrics.negotiation.negotiated_convergence_count,yes,
shift2-long-seed2,m13_minority_positions_maintained,minority votes maintained,11,,analytics.json,analytics.metrics.negotiation.minority_positions_maintained,yes,
shift2-long-seed2,m14_competing_alternatives,competing alternatives,2,,analytics.json,analytics.metrics.negotiation.competing_alternatives,yes,
shift2-long-seed2,m15_failed_votes,failed votes,2,14,analytics.json,analytics.metrics.negotiation.failed_votes,yes,
shift2-long-seed2,m16_withdrawn_motions,withdrawn motions,0,,analytics.json,analytics.metrics.negotiation.withdrawn_motions,yes,
shift2-long-seed2,m17_motions_withdrawn_after_opposition,withdrawn after opposition,0,,analytics.json,analytics.metrics.negotiation.motions_withdrawn_after_opposition,yes,
shift2-long-seed2,m18_deferred_motions,deferred motions,0,,analytics.json,analytics.metrics.negotiation.deferred_motions,yes,
shift2-long-seed2,m19_conditional_rate,council conditional vote rate,0.0,,analytics.json,analytics.metrics.council.conditional_rate,yes,
shift2-long-seed2,m20_abstention_rate,council abstention rate,0.015,,analytics.json,analytics.metrics.council.abstention_rate,yes,
shift2-long-seed2,m21_promises_made,agents promises made,9,,analytics.json,analytics.metrics.agents.promises_made,yes,
shift2-long-seed2,m22_promises_kept,agents promises kept,0,9,analytics.json,analytics.metrics.agents.promises_kept,yes,
shift2-long-seed2,m23_promises_broken,agents promises broken,0,9,analytics.json,analytics.metrics.agents.promises_broken,yes,
shift2-long-seed2,m24_persuasion_events,agents persuasion events,0,,analytics.json,analytics.metrics.agents.persuasion_events,yes,
shift2-long-seed2,m25_leaks,agents leaks,0,,analytics.json,analytics.metrics.agents.leaks,yes,
shift2-long-seed3,m01_motions,council motions tabled,15,,analytics.json,analytics.metrics.council.motions,yes,
shift2-long-seed3,m02_substantive,council substantive motions,14,,analytics.json,analytics.metrics.council.substantive,yes,
shift2-long-seed3,m03_votes_cast,negotiation votes held (denominator),14,,analytics.json,analytics.metrics.negotiation.votes_cast,yes,
shift2-long-seed3,m04_unanimous_votes,negotiation unanimous votes,4,14,analytics.json,analytics.metrics.negotiation.unanimous_votes,yes,
shift2-long-seed3,m05_final_vote_unanimity,unanimous_votes / votes_cast,0.286,14,analytics.json,analytics.metrics.negotiation.final_vote_unanimity,yes,
shift2-long-seed3,m06_class_INITIAL_CONSENSUS,unanimity class as stored,,14,analytics.json,analytics.metrics.negotiation.unanimity_classes.INITIAL_CONSENSUS (as stored),no,"UNMEASURABLE: section absent in analytics metrics (older schema: council/agents only, no negotiation)"
shift2-long-seed3,m07_class_NEGOTIATED_CONVERGENCE,unanimity class as stored,,14,analytics.json,analytics.metrics.negotiation.unanimity_classes.NEGOTIATED_CONVERGENCE (as stored),no,"UNMEASURABLE: section absent in analytics metrics (older schema: council/agents only, no negotiation)"
shift2-long-seed3,m08_class_CONDITIONAL_COMPROMISE,unanimity class as stored,,14,analytics.json,analytics.metrics.negotiation.unanimity_classes.CONDITIONAL_COMPROMISE (as stored),no,"UNMEASURABLE: section absent in analytics metrics (older schema: council/agents only, no negotiation)"
shift2-long-seed3,m09_class_DUPLICATE_CONSOLIDATION,unanimity class as stored,,14,analytics.json,analytics.metrics.negotiation.unanimity_classes.DUPLICATE_CONSOLIDATION (as stored),no,"UNMEASURABLE: section absent in analytics metrics (older schema: council/agents only, no negotiation)"
shift2-long-seed3,m10_class_UNKNOWN,unanimity class as stored,4,14,analytics.json,analytics.metrics.negotiation.unanimity_classes.UNKNOWN (as stored),yes,
shift2-long-seed3,m11_position_changes,negotiation position changes,5,,analytics.json,analytics.metrics.negotiation.position_changes,yes,
shift2-long-seed3,m12_negotiated_convergence_count,negotiation converged count,0,,analytics.json,analytics.metrics.negotiation.negotiated_convergence_count,yes,
shift2-long-seed3,m13_minority_positions_maintained,minority votes maintained,11,,analytics.json,analytics.metrics.negotiation.minority_positions_maintained,yes,
shift2-long-seed3,m14_competing_alternatives,competing alternatives,2,,analytics.json,analytics.metrics.negotiation.competing_alternatives,yes,
shift2-long-seed3,m15_failed_votes,failed votes,2,14,analytics.json,analytics.metrics.negotiation.failed_votes,yes,
shift2-long-seed3,m16_withdrawn_motions,withdrawn motions,0,,analytics.json,analytics.metrics.negotiation.withdrawn_motions,yes,
shift2-long-seed3,m17_motions_withdrawn_after_opposition,withdrawn after opposition,0,,analytics.json,analytics.metrics.negotiation.motions_withdrawn_after_opposition,yes,
shift2-long-seed3,m18_deferred_motions,deferred motions,0,,analytics.json,analytics.metrics.negotiation.deferred_motions,yes,
shift2-long-seed3,m19_conditional_rate,council conditional vote rate,0.0,,analytics.json,analytics.metrics.council.conditional_rate,yes,
shift2-long-seed3,m20_abstention_rate,council abstention rate,0.016,,analytics.json,analytics.metrics.council.abstention_rate,yes,
shift2-long-seed3,m21_promises_made,agents promises made,10,,analytics.json,analytics.metrics.agents.promises_made,yes,
shift2-long-seed3,m22_promises_kept,agents promises kept,0,10,analytics.json,analytics.metrics.agents.promises_kept,yes,
shift2-long-seed3,m23_promises_broken,agents promises broken,0,10,analytics.json,analytics.metrics.agents.promises_broken,yes,
shift2-long-seed3,m24_persuasion_events,agents persuasion events,0,,analytics.json,analytics.metrics.agents.persuasion_events,yes,
shift2-long-seed3,m25_leaks,agents leaks,0,,analytics.json,analytics.metrics.agents.leaks,yes,
shift2-mob-seed1,m01_motions,council motions tabled,9,,analytics.json,analytics.metrics.council.motions,yes,
shift2-mob-seed1,m02_substantive,council substantive motions,9,,analytics.json,analytics.metrics.council.substantive,yes,
shift2-mob-seed1,m03_votes_cast,negotiation votes held (denominator),9,,analytics.json,analytics.metrics.negotiation.votes_cast,yes,
shift2-mob-seed1,m04_unanimous_votes,negotiation unanimous votes,3,9,analytics.json,analytics.metrics.negotiation.unanimous_votes,yes,
shift2-mob-seed1,m05_final_vote_unanimity,unanimous_votes / votes_cast,0.333,9,analytics.json,analytics.metrics.negotiation.final_vote_unanimity,yes,
shift2-mob-seed1,m06_class_INITIAL_CONSENSUS,unanimity class as stored,,9,analytics.json,analytics.metrics.negotiation.unanimity_classes.INITIAL_CONSENSUS (as stored),no,"UNMEASURABLE: section absent in analytics metrics (older schema: council/agents only, no negotiation)"
shift2-mob-seed1,m07_class_NEGOTIATED_CONVERGENCE,unanimity class as stored,,9,analytics.json,analytics.metrics.negotiation.unanimity_classes.NEGOTIATED_CONVERGENCE (as stored),no,"UNMEASURABLE: section absent in analytics metrics (older schema: council/agents only, no negotiation)"
shift2-mob-seed1,m08_class_CONDITIONAL_COMPROMISE,unanimity class as stored,,9,analytics.json,analytics.metrics.negotiation.unanimity_classes.CONDITIONAL_COMPROMISE (as stored),no,"UNMEASURABLE: section absent in analytics metrics (older schema: council/agents only, no negotiation)"
shift2-mob-seed1,m09_class_DUPLICATE_CONSOLIDATION,unanimity class as stored,,9,analytics.json,analytics.metrics.negotiation.unanimity_classes.DUPLICATE_CONSOLIDATION (as stored),no,"UNMEASURABLE: section absent in analytics metrics (older schema: council/agents only, no negotiation)"
shift2-mob-seed1,m10_class_UNKNOWN,unanimity class as stored,3,9,analytics.json,analytics.metrics.negotiation.unanimity_classes.UNKNOWN (as stored),yes,
shift2-mob-seed1,m11_position_changes,negotiation position changes,2,,analytics.json,analytics.metrics.negotiation.position_changes,yes,
shift2-mob-seed1,m12_negotiated_convergence_count,negotiation converged count,0,,analytics.json,analytics.metrics.negotiation.negotiated_convergence_count,yes,
shift2-mob-seed1,m13_minority_positions_maintained,minority votes maintained,7,,analytics.json,analytics.metrics.negotiation.minority_positions_maintained,yes,
shift2-mob-seed1,m14_competing_alternatives,competing alternatives,0,,analytics.json,analytics.metrics.negotiation.competing_alternatives,yes,
shift2-mob-seed1,m15_failed_votes,failed votes,1,9,analytics.json,analytics.metrics.negotiation.failed_votes,yes,
shift2-mob-seed1,m16_withdrawn_motions,withdrawn motions,0,,analytics.json,analytics.metrics.negotiation.withdrawn_motions,yes,
shift2-mob-seed1,m17_motions_withdrawn_after_opposition,withdrawn after opposition,0,,analytics.json,analytics.metrics.negotiation.motions_withdrawn_after_opposition,yes,
shift2-mob-seed1,m18_deferred_motions,deferred motions,0,,analytics.json,analytics.metrics.negotiation.deferred_motions,yes,
shift2-mob-seed1,m19_conditional_rate,council conditional vote rate,0.0,,analytics.json,analytics.metrics.council.conditional_rate,yes,
shift2-mob-seed1,m20_abstention_rate,council abstention rate,0.0,,analytics.json,analytics.metrics.council.abstention_rate,yes,
shift2-mob-seed1,m21_promises_made,agents promises made,5,,analytics.json,analytics.metrics.agents.promises_made,yes,
shift2-mob-seed1,m22_promises_kept,agents promises kept,0,5,analytics.json,analytics.metrics.agents.promises_kept,yes,
shift2-mob-seed1,m23_promises_broken,agents promises broken,1,5,analytics.json,analytics.metrics.agents.promises_broken,yes,
shift2-mob-seed1,m24_persuasion_events,agents persuasion events,0,,analytics.json,analytics.metrics.agents.persuasion_events,yes,
shift2-mob-seed1,m25_leaks,agents leaks,0,,analytics.json,analytics.metrics.agents.leaks,yes,
test-scripted,m01_motions,council motions tabled,,,analytics.json,analytics.metrics.council.motions,no,UNMEASURABLE: no analytics.json in run dir
test-scripted,m02_substantive,council substantive motions,,,analytics.json,analytics.metrics.council.substantive,no,UNMEASURABLE: no analytics.json in run dir
test-scripted,m03_votes_cast,negotiation votes held (denominator),,,analytics.json,analytics.metrics.negotiation.votes_cast,no,UNMEASURABLE: no analytics.json in run dir
test-scripted,m04_unanimous_votes,negotiation unanimous votes,,,analytics.json,analytics.metrics.negotiation.unanimous_votes,no,UNMEASURABLE: no analytics.json in run dir
test-scripted,m05_final_vote_unanimity,unanimous_votes / votes_cast,,,analytics.json,analytics.metrics.negotiation.final_vote_unanimity,no,UNMEASURABLE: no analytics.json in run dir
test-scripted,m06_class_INITIAL_CONSENSUS,unanimity class as stored,,,analytics.json,analytics.metrics.negotiation.unanimity_classes.INITIAL_CONSENSUS (as stored),no,UNMEASURABLE: no analytics.json in run dir
test-scripted,m07_class_NEGOTIATED_CONVERGENCE,unanimity class as stored,,,analytics.json,analytics.metrics.negotiation.unanimity_classes.NEGOTIATED_CONVERGENCE (as stored),no,UNMEASURABLE: no analytics.json in run dir
test-scripted,m08_class_CONDITIONAL_COMPROMISE,unanimity class as stored,,,analytics.json,analytics.metrics.negotiation.unanimity_classes.CONDITIONAL_COMPROMISE (as stored),no,UNMEASURABLE: no analytics.json in run dir
test-scripted,m09_class_DUPLICATE_CONSOLIDATION,unanimity class as stored,,,analytics.json,analytics.metrics.negotiation.unanimity_classes.DUPLICATE_CONSOLIDATION (as stored),no,UNMEASURABLE: no analytics.json in run dir
test-scripted,m10_class_UNKNOWN,unanimity class as stored,,,analytics.json,analytics.metrics.negotiation.unanimity_classes.UNKNOWN (as stored),no,UNMEASURABLE: no analytics.json in run dir
test-scripted,m11_position_changes,negotiation position changes,,,analytics.json,analytics.metrics.negotiation.position_changes,no,UNMEASURABLE: no analytics.json in run dir
test-scripted,m12_negotiated_convergence_count,negotiation converged count,,,analytics.json,analytics.metrics.negotiation.negotiated_convergence_count,no,UNMEASURABLE: no analytics.json in run dir
test-scripted,m13_minority_positions_maintained,minority votes maintained,,,analytics.json,analytics.metrics.negotiation.minority_positions_maintained,no,UNMEASURABLE: no analytics.json in run dir
test-scripted,m14_competing_alternatives,competing alternatives,,,analytics.json,analytics.metrics.negotiation.competing_alternatives,no,UNMEASURABLE: no analytics.json in run dir
test-scripted,m15_failed_votes,failed votes,,,analytics.json,analytics.metrics.negotiation.failed_votes,no,UNMEASURABLE: no analytics.json in run dir
test-scripted,m16_withdrawn_motions,withdrawn motions,,,analytics.json,analytics.metrics.negotiation.withdrawn_motions,no,UNMEASURABLE: no analytics.json in run dir
test-scripted,m17_motions_withdrawn_after_opposition,withdrawn after opposition,,,analytics.json,analytics.metrics.negotiation.motions_withdrawn_after_opposition,no,UNMEASURABLE: no analytics.json in run dir
test-scripted,m18_deferred_motions,deferred motions,,,analytics.json,analytics.metrics.negotiation.deferred_motions,no,UNMEASURABLE: no analytics.json in run dir
test-scripted,m19_conditional_rate,council conditional vote rate,,,analytics.json,analytics.metrics.council.conditional_rate,no,UNMEASURABLE: no analytics.json in run dir
test-scripted,m20_abstention_rate,council abstention rate,,,analytics.json,analytics.metrics.council.abstention_rate,no,UNMEASURABLE: no analytics.json in run dir
test-scripted,m21_promises_made,agents promises made,,,analytics.json,analytics.metrics.agents.promises_made,no,UNMEASURABLE: no analytics.json in run dir
test-scripted,m22_promises_kept,agents promises kept,,,analytics.json,analytics.metrics.agents.promises_kept,no,UNMEASURABLE: no analytics.json in run dir
test-scripted,m23_promises_broken,agents promises broken,,,analytics.json,analytics.metrics.agents.promises_broken,no,UNMEASURABLE: no analytics.json in run dir
test-scripted,m24_persuasion_events,agents persuasion events,,,analytics.json,analytics.metrics.agents.persuasion_events,no,UNMEASURABLE: no analytics.json in run dir
test-scripted,m25_leaks,agents leaks,,,analytics.json,analytics.metrics.agents.leaks,no,UNMEASURABLE: no analytics.json in run dir
ui-visual-check,m01_motions,council motions tabled,,,analytics.json,analytics.metrics.council.motions,no,UNMEASURABLE: no analytics.json in run dir
ui-visual-check,m02_substantive,council substantive motions,,,analytics.json,analytics.metrics.council.substantive,no,UNMEASURABLE: no analytics.json in run dir
ui-visual-check,m03_votes_cast,negotiation votes held (denominator),,,analytics.json,analytics.metrics.negotiation.votes_cast,no,UNMEASURABLE: no analytics.json in run dir
ui-visual-check,m04_unanimous_votes,negotiation unanimous votes,,,analytics.json,analytics.metrics.negotiation.unanimous_votes,no,UNMEASURABLE: no analytics.json in run dir
ui-visual-check,m05_final_vote_unanimity,unanimous_votes / votes_cast,,,analytics.json,analytics.metrics.negotiation.final_vote_unanimity,no,UNMEASURABLE: no analytics.json in run dir
ui-visual-check,m06_class_INITIAL_CONSENSUS,unanimity class as stored,,,analytics.json,analytics.metrics.negotiation.unanimity_classes.INITIAL_CONSENSUS (as stored),no,UNMEASURABLE: no analytics.json in run dir
ui-visual-check,m07_class_NEGOTIATED_CONVERGENCE,unanimity class as stored,,,analytics.json,analytics.metrics.negotiation.unanimity_classes.NEGOTIATED_CONVERGENCE (as stored),no,UNMEASURABLE: no analytics.json in run dir
ui-visual-check,m08_class_CONDITIONAL_COMPROMISE,unanimity class as stored,,,analytics.json,analytics.metrics.negotiation.unanimity_classes.CONDITIONAL_COMPROMISE (as stored),no,UNMEASURABLE: no analytics.json in run dir
ui-visual-check,m09_class_DUPLICATE_CONSOLIDATION,unanimity class as stored,,,analytics.json,analytics.metrics.negotiation.unanimity_classes.DUPLICATE_CONSOLIDATION (as stored),no,UNMEASURABLE: no analytics.json in run dir
ui-visual-check,m10_class_UNKNOWN,unanimity class as stored,,,analytics.json,analytics.metrics.negotiation.unanimity_classes.UNKNOWN (as stored),no,UNMEASURABLE: no analytics.json in run dir
ui-visual-check,m11_position_changes,negotiation position changes,,,analytics.json,analytics.metrics.negotiation.position_changes,no,UNMEASURABLE: no analytics.json in run dir
ui-visual-check,m12_negotiated_convergence_count,negotiation converged count,,,analytics.json,analytics.metrics.negotiation.negotiated_convergence_count,no,UNMEASURABLE: no analytics.json in run dir
ui-visual-check,m13_minority_positions_maintained,minority votes maintained,,,analytics.json,analytics.metrics.negotiation.minority_positions_maintained,no,UNMEASURABLE: no analytics.json in run dir
ui-visual-check,m14_competing_alternatives,competing alternatives,,,analytics.json,analytics.metrics.negotiation.competing_alternatives,no,UNMEASURABLE: no analytics.json in run dir
ui-visual-check,m15_failed_votes,failed votes,,,analytics.json,analytics.metrics.negotiation.failed_votes,no,UNMEASURABLE: no analytics.json in run dir
ui-visual-check,m16_withdrawn_motions,withdrawn motions,,,analytics.json,analytics.metrics.negotiation.withdrawn_motions,no,UNMEASURABLE: no analytics.json in run dir
ui-visual-check,m17_motions_withdrawn_after_opposition,withdrawn after opposition,,,analytics.json,analytics.metrics.negotiation.motions_withdrawn_after_opposition,no,UNMEASURABLE: no analytics.json in run dir
ui-visual-check,m18_deferred_motions,deferred motions,,,analytics.json,analytics.metrics.negotiation.deferred_motions,no,UNMEASURABLE: no analytics.json in run dir
ui-visual-check,m19_conditional_rate,council conditional vote rate,,,analytics.json,analytics.metrics.council.conditional_rate,no,UNMEASURABLE: no analytics.json in run dir
ui-visual-check,m20_abstention_rate,council abstention rate,,,analytics.json,analytics.metrics.council.abstention_rate,no,UNMEASURABLE: no analytics.json in run dir
ui-visual-check,m21_promises_made,agents promises made,,,analytics.json,analytics.metrics.agents.promises_made,no,UNMEASURABLE: no analytics.json in run dir
ui-visual-check,m22_promises_kept,agents promises kept,,,analytics.json,analytics.metrics.agents.promises_kept,no,UNMEASURABLE: no analytics.json in run dir
ui-visual-check,m23_promises_broken,agents promises broken,,,analytics.json,analytics.metrics.agents.promises_broken,no,UNMEASURABLE: no analytics.json in run dir
ui-visual-check,m24_persuasion_events,agents persuasion events,,,analytics.json,analytics.metrics.agents.persuasion_events,no,UNMEASURABLE: no analytics.json in run dir
ui-visual-check,m25_leaks,agents leaks,,,analytics.json,analytics.metrics.agents.leaks,no,UNMEASURABLE: no analytics.json in run dir
